alpha_cc,alpha_Ia,g_cc,g_ratio,reduced_chi2
0.3,0.3,0.3,2.6,0.0006432633427603169
0.4,0.2,0.3,2.6,0.0007210527393331272
0.3,0.2,0.3,2.4,0.0007479090077631131
0.2,0.4,0.3,2.6,0.0008179062118145211
0.4,0.1,0.3,2.4,0.0008260108864488169
0.5,0.1,0.3,2.4,0.0009208228890246809
0.3,0.3,0.3,2.4,0.0009287040869419523
0.2,0.5,0.3,2.6,0.0009351371297338403
0.2,0.4,0.3,2.4,0.0009360362284237798
0.3,0.4,0.3,2.8,0.0009571929525876373
0.2,0.5,0.3,2.8,0.0009578683858145286
0.4,0.2,0.3,2.4,0.0009725519808701367
0.5,0.1,0.4,1.6,0.0009754736937387444
0.5,0.1,0.3,2.6,0.0009766083652471224
0.2,0.3,0.3,2.4,0.0010383077249519358
0.4,0.3,0.3,2.8,0.001103109552555804
0.4,0.1,0.3,2.2,0.001123810920607355
0.6,0.1,0.3,2.6,0.0011306324443860491
0.3,0.3,0.3,2.8,0.0011388061469533297
0.3,0.4,0.3,2.6,0.001141901832947544
0.4,0.2,0.4,1.6,0.0011419379007824562
0.3,0.2,0.3,2.2,0.0011655392392829547
0.6,0.1,0.4,1.6,0.0011742697319528923
0.5,0.2,0.4,1.8,0.0011946126825531091
0.4,0.3,0.4,1.6,0.0011956134930697906
0.5,0.2,0.4,1.6,0.0012332387285775386
0.5,0.2,0.3,2.8,0.0012349784279063517
0.3,0.2,0.3,2.6,0.0012575168353527236
0.5,0.2,0.3,2.6,0.0012699297162210238
0.3,0.1,0.3,2.2,0.0012850737169305068
0.4,0.3,0.4,1.8,0.001298599858078077
0.2,0.6,0.3,2.8,0.0012993879991325256
0.6,0.1,0.4,1.8,0.0013065107727651363
0.4,0.3,0.3,2.6,0.0013299558922570092
0.2,0.3,0.3,2.2,0.001334052687827354
0.4,0.4,0.4,1.8,0.001336651182854427
0.4,0.2,0.3,2.8,0.0013596635896506487
0.2,0.4,0.3,2.8,0.0013741144715248416
0.7,0.1,0.4,1.8,0.0013893245748129808
0.3,0.4,0.4,1.6,0.0014289378736615148
0.6,0.1,0.5,1.2,0.0014665575894203134
0.1,0.6,0.3,2.6,0.0014754637111176194
0.5,0.3,0.4,1.8,0.0014754696224341733
0.3,0.5,0.4,1.8,0.0014959723777361815
0.6,0.2,0.4,1.8,0.0015039587915414937
0.4,0.1,0.4,1.4,0.0015272319330527516
0.2,0.3,0.3,2.6,0.001543938813008234
0.2,0.5,0.3,2.4,0.001566572416586563
0.7,0.1,0.5,1.2,0.001579478779716874
0.1,0.7,0.3,2.8,0.0015812478402184047
0.4,0.1,0.3,2.6,0.001581480330943116
0.6,0.1,0.3,2.8,0.0015817754230833083
0.1,0.7,0.3,2.6,0.0015890695573833476
0.2,0.2,0.3,2.2,0.001638661343740483
0.6,0.2,0.5,1.2,0.001643672278787503
0.3,0.5,0.4,1.6,0.0016646934430567118
0.5,0.3,0.5,1.2,0.001675625433856807
0.5,0.1,0.5,1.0,0.001678780521671199
0.5,0.1,0.4,1.4,0.0016825938446983215
0.3,0.6,0.4,1.8,0.001683011014266283
0.7,0.1,0.3,2.8,0.0016841963073939005
0.1,0.5,0.3,2.4,0.0016912902350853622
0.1,0.6,0.3,2.4,0.0016924399326262154
0.4,0.2,0.4,1.4,0.0016997433067952993
0.2,0.6,0.3,2.6,0.0017145481914176647
0.6,0.1,0.3,2.4,0.0017687051579695714
0.3,0.3,0.4,1.6,0.0017699866459215414
0.3,0.5,0.3,2.8,0.001774748527833784
0.5,0.2,0.5,1.2,0.0017880243799529875
0.3,0.1,0.3,2.4,0.0017945908474661391
0.7,0.1,0.3,2.6,0.0018139079412280293
0.1,0.6,0.3,2.8,0.0018162778879088064
0.1,0.8,0.3,2.8,0.0018165676330894024
0.2,0.4,0.3,2.2,0.0018319506157022428
0.3,0.4,0.4,1.8,0.0018681868103454485
0.6,0.2,0.3,2.8,0.0018762359245606583
0.5,0.3,0.4,2.0,0.0018763388799958765
0.1,0.5,0.3,2.6,0.0018807701776805037
0.3,0.1,0.3,2.0,0.0018874964750756932
0.4,0.4,0.4,2.0,0.0018935893618580218
0.3,0.3,0.4,1.4,0.0019435509693326372
0.5,0.2,0.5,1.0,0.0019637348053214315
0.4,0.5,0.4,2.0,0.0019902080469757595
0.6,0.2,0.4,2.0,0.0020109120027146485
0.4,0.4,0.4,1.6,0.0020136311251987725
0.5,0.1,0.3,2.8,0.002024171817051899
0.3,0.6,0.4,2.0,0.0020244651345006784
0.5,0.1,0.3,2.2,0.0020336888203045436
0.6,0.1,0.5,1.0,0.0020415829633502747
0.4,0.1,0.4,1.6,0.002068630127311287
0.2,0.2,0.3,2.4,0.002070776527400236
0.3,0.4,0.3,2.4,0.002087957633420175
0.4,0.5,0.5,1.2,0.00210585472981905
0.1,0.8,0.3,2.6,0.0021076195061640888
0.4,0.5,0.4,1.8,0.002108737378292779
0.3,0.3,0.3,2.2,0.002119558582839717
0.4,0.4,0.5,1.2,0.002131013333361806
0.1,0.7,0.3,2.4,0.0021364998170648603
0.8,0.1,0.4,1.8,0.0021500295537934346
0.5,0.1,0.4,1.8,0.0021613452479270997
0.8,0.1,0.3,2.8,0.002161375732232537
0.1,0.5,0.3,2.2,0.0021636724650076922
0.2,0.2,0.3,2.0,0.00216819713389372
0.3,0.2,0.4,1.4,0.0021715903668083096
0.4,0.4,0.3,2.8,0.0021735418146644207
0.5,0.3,0.3,2.8,0.002179770274539448
0.4,0.2,0.4,1.8,0.002199627854369908
0.3,0.7,0.4,2.0,0.002213661778331301
0.4,0.3,0.5,1.0,0.0022230837838495623
0.5,0.4,0.5,1.2,0.002231923972011507
0.2,0.7,0.3,2.8,0.00223376724811665
0.8,0.1,0.5,1.4,0.0022563506039662527
0.1,0.4,0.3,2.2,0.002257984515603439
0.1,0.4,0.3,2.4,0.0022584681735183625
0.8,0.1,0.4,2.0,0.0022594446557338216
0.4,0.2,0.3,2.2,0.0022634461573341983
0.5,0.4,0.4,2.0,0.0022730474444571103
0.5,0.2,0.3,2.4,0.0022938426446057264
0.3,0.4,0.4,1.4,0.0022951378698726787
0.3,0.7,0.4,1.8,0.0022984856690815856
0.7,0.2,0.4,2.0,0.0023218463422538427
0.7,0.1,0.4,1.6,0.002325738725355533
0.7,0.2,0.5,1.4,0.002334631237778807
0.6,0.3,0.5,1.4,0.0023352938202007897
0.3,0.6,0.4,1.6,0.002339069019521652
0.2,0.8,0.4,1.8,0.002349199619710948
0.2,0.6,0.4,1.6,0.002362071078276592
0.7,0.1,0.4,2.0,0.0023638267417671307
0.5,0.4,0.5,1.4,0.0023657820289647
0.3,0.5,0.4,2.0,0.002367214719887822
0.2,0.7,0.4,1.8,0.002370989049078566
0.2,0.7,0.4,1.6,0.002383344509819391
0.6,0.3,0.4,2.0,0.0024138313600328577
0.1,0.9,0.3,2.8,0.002419376323958761
0.4,0.3,0.3,2.4,0.0024325939132685123
0.4,0.2,0.5,1.0,0.002433376782062425
0.6,0.2,0.5,1.4,0.002435115934205489
0.7,0.1,0.5,1.4,0.00246423073978536
0.4,0.6,0.5,1.2,0.0024659232536305836
0.4,0.4,0.5,1.0,0.002476095200459465
0.3,0.5,0.3,2.6,0.002522242521419733
0.5,0.3,0.4,1.6,0.002528633609589224
0.8,0.1,0.6,1.0,0.0025401007395930834
0.1,0.6,0.3,2.2,0.002549295395505559
0.3,0.2,0.3,2.8,0.002562625871860953
0.2,0.3,0.3,2.0,0.002563440836583656
0.6,0.2,0.3,2.6,0.0025826745248383465
0.2,0.9,0.4,1.8,0.002599850045696741
0.2,0.1,0.3,2.0,0.0026412047981412123
0.9,0.1,0.4,2.0,0.0026443992793657107
0.1,0.5,0.3,2.8,0.0026458449498378196
0.4,0.3,0.4,1.4,0.0026483298477178894
0.5,0.2,0.4,2.0,0.0026521179047796274
0.4,0.3,0.5,1.2,0.0026652788818503346
0.4,0.1,0.3,2.0,0.00266772747608031
0.3,0.2,0.3,2.0,0.0026705671130539173
0.4,0.6,0.5,1.4,0.0026730323214252095
0.7,0.2,0.6,1.0,0.002676034772798483
0.2,0.8,0.4,1.6,0.002676797835760139
0.4,0.3,0.4,2.0,0.0026810980938908554
0.6,0.2,0.4,1.6,0.0026838934388560033
0.2,0.5,0.4,1.6,0.002696140372843961
0.5,0.5,0.5,1.4,0.0026981860938450155
0.5,0.3,0.5,1.4,0.0027203608579564227
0.6,0.3,0.5,1.2,0.00273038434020243
0.2,0.3,0.3,2.8,0.0027414868597871946
0.2,0.6,0.4,1.8,0.0027443982781575585
0.5,0.4,0.4,1.8,0.002747552225832497
0.8,0.1,0.5,1.2,0.002761044743339008
0.2,0.6,0.3,2.4,0.0027622162070458913
0.5,0.1,0.5,1.2,0.0027676187040384997
0.4,0.6,0.4,2.0,0.002778326579540722
0.7,0.2,0.4,1.8,0.002782140821297397
0.2,0.9,0.4,2.0,0.002803280528740089
0.3,0.8,0.4,2.0,0.002812576955280742
0.9,0.1,0.5,1.4,0.0028138304789187326
0.7,0.1,0.6,1.0,0.0028303439011064975
0.2,0.8,0.4,2.0,0.0028317305159026246
0.8,0.1,0.3,2.6,0.002849540696987756
0.3,0.2,0.4,1.6,0.002853968950400808
0.5,0.3,0.5,1.0,0.002865207475013024
0.4,0.5,0.4,2.2,0.0028662431202063693
0.4,0.7,0.5,1.4,0.0028693282968553484
0.6,0.3,0.6,1.0,0.00286993053340414
0.4,0.5,0.5,1.4,0.002883249085892421
0.9,0.1,0.3,2.8,0.002884208034368147
0.2,0.5,0.4,1.4,0.002920093054022239
0.1,0.8,0.3,2.4,0.0029201965522080626
0.3,0.7,0.4,2.2,0.0029365858015531028
0.1,0.9,0.3,2.6,0.0029374782066486837
0.1,0.4,0.3,2.6,0.0029421561950083125
0.2,0.5,0.3,2.2,0.002949997370098373
0.3,0.3,0.4,1.8,0.0029569424743363954
0.2,0.1,0.3,2.2,0.002959320703905163
0.5,0.4,0.4,2.2,0.0029686493264320297
0.1,0.3,0.3,2.2,0.0029691979953550057
0.3,0.7,0.5,1.2,0.0029922887488098644
0.7,0.2,0.5,1.2,0.002996034526709264
0.2,0.7,0.3,2.6,0.0030031512892712037
0.3,0.8,0.5,1.2,0.0030041999906422192
0.2,0.6,0.4,1.4,0.0030297829662441515
0.6,0.3,0.4,1.8,0.0030383895956547263
0.7,0.2,0.3,2.8,0.003042884218311821
0.1,0.4,0.3,2.0,0.003050075043063302
0.4,0.1,0.4,1.2,0.0030691435905050375
0.4,0.5,0.5,1.0,0.003071377979950194
0.4,0.6,0.4,2.2,0.003072115895882817
0.3,0.5,0.4,1.4,0.0030827898026099714
0.5,0.2,0.4,1.4,0.0031105554997247855
0.4,0.7,0.5,1.2,0.003110823314226947
0.6,0.4,0.6,1.0,0.003127387110174178
0.4,0.4,0.3,2.6,0.0031278198181553954
0.7,0.1,0.3,2.4,0.003130554766371838
0.5,0.3,0.3,2.6,0.0031438819943943436
0.6,0.3,0.4,2.2,0.0031471031724149847
0.3,0.1,0.4,1.4,0.0031521386821151383
0.6,0.1,0.4,2.0,0.0031528781581173795
0.6,0.4,0.5,1.4,0.0031591644164059157
0.2,0.4,0.4,1.4,0.0031596116682074795
0.3,0.8,0.4,2.2,0.003165070073836788
0.2,0.9,0.4,1.6,0.0031756130383619177
0.6,0.1,0.4,1.4,0.00317784884243618
0.2,0.7,0.4,2.0,0.003201297890976019
0.3,0.9,0.5,1.2,0.003202538201596306
0.3,0.6,0.4,2.2,0.003206730966590758
0.1,0.3,0.3,2.0,0.0032125055508753146
0.3,0.6,0.5,1.2,0.0032256980388975873
0.4,0.1,0.3,2.8,0.0032329691842423397
0.3,0.2,0.4,1.2,0.0032336726635468173
0.3,0.8,0.4,1.8,0.003235169523461242
0.3,0.1,0.4,1.2,0.003242637706217263
0.3,0.6,0.5,1.0,0.003243466348607528
0.3,0.1,0.3,2.6,0.0032462374729414823
0.4,0.1,0.5,1.0,0.003255323181262583
0.6,0.2,0.6,1.0,0.003280302811223938
0.5,0.5,0.6,1.0,0.003282461593901662
0.3,0.5,0.5,1.0,0.00328753888070793
0.5,0.5,0.5,1.2,0.003289784730889022
0.1,0.7,0.3,2.2,0.003301842894391017
0.8,0.2,0.5,1.4,0.003309044127502936
0.8,0.2,0.4,2.0,0.003317547351178381
0.2,0.2,0.3,2.6,0.0033241963088412136
0.3,0.7,0.4,1.6,0.003338879428574492
0.9,0.1,0.6,1.0,0.0033509819647206595
0.4,0.8,0.5,1.4,0.003372317611773247
0.3,0.6,0.3,2.8,0.003378385199239895
0.9,0.1,0.4,1.8,0.0033812426874656057
0.5,0.6,0.6,1.0,0.0033874028155290864
0.3,0.4,0.4,2.0,0.0033890626967120556
0.1,0.5,0.3,2.0,0.0034016313616482474
0.7,0.2,0.4,2.2,0.0034028439987098423
0.2,0.7,0.4,1.4,0.003403022002361458
0.4,0.5,0.4,1.6,0.0034117344805442043
0.3,0.7,0.5,1.0,0.0034117823730517804
0.7,0.3,0.6,1.0,0.003426930921374822
0.4,0.6,0.4,1.8,0.0034402797010605066
0.7,0.3,0.5,1.4,0.0034534934709087427
0.4,0.4,0.4,2.2,0.0034811674568296313
0.5,0.3,0.4,2.2,0.0034815529611999666
0.3,0.9,0.5,1.4,0.00348742587347038
0.2,0.4,0.4,1.6,0.003488022209906798
0.2,0.1,0.3,1.8,0.003490675518082748
0.5,0.5,0.4,2.2,0.003542696252838197
0.1,0.3,0.3,2.4,0.003544458537281851
0.5,0.6,0.5,1.4,0.0035532972601135583
0.6,0.2,0.5,1.0,0.0035547042637932807
0.5,0.4,0.6,1.0,0.0035653663958252944
0.2,0.5,0.4,1.8,0.0035667405748480508
0.3,0.8,0.5,1.4,0.0035856239065019707
0.8,0.2,0.6,1.0,0.003590866344891254
0.8,0.2,0.4,2.2,0.0035944437331276954
0.5,0.5,0.4,2.0,0.0035995064980063477
0.3,0.4,0.5,1.0,0.003614709339862275
0.4,0.4,0.5,1.4,0.003622464309559816
0.2,0.8,0.3,2.8,0.0036224987530091425
0.2,0.4,0.3,2.0,0.0036303243695592724
0.2,0.9,0.4,2.2,0.003666350763653666
0.6,0.1,0.3,2.2,0.0036936624492362787
0.6,0.1,0.5,1.4,0.0037043372708128446
0.5,0.5,0.5,1.6,0.0037131453449935985
0.3,0.9,0.4,2.0,0.0037210730535131376
0.3,0.8,0.5,1.0,0.0037366366990551174
0.6,0.4,0.5,1.6,0.0037482007056859256
0.9,0.1,0.4,2.2,0.003764657257856654
0.3,0.5,0.5,1.2,0.003778218574464168
0.3,0.9,0.4,2.2,0.003779215704263085
0.5,0.7,0.6,1.0,0.0037808356305751066
0.7,0.3,0.4,2.2,0.003782582710371292
0.3,0.3,0.4,1.2,0.003785865378409678
0.3,0.1,0.3,1.8,0.0038115851327803056
0.2,0.2,0.3,1.8,0.003831337117428732
0.6,0.4,0.4,2.2,0.0038320655162631355
0.7,0.3,0.5,1.6,0.0038388440732294933
0.8,0.2,0.5,1.6,0.0038496439626445273
0.2,0.3,0.4,1.4,0.0038543116189772115
0.4,0.2,0.5,1.2,0.003859211518563065
0.6,0.5,0.6,1.0,0.003886979162493653
0.4,0.7,0.5,1.6,0.003895174171109902
0.6,0.2,0.4,2.2,0.0038994561360920113
0.7,0.1,0.5,1.0,0.00391043559092456
0.4,0.6,0.5,1.0,0.0039117687826367405
0.3,0.4,0.3,2.2,0.003912679590762463
0.4,0.7,0.4,2.2,0.003919481056909589
0.5,0.6,0.5,1.6,0.003921875919901439
0.7,0.3,0.4,2.0,0.003940151706287865
0.3,0.7,0.5,1.4,0.003948860700940605
0.5,0.2,0.5,1.4,0.003956350506675695
0.1,0.9,0.3,2.4,0.00395944802597936
0.4,0.8,0.5,1.2,0.003960376815705888
0.6,0.3,0.5,1.6,0.003964380653177958
0.2,0.8,0.4,1.4,0.003971324188682351
0.9,0.1,0.5,1.6,0.003988868057797537
0.4,0.8,0.5,1.6,0.003990941436324177
0.2,0.8,0.4,2.2,0.00399930281422395
0.2,0.6,0.4,2.0,0.004003136031076587
0.3,0.5,0.3,2.4,0.004007914349413979
0.6,0.3,0.3,2.8,0.0040351568596244634
0.1,0.2,0.3,2.0,0.004037212362700592
0.7,0.2,0.5,1.6,0.00406634971030544
0.8,0.1,0.4,2.2,0.004069274830696241
0.6,0.4,0.4,2.0,0.004072062417198546
0.4,0.9,0.6,1.0,0.004081776307391539
0.4,0.8,0.6,1.0,0.004084574527813995
0.4,0.7,0.4,2.0,0.0040944634137239505
0.4,0.9,0.5,1.4,0.004101755246453429
0.9,0.1,0.3,2.6,0.004103192426974102
0.3,0.5,0.4,2.2,0.004111794046730644
0.1,0.6,0.3,2.0,0.004144630900047485
0.8,0.1,0.4,1.6,0.004153544052595652
0.3,0.9,0.5,1.0,0.004174347567386481
0.4,0.6,0.4,2.4,0.0041781217740291575
0.3,0.8,0.4,2.4,0.00417934518357207
0.4,0.4,0.4,1.4,0.004181269465699124
0.5,0.4,0.5,1.6,0.004185629385022492
0.3,0.6,0.4,1.4,0.004189212251852603
0.4,0.6,0.5,1.6,0.0042112506185730675
0.5,0.4,0.5,1.0,0.004218115618605687
0.1,0.4,0.3,2.8,0.004218208881115569
0.2,0.4,0.4,1.2,0.0042208849453351256
0.4,0.2,0.4,1.2,0.004258613432982293
0.2,0.1,0.3,2.4,0.004261994633999129
0.9,0.2,0.4,2.2,0.004271590211745285
0.4,0.1,0.4,1.8,0.004276262582211079
0.4,0.7,0.6,1.0,0.004278856531836899
0.2,0.3,0.4,1.2,0.004297957881556247
0.4,0.5,0.3,2.8,0.0043083909295186535
0.3,0.3,0.5,1.0,0.0043135828904061245
0.1,0.8,0.3,2.2,0.004329195614357176
0.3,0.7,0.4,2.4,0.004347642628969505
0.5,0.3,0.6,1.0,0.004358901773024748
0.3,0.3,0.3,2.0,0.004366495557965088
0.6,0.2,0.3,2.4,0.004380033655040448
0.2,0.7,0.3,2.4,0.004382763427341035
0.5,0.8,0.6,1.0,0.0043835509523771935
0.4,0.9,0.5,1.6,0.004401854156693055
0.9,0.2,0.5,1.6,0.004404834234165157
0.3,0.9,0.4,1.8,0.004406397391075544
0.8,0.2,0.6,1.2,0.004408295014393647
0.7,0.2,0.3,2.6,0.004409254174635076
0.9,0.1,0.6,1.2,0.004414742490170204
0.1,0.3,0.3,1.8,0.004415235649173094
0.6,0.5,0.5,1.6,0.00443995893365691
0.5,0.5,0.4,2.4,0.004440816568346986
0.1,0.2,0.3,2.2,0.004461191772767677
0.2,0.5,0.4,1.2,0.0044731277760449275
0.3,0.9,0.4,2.4,0.004473149436151495
0.5,0.2,0.3,2.2,0.004475145301893856
0.7,0.3,0.6,1.2,0.0044841649744586255
0.6,0.4,0.5,1.2,0.004508000578228173
0.8,0.1,0.5,1.6,0.004512126604727529
0.4,0.7,0.4,2.4,0.004525468485956375
0.5,0.1,0.3,2.0,0.004533045217615555
0.2,0.6,0.3,2.2,0.004535041215006741
0.8,0.2,0.3,2.8,0.004548631792516566
0.4,0.3,0.3,2.2,0.004552068978257885
0.5,0.4,0.3,2.8,0.004553753280801707
0.6,0.1,0.6,1.0,0.0045555229580231255
0.3,0.8,0.4,1.6,0.004572790794312294
0.4,0.2,0.4,2.0,0.004575753725065623
0.3,0.6,0.3,2.6,0.0045835923453122875
0.4,0.5,0.4,2.4,0.004583846042474566
0.1,0.2,0.3,1.8,0.004604975575574381
0.6,0.5,0.6,1.2,0.004623506938991016
0.5,0.4,0.4,1.6,0.004624959781833284
0.5,0.4,0.4,2.4,0.004647979390311745
0.3,0.6,0.5,1.4,0.00465108402042332
0.5,0.7,0.5,1.6,0.00465360514387452
0.2,0.8,0.3,2.6,0.004673674022875928
0.2,0.9,0.4,1.4,0.0046805032224237165
0.6,0.5,0.5,1.4,0.0046926348561602
0.6,0.4,0.4,2.4,0.004701589189335505
0.5,0.6,0.5,1.2,0.004711102897209471
0.9,0.1,0.5,1.2,0.004722236314647558
0.4,0.6,0.6,1.0,0.004722847158922046
0.6,0.4,0.6,1.2,0.004724746893537933
0.1,0.9,0.4,1.6,0.004728652946059508
0.3,0.4,0.5,1.2,0.00474144363507339
0.2,0.7,0.4,2.2,0.004742914070897468
0.8,0.2,0.4,1.8,0.004746555954338862
0.3,0.4,0.4,1.2,0.00475337509457579
0.5,0.1,0.4,1.2,0.004766633065736043
0.1,0.4,0.3,1.8,0.004767781624346947
0.4,0.2,0.3,2.0,0.004775819877129458
0.9,0.2,0.6,1.2,0.0047785509730230834
0.9,0.2,0.4,2.0,0.0047837604539512826
0.5,0.5,0.4,1.8,0.0047855815223153235
0.3,0.9,0.5,1.6,0.004789242202943682
0.5,0.7,0.5,1.4,0.004794793160314649
0.7,0.4,0.6,1.2,0.004796302588561582
0.8,0.3,0.5,1.6,0.004800652040285157
0.2,0.2,0.4,1.2,0.004811252107463728
0.8,0.1,0.3,2.4,0.004821260133649084
0.1,0.3,0.3,2.6,0.00482273048687092
0.5,0.7,0.6,1.2,0.004829015082262756
0.7,0.4,0.5,1.6,0.004831882007886516
0.2,0.3,0.4,1.6,0.004862615499382546
0.7,0.4,0.6,1.0,0.004866124969077101
0.5,0.1,0.4,2.0,0.004872670719091876
0.3,0.1,0.4,1.6,0.0048774623657833645
0.7,0.1,0.4,2.2,0.0048823176693301796
0.2,0.3,0.3,1.8,0.0048879672971038676
0.7,0.3,0.4,2.4,0.00488844451376068
0.4,0.7,0.5,1.0,0.004920498571078142
0.8,0.3,0.6,1.2,0.004929056782927825
0.4,0.4,0.3,2.4,0.004937054707246433
0.3,0.2,0.4,1.8,0.0049485081340316095
0.4,0.9,0.5,1.2,0.004951468562546803
0.2,0.4,0.4,1.8,0.004956424408333876
0.2,0.6,0.4,1.2,0.00496881714532154
0.5,0.6,0.6,1.2,0.004972844678014401
0.5,0.6,0.4,2.2,0.004975608040845139
0.1,0.8,0.4,1.6,0.0050040328870885045
0.6,0.3,0.4,2.4,0.005011549397306783
0.6,0.6,0.6,1.0,0.00501199318340422
0.5,0.8,0.6,1.2,0.005013953489244205
0.4,0.3,0.5,1.4,0.0050388496701372736
0.1,0.9,0.4,1.8,0.005055250895288745
0.4,0.5,0.5,1.6,0.005057463826299396
0.9,0.2,0.5,1.4,0.005068712504880133
0.6,0.6,0.6,1.2,0.005074661975751896
0.5,0.3,0.3,2.4,0.005084127977041264
0.2,0.9,0.4,2.4,0.0050923531610076005
0.3,0.6,0.4,2.4,0.005103160756150596
0.8,0.3,0.4,2.2,0.0051114389568866336
0.4,0.3,0.4,2.2,0.005125465010559691
0.7,0.2,0.4,1.6,0.005131026066432915
0.5,0.9,0.6,1.0,0.005133312736923137
0.2,0.2,0.4,1.4,0.005133776014335751
0.7,0.2,0.6,1.2,0.005133828209910986
0.8,0.1,0.6,1.2,0.005177625807191274
0.1,0.7,0.3,2.0,0.005179110241008676
0.4,0.7,0.4,1.8,0.0051852913424750785
0.2,0.5,0.3,2.0,0.005203084895150336
0.1,0.9,0.4,1.4,0.005227078715458053
0.3,0.8,0.5,1.6,0.0052290623145111
0.5,0.6,0.4,2.4,0.005229223302879402
0.4,0.6,0.4,1.6,0.005235660553889195
0.4,0.8,0.4,2.2,0.005256805602573295
0.1,0.8,0.4,1.4,0.005260910293944898
0.3,0.3,0.4,2.0,0.005264630040444718
0.8,0.2,0.4,2.4,0.005271781967550169
0.2,0.2,0.3,2.8,0.005283169219322317
0.9,0.2,0.4,2.4,0.005291691365190459
0.6,0.3,0.4,1.6,0.005306659400038271
0.6,0.2,0.5,1.6,0.0053253028227116216
0.5,0.2,0.4,2.2,0.005338727821514415
0.2,0.5,0.4,2.0,0.005348071940958263
0.2,0.9,0.3,2.8,0.005350950836706497
0.5,0.3,0.4,1.4,0.0053539426748961845
0.7,0.3,0.5,1.2,0.005382084847034799
0.2,0.9,0.5,1.0,0.005393655194647594
0.5,0.9,0.6,1.2,0.0054451350304934795
0.8,0.3,0.4,2.4,0.005458731955788234
0.3,0.2,0.3,1.8,0.00545979641475814
0.4,0.8,0.4,2.4,0.00546040391213474
0.8,0.2,0.5,1.2,0.005476981441411661
0.1,0.7,0.4,1.4,0.005480421741918872
0.4,0.5,0.6,1.0,0.005489600738681618
0.3,0.2,0.5,1.0,0.0054939751655200516
0.1,0.1,0.3,1.8,0.005495950315479731
0.3,0.1,0.3,2.8,0.005501017120093731
0.3,0.7,0.4,1.4,0.005520082954372392
0.1,0.7,0.4,1.6,0.00552555598998701
0.5,0.3,0.5,1.6,0.005526450301394275
0.1,0.5,0.3,1.8,0.005531155798672498
0.5,0.6,0.5,1.8,0.005535416788004317
0.6,0.3,0.6,1.2,0.005546055992895282
0.5,0.5,0.6,1.2,0.00554793321078616
0.7,0.4,0.5,1.4,0.005555467417079076
0.1,0.9,0.3,2.2,0.0055571259008910965
0.2,0.9,0.5,1.2,0.005564846350249769
0.2,0.8,0.5,1.0,0.005574384741420609
0.3,0.7,0.3,2.8,0.005584570998700223
0.4,0.8,0.5,1.8,0.005599713431827483
0.1,0.8,0.4,1.8,0.005601771747160927
0.8,0.3,0.6,1.0,0.005604201209144367
0.7,0.3,0.4,1.8,0.005618475013736267
0.3,0.1,0.4,1.0,0.005624463846523061
0.6,0.4,0.4,1.8,0.005634191413333328
0.4,0.9,0.6,1.2,0.005639447237210295
0.2,0.7,0.4,1.2,0.005639797576447317
0.5,0.6,0.4,2.0,0.005643352255708371
0.4,0.9,0.5,1.8,0.005647157465676373
0.7,0.1,0.4,1.4,0.005654031383211794
0.9,0.2,0.6,1.0,0.005669011466507833
0.6,0.5,0.4,2.2,0.00567900402505904
0.6,0.5,0.5,1.8,0.005681590053272576
0.4,0.1,0.3,1.8,0.005696945454233421
0.5,0.7,0.5,1.8,0.005698633170707353
0.1,0.1,0.3,2.0,0.005701206408388872
0.6,0.3,0.5,1.0,0.005702402163543795
0.8,0.3,0.5,1.4,0.005706593287611423
0.7,0.4,0.4,2.2,0.005708841317595292
0.6,0.5,0.4,2.4,0.005713618603892333
0.3,0.9,0.4,2.6,0.005714604925157795
0.1,0.2,0.3,2.4,0.0057275150730433195
0.2,0.1,0.3,1.6,0.005735689334201326
0.6,0.3,0.3,2.6,0.005741606263320832
0.7,0.4,0.4,2.4,0.005747143313944007
0.2,0.8,0.4,2.4,0.005750707632456516
0.7,0.2,0.4,2.4,0.005753292475047074
0.3,0.8,0.4,2.6,0.005762538905245948
0.5,0.8,0.5,1.6,0.005776851414941838
0.3,0.5,0.5,1.4,0.005783502031252817
0.7,0.1,0.5,1.6,0.005798698998765201
0.4,0.7,0.4,2.6,0.0058019612025196855
0.4,0.8,0.4,2.0,0.005802269193052383
0.5,0.2,0.6,1.0,0.005812493796919816
0.3,0.4,0.4,2.2,0.005813967203147923
0.6,0.6,0.5,1.6,0.005833413926440486
0.7,0.5,0.6,1.2,0.005852908980025135
0.7,0.1,0.3,2.2,0.0058534833024043624
0.4,0.5,0.3,2.6,0.00586303172056866
0.7,0.4,0.5,1.8,0.005885678633664849
0.5,0.5,0.5,1.0,0.005887218463634451
0.2,0.1,0.4,1.2,0.005892205613339097
0.4,0.1,0.5,1.2,0.0058929477741926075
0.6,0.4,0.5,1.8,0.005894471554983356
0.2,0.7,0.5,1.0,0.0059110448643514306
0.4,0.4,0.4,2.4,0.005936194325118605
0.1,0.6,0.4,1.4,0.005937331763553927
0.6,0.7,0.6,1.2,0.005938731723411599
0.6,0.2,0.4,1.4,0.005944617682816582
0.4,0.7,0.5,1.8,0.00595810789985554
0.3,0.9,0.4,1.6,0.005968175664939252
0.8,0.3,0.5,1.8,0.005969857775637702
0.4,0.6,0.4,2.6,0.005979010441825814
0.2,0.6,0.4,2.2,0.0059998504141596486
0.4,0.8,0.6,1.2,0.006002341593433214
0.4,0.3,0.4,1.2,0.006012982816448945
0.3,0.7,0.5,1.6,0.00601556201705756
0.3,0.5,0.4,1.2,0.006017665781349925
0.2,0.8,0.5,1.2,0.0060290680976359135
0.5,0.5,0.5,1.8,0.006031004849297039
0.4,0.8,0.5,1.0,0.0060378738216341175
0.7,0.3,0.5,1.8,0.0060593212256509115
0.1,0.9,0.4,2.0,0.006072166740634627
0.5,0.3,0.4,2.4,0.006092291192078523
0.9,0.2,0.5,1.8,0.006100162409317942
0.4,0.5,0.4,1.4,0.00613818434752978
0.5,0.5,0.4,2.6,0.006151972289327303
0.8,0.3,0.4,2.0,0.006164594034580765
0.3,0.3,0.5,1.2,0.006227909501150866
0.9,0.2,0.3,2.8,0.00625170640439851
0.5,0.6,0.4,2.6,0.006271106032978851
0.5,0.1,0.5,1.4,0.006299743917666372
0.5,0.4,0.3,2.6,0.006301240620555971
0.4,0.8,0.4,2.6,0.0063088705265806864
0.5,0.8,0.5,1.4,0.006311558233200542
0.2,0.8,0.3,2.4,0.006312823006264358
0.9,0.2,0.7,1.0,0.006321571368639153
0.6,0.6,0.5,1.8,0.006340318806581794
0.3,0.5,0.3,2.2,0.006342339269278918
0.3,0.7,0.4,2.6,0.006348865797452357
0.1,0.2,0.3,1.6,0.006349241280075245
0.1,0.6,0.4,1.6,0.006356005727063431
0.5,0.8,0.5,1.8,0.006370589567488851
0.2,0.2,0.4,1.0,0.00637824551615016
0.5,0.7,0.5,1.2,0.006383899699933975
0.6,0.1,0.4,2.2,0.006389407883813068
0.9,0.1,0.4,2.4,0.0063894691350750345
0.6,0.7,0.6,1.0,0.006391773408782563
0.2,0.1,0.3,2.6,0.006400492331091052
0.7,0.3,0.3,2.8,0.0064069250350121685
0.1,0.8,0.3,2.0,0.006424529528542759
0.2,0.8,0.4,1.2,0.006432594698046658
0.9,0.1,0.4,1.6,0.006435222234046484
0.2,0.6,0.5,1.0,0.006446419611339709
0.1,0.7,0.4,1.8,0.006456849138130534
0.2,0.7,0.3,2.2,0.006460547673036833
0.8,0.3,0.7,1.0,0.006464553219628745
0.8,0.4,0.6,1.2,0.006472127975618611
0.3,0.2,0.4,1.0,0.0064778010387130875
0.2,0.4,0.3,1.8,0.006482984529935203
0.3,0.6,0.3,2.4,0.006501633234326515
0.8,0.2,0.5,1.8,0.006503059468504938
0.1,0.7,0.4,1.2,0.0065077737727114214
0.1,0.1,0.3,1.6,0.006508471859604626
0.6,0.4,0.4,2.6,0.006508867638835696
0.9,0.3,0.4,2.4,0.006510964688273846
0.9,0.3,0.6,1.2,0.006528684736107944
0.2,0.3,0.4,1.0,0.00654215341455482
0.1,0.8,0.4,1.2,0.006551033917868306
0.8,0.2,0.3,2.6,0.006554922198390401
0.9,0.3,0.5,1.6,0.006556607532416742
0.4,0.4,0.5,1.6,0.006576596578548011
0.3,0.5,0.4,2.4,0.006595301574067098
0.1,0.6,0.3,1.8,0.006598125737396621
0.2,0.1,0.4,1.0,0.006609231548834891
0.2,0.9,0.3,2.6,0.006621812911716205
0.1,0.6,0.4,1.2,0.006633348016782474
0.4,0.7,0.6,1.2,0.006648706071455968
0.9,0.3,0.5,1.8,0.006660436064561863
0.6,0.5,0.4,2.6,0.0066658392301678785
0.4,0.4,0.6,1.0,0.0066699243664911706
0.5,0.4,0.6,1.2,0.006679822279361805
0.7,0.5,0.7,1.0,0.006693187815723907
0.1,0.5,0.4,1.4,0.006695845380425764
0.9,0.1,0.3,2.4,0.006700006241655843
0.1,0.3,0.3,2.8,0.00670823432051054
0.7,0.4,0.7,1.0,0.006716292609229212
0.2,0.7,0.5,1.2,0.00671931871365836
0.1,0.9,0.4,1.2,0.006722509749262789
0.6,0.5,0.4,2.0,0.0067233291607447345
0.1,0.3,0.3,1.6,0.006751093667046919
0.6,0.6,0.5,1.4,0.006752830840758843
0.7,0.2,0.5,1.0,0.006755762675026656
0.3,0.4,0.3,2.0,0.0067576702857128235
0.7,0.5,0.5,1.6,0.006789199833639659
0.6,0.5,0.5,1.2,0.006790269410254008
0.5,0.7,0.4,2.4,0.006800501402890382
0.7,0.5,0.6,1.0,0.006809125528560286
0.7,0.4,0.4,2.6,0.00683443720660689
0.4,0.6,0.5,1.8,0.006834628736588092
0.2,0.2,0.3,1.6,0.006841277103021136
0.4,0.9,0.4,2.4,0.006843763913314702
0.2,0.9,0.5,1.4,0.006851435312464729
0.6,0.7,0.7,1.0,0.006857166934387861
0.7,0.5,0.5,1.8,0.006880274830530776
0.8,0.4,0.7,1.0,0.006886196786927192
0.2,0.7,0.4,2.4,0.006889578230541526
0.9,0.1,0.7,1.0,0.006891101778745224
0.9,0.3,0.4,2.2,0.006910956322563854
0.8,0.1,0.5,1.0,0.006913597147112223
0.1,0.8,0.4,2.0,0.006914069067701564
0.7,0.4,0.4,2.0,0.006914217365788726
0.1,0.1,0.2,2.8,0.0069173297507153985
0.3,0.9,0.5,1.8,0.0069246850215116664
0.1,0.1,0.3,2.2,0.0069273898572306675
0.6,0.2,0.4,2.4,0.006929281294554445
0.4,0.9,0.4,2.2,0.006958161816053383
0.6,0.6,0.6,1.4,0.006961379802046663
0.8,0.2,0.7,1.0,0.006962376488271718
0.3,0.9,0.6,1.0,0.00696431756857113
0.7,0.2,0.3,2.4,0.006970171794076756
0.2,0.2,0.4,1.6,0.006970382161769112
0.6,0.6,0.7,1.0,0.006971378443613815
0.8,0.3,0.4,2.6,0.006975300043368256
0.1,0.5,0.4,1.2,0.0069788497357457764
0.8,0.4,0.5,1.8,0.006982116402961059
0.9,0.3,0.7,1.0,0.006993564891796654
0.7,0.1,0.6,1.2,0.006994003103906221
0.2,0.4,0.4,1.0,0.006996997690646579
0.3,0.8,0.4,1.4,0.007000739764033237
0.2,0.9,0.4,2.6,0.007002082630684181
0.4,0.5,0.4,2.6,0.007018268413167779
0.6,0.8,0.7,1.0,0.007048626816152992
0.7,0.3,0.4,2.6,0.007051991387114851
0.2,0.3,0.4,1.8,0.007055959421550138
0.5,0.8,0.6,1.4,0.0070570775153748445
0.8,0.4,0.5,1.6,0.007065348788668771
0.5,0.7,0.4,2.2,0.007068962320438343
0.7,0.4,0.6,1.4,0.007086171532897285
0.5,0.9,0.6,1.4,0.0070958780191695435
0.6,0.8,0.6,1.2,0.007101770347976602
0.8,0.3,0.6,1.4,0.007103874128355921
0.7,0.5,0.6,1.4,0.007133736800044938
0.2,0.6,0.3,2.0,0.007144327573571444
0.6,0.1,0.3,2.0,0.007150075776103231
0.2,0.1,0.4,1.4,0.007154488273929819
0.3,0.7,0.3,2.6,0.007154868799590423
0.5,0.4,0.4,2.6,0.007159980690088499
0.9,0.2,0.4,1.8,0.0071688883215584665
0.5,0.9,0.5,1.6,0.007184199357802226
0.7,0.6,0.7,1.0,0.0071901173213314755
0.6,0.3,0.5,1.8,0.007204819938630631
0.6,0.7,0.6,1.4,0.007206535493349248
0.4,0.9,0.5,1.0,0.007218240841241461
0.4,0.8,0.4,1.8,0.007223868320534193
0.2,0.5,0.5,1.0,0.007234009884406424
0.3,0.6,0.5,1.6,0.00723729826946025
0.4,0.1,0.4,1.0,0.0072510153028235705
0.9,0.2,0.6,1.4,0.007252926427584299
0.8,0.1,0.4,2.4,0.00726138307265728
0.5,0.2,0.4,1.2,0.007273657626041318
0.4,0.6,0.3,2.8,0.007274057050179064
0.6,0.2,0.6,1.2,0.0072853681199595705
0.6,0.5,0.6,1.4,0.0072896446895024175
0.3,0.1,0.5,1.0,0.007290382898752572
0.5,0.7,0.4,2.6,0.007292141684679814
0.9,0.3,0.6,1.4,0.007292584857444031
0.2,0.9,0.4,1.2,0.007305735546369526
0.4,0.2,0.5,1.4,0.00730899362633707
0.5,0.5,0.4,1.6,0.007317723895243262
0.3,0.1,0.3,1.6,0.00731959478384121
0.8,0.4,0.6,1.4,0.007326503446083101
0.4,0.9,0.4,2.6,0.007348247799812561
0.4,0.7,0.4,1.6,0.007358648286564788
0.5,0.4,0.5,1.8,0.007363089445420643
0.5,0.7,0.6,1.4,0.007368967003412714
0.2,0.4,0.4,2.0,0.0073694954697488225
0.9,0.3,0.4,2.6,0.007393185008679983
0.5,0.6,0.4,1.8,0.007395433479004894
0.7,0.3,0.7,1.0,0.0074235405610463025
0.5,0.9,0.5,1.8,0.007426640269271328
0.3,0.9,0.4,2.8,0.007430433179012218
0.6,0.2,0.3,2.2,0.007457348444197016
0.3,0.4,0.5,1.4,0.007457554002130266
0.6,0.9,0.7,1.0,0.007466372686975722
0.7,0.6,0.6,1.2,0.007467819700582353
0.3,0.6,0.4,1.2,0.007484016470074881
0.6,0.5,0.7,1.0,0.007490460536944317
0.8,0.4,0.4,2.4,0.007497541094653776
0.5,0.9,0.7,1.0,0.00751972502740902
0.9,0.1,0.5,1.8,0.0075239098368264186
0.1,0.5,0.4,1.6,0.00757248714120932
0.1,0.4,0.3,1.6,0.007574848634474482
0.9,0.2,0.4,2.6,0.007576494111953859
0.3,0.8,0.6,1.0,0.007588523708160167
0.1,0.4,0.4,1.2,0.00760816234214568
0.3,0.6,0.4,2.6,0.0076101641136753434
0.2,0.8,0.5,1.4,0.007643602291466116
0.4,0.6,0.6,1.2,0.007654606183059485
0.4,0.7,0.4,2.8,0.007657524628287913
0.2,0.5,0.4,1.0,0.00766010089650524
0.1,0.9,0.4,2.2,0.007672100272131657
0.7,0.2,0.5,1.8,0.007674129807343315
0.6,0.7,0.5,1.8,0.007674443562299079
0.4,0.9,0.5,2.0,0.007677898380478136
0.2,0.6,0.5,1.2,0.00769177200523649
0.1,0.6,0.4,1.8,0.007694148602581629
0.3,0.3,0.4,1.0,0.0077006300845858825
0.1,0.2,0.3,2.6,0.007713958504207977
0.4,0.8,0.4,2.8,0.007715854403912544
0.5,0.7,0.5,2.0,0.007725738413438419
0.4,0.4,0.3,2.2,0.007734093402618039
0.3,0.8,0.5,1.8,0.007741842524215773
0.6,0.4,0.3,2.8,0.007741960150538367
0.6,0.7,0.5,1.6,0.00775239952426719
0.5,0.6,0.5,1.0,0.0077639372283274544
0.6,0.6,0.4,2.4,0.007787391461714013
0.4,0.9,0.4,2.0,0.007789970704569241
0.1,0.9,0.3,2.0,0.007816774938932618
0.6,0.3,0.4,2.6,0.00782513132505729
0.4,0.1,0.4,2.0,0.007831267815970709
0.1,0.4,0.4,1.4,0.007835195854711804
0.3,0.8,0.4,2.8,0.007837722050740648
0.3,0.3,0.3,1.8,0.007853887828342787
0.4,0.3,0.3,2.0,0.007859618046697733
0.8,0.4,0.4,2.6,0.007861340640580574
0.6,0.1,0.4,1.2,0.007876642898083402
0.5,0.8,0.7,1.0,0.00788013866512525
0.1,0.7,0.3,1.8,0.007882371625604855
0.6,0.8,0.6,1.4,0.007887396173389332
0.2,0.5,0.4,2.2,0.00789375818637098
0.5,0.8,0.5,2.0,0.00790184444753254
0.6,0.8,0.6,1.0,0.007938485184733524
0.7,0.6,0.6,1.4,0.007944345505344107
0.5,0.2,0.5,1.6,0.007953080256394825
0.5,0.6,0.4,2.8,0.00799141167056224
0.2,0.8,0.4,2.6,0.00800304844402684
0.8,0.5,0.7,1.0,0.008013495395473844
0.7,0.3,0.6,1.4,0.008014567439071418
0.5,0.9,0.5,1.4,0.008014636157368485
0.5,0.2,0.3,2.0,0.008020048645611174
0.6,0.6,0.5,2.0,0.008022439638716076
0.6,0.6,0.4,2.6,0.008025555635373587
0.4,0.8,0.5,2.0,0.00802956683377984
0.7,0.5,0.4,2.4,0.008029638606149915
0.4,0.2,0.4,2.2,0.00803761989344581
0.3,0.1,0.4,1.8,0.008060032708545647
0.7,0.7,0.7,1.0,0.008071170655268814
0.5,0.5,0.3,2.8,0.0080761384271786
0.6,0.1,0.5,1.6,0.008097766290072264
0.5,0.1,0.6,1.0,0.008105115641720622
0.8,0.2,0.4,2.6,0.008108353586167986
0.1,0.7,0.4,2.0,0.00812812208635689
0.5,0.6,0.6,1.4,0.008133425965446979
0.6,0.5,0.5,2.0,0.008146514660943802
0.5,0.3,0.3,2.2,0.0081599183653537
0.4,0.4,0.4,1.2,0.008169085516293388
0.5,0.6,0.5,2.0,0.008174960056934041
0.8,0.2,0.6,1.4,0.008179014470017853
0.3,0.2,0.4,2.0,0.008198032465247423
0.7,0.5,0.4,2.6,0.008198827425911093
0.5,0.4,0.4,1.4,0.008200173383188914
0.5,0.8,0.5,1.2,0.00821910567897379
0.5,0.7,0.4,2.0,0.008222355580588493
0.3,0.8,0.3,2.8,0.008238025203895468
0.4,0.5,0.3,2.4,0.008247063155053021
0.8,0.2,0.4,1.6,0.008274075973026235
0.8,0.4,0.4,2.2,0.008298649193338782
0.6,0.4,0.5,1.0,0.008300161016005454
0.8,0.1,0.3,2.2,0.008318102930554454
0.2,0.4,0.5,1.0,0.008340384100984673
0.8,0.4,0.6,1.0,0.008342299019413319
0.6,0.4,0.6,1.4,0.008356220427014269
0.4,0.5,0.5,1.8,0.008364731071660133
0.7,0.5,0.5,2.0,0.008366705660696312
0.4,0.9,0.6,1.4,0.008371672515279609
0.3,0.2,0.5,1.2,0.008374347593952442
0.4,0.3,0.6,1.0,0.008375537191425485
0.4,0.6,0.4,2.8,0.008377845254401894
0.7,0.4,0.5,2.0,0.008379636049085553
0.4,0.6,0.4,1.4,0.008387504336520458
0.4,0.9,0.4,2.8,0.008389901194641758
0.6,0.5,0.4,2.8,0.008403250712770826
0.7,0.5,0.5,1.4,0.008405785226294465
0.6,0.6,0.4,2.2,0.008440044578316083
0.5,0.7,0.4,2.8,0.008440601671672446
0.3,0.7,0.6,1.0,0.008442952158584373
0.4,0.3,0.4,2.4,0.008457778257391245
0.2,0.9,0.3,2.4,0.008458877109102344
0.2,0.6,0.4,1.0,0.00846656358759068
0.2,0.5,0.3,1.8,0.008468866783290155
0.6,0.9,0.6,1.2,0.008472361499935547
0.7,0.4,0.5,1.2,0.008497761385286517
0.3,0.3,0.4,2.2,0.008503510697187333
0.5,0.7,0.7,1.0,0.008505768370033051
0.2,0.3,0.3,1.6,0.008507156144539882
0.5,0.3,0.6,1.2,0.008520076865899378
0.8,0.4,0.5,2.0,0.00852754140964295
0.6,0.3,0.3,2.4,0.008529084861936924
0.6,0.4,0.7,1.0,0.00853656196433923
0.5,0.5,0.4,2.8,0.008559435702568367
0.5,0.9,0.5,2.0,0.008562698112348659
0.3,0.9,0.4,1.4,0.008573022308044936
0.8,0.5,0.6,1.4,0.008585122544057988
0.1,0.3,0.4,1.2,0.008600639809040472
0.9,0.3,0.5,2.0,0.0086178671818533
0.2,0.6,0.4,2.4,0.008622641183462492
0.2,0.8,0.3,2.2,0.00862364581934034
0.8,0.1,0.7,1.0,0.008625055287314415
0.9,0.4,0.7,1.0,0.008642500275541108
0.7,0.1,0.4,2.4,0.008660039355685963
0.1,0.5,0.4,1.0,0.008688446954981945
0.5,0.1,0.3,1.8,0.008690357622527203
0.1,0.6,0.4,1.0,0.008697614324853201
0.1,0.5,0.3,1.6,0.0087071096173223
0.6,0.7,0.5,2.0,0.00871991348268117
0.9,0.4,0.6,1.4,0.008725179793112098
0.4,0.2,0.3,1.8,0.008734214339348366
0.2,0.7,0.5,1.4,0.00873571193902599
0.9,0.2,0.5,1.2,0.008773552712127522
0.9,0.3,0.5,1.4,0.00878120052850625
0.6,0.4,0.4,1.6,0.00878495534077357
0.7,0.6,0.5,1.8,0.008797856850165204
0.8,0.3,0.5,2.0,0.008798011789889119
0.8,0.5,0.6,1.2,0.008799918359964696
0.7,0.4,0.4,2.8,0.008812252306707015
0.8,0.1,0.4,1.4,0.008814668959079626
0.5,0.1,0.4,2.2,0.008825262846805971
0.1,0.8,0.4,2.2,0.008829281710291322
0.1,0.7,0.4,1.0,0.008849714530038248
0.7,0.3,0.3,2.6,0.008850093878393885
0.9,0.3,0.4,2.0,0.008851132413332689
0.3,0.7,0.4,2.8,0.008859166151006515
0.1,0.4,0.4,1.0,0.008870544749629452
0.9,0.2,0.3,2.6,0.008871036718950268
0.4,0.7,0.5,2.0,0.008878501898852469
0.9,0.4,0.5,1.8,0.008884803916266533
0.7,0.5,0.4,2.2,0.008890167646036316
0.6,0.9,0.6,1.4,0.008890904668085401
0.8,0.1,0.5,1.8,0.008892420184944879
0.8,0.3,0.4,1.8,0.008908753533009111
0.9,0.1,0.6,1.4,0.008909363809714604
0.4,0.3,0.5,1.6,0.00893856587482881
0.5,0.8,0.4,2.4,0.008970830007952664
0.1,0.1,0.3,1.4,0.008986439295072961
0.3,0.7,0.5,1.8,0.008988937318251445
0.3,0.4,0.4,2.4,0.00900004276846413
0.3,0.5,0.5,1.6,0.009002084267296859
0.5,0.4,0.3,2.4,0.009003951840324154
0.7,0.2,0.7,1.0,0.00900936901242698
0.2,0.5,0.5,1.2,0.009015733443856295
0.1,0.1,0.3,2.4,0.009015918174414047
0.5,0.8,0.4,2.6,0.009018248870892146
0.9,0.3,0.6,1.0,0.00902534309068916
0.6,0.6,0.4,2.8,0.00903002965029791
0.2,0.9,0.5,1.6,0.009037795954848164
0.5,0.2,0.4,2.4,0.009043192712202322
0.6,0.5,0.4,1.8,0.00904530283555433
0.1,0.2,0.2,2.8,0.009059117884395692
0.3,0.7,0.4,1.2,0.009078018654129013
0.8,0.3,0.3,2.8,0.009089156434857045
0.7,0.6,0.6,1.0,0.009102348581701575
0.1,0.8,0.4,1.0,0.009106728545201481
0.6,0.4,0.4,2.8,0.009113593508193357
0.4,0.5,0.6,1.2,0.009113761423410392
0.4,0.4,0.4,2.6,0.009126075232192776
0.7,0.3,0.4,1.6,0.009143752570991575
0.4,0.8,0.6,1.4,0.009152681629998643
0.7,0.2,0.4,2.6,0.009157401415509353
0.8,0.4,0.5,1.4,0.009165194373902237
0.3,0.4,0.4,1.0,0.009177522775650345
0.6,0.7,0.5,1.4,0.009186703169618489
0.8,0.4,0.4,2.8,0.009211968603053575
0.7,0.8,0.7,1.0,0.009225911626382767
0.3,0.6,0.3,2.2,0.009236812900787523
0.8,0.3,0.5,1.2,0.009241132052663916
0.7,0.5,0.4,2.8,0.009247871790341613
0.8,0.5,0.5,1.8,0.009250845702134147
0.2,0.1,0.3,2.8,0.009252663853421399
0.1,0.4,0.4,1.6,0.009269114857618244
0.1,0.3,0.4,1.0,0.009304937070985456
0.6,0.4,0.5,2.0,0.009305615833937025
0.4,0.6,0.3,2.6,0.009314025659217965
0.1,0.8,0.3,1.8,0.009315300801691047
0.2,0.1,0.2,2.8,0.009319797846629084
0.4,0.2,0.4,1.0,0.009328872909223903
0.2,0.9,0.4,2.8,0.009329960728792153
0.7,0.7,0.6,1.4,0.009335100580576575
0.2,0.7,0.3,2.0,0.0093420739269656
0.9,0.3,0.4,2.8,0.009350779169589055
0.2,0.7,0.4,1.0,0.009366098352680314
0.9,0.4,0.4,2.6,0.009367917545778873
0.9,0.4,0.6,1.2,0.0093795739156534
0.1,0.5,0.4,1.8,0.009403307584805969
0.3,0.7,0.3,2.4,0.009411588181865552
0.5,0.5,0.5,2.0,0.00941638990156877
0.6,0.6,0.5,1.2,0.00942189478912909
0.1,0.9,0.4,1.0,0.009438947689355522
0.1,0.3,0.4,1.4,0.009452506030943079
0.7,0.6,0.5,2.0,0.009453138987690821
0.4,0.9,0.4,1.8,0.009459288953382492
0.9,0.4,0.5,2.0,0.009465933267176034
0.5,0.6,0.7,1.0,0.009469793720365724
0.5,0.5,0.6,1.4,0.009474600420725877
0.8,0.3,0.4,2.8,0.009474932594576935
0.7,0.6,0.5,1.6,0.009484274262899543
0.7,0.7,0.6,1.2,0.009484806341754644
0.1,0.2,0.3,1.4,0.00950158209409487
0.6,0.8,0.5,1.8,0.009516717213118009
0.5,0.3,0.4,2.6,0.009548247402966477
0.2,0.7,0.4,2.6,0.009554289722240608
0.3,0.6,0.6,1.0,0.009583290670491289
0.6,0.9,0.6,1.0,0.00958380192296275
0.6,0.3,0.4,1.4,0.009584636004778505
0.3,0.9,0.6,1.2,0.009603520937534783
0.7,0.4,0.4,1.8,0.009605193399891732
0.9,0.2,0.5,2.0,0.009651794981491171
0.5,0.8,0.4,2.2,0.00965341033266219
0.3,0.5,0.3,2.0,0.009658652739762569
0.8,0.6,0.7,1.0,0.00966393982064851
0.2,0.1,0.3,1.4,0.009664108482761695
0.4,0.8,0.4,1.6,0.009678483265096002
0.5,0.8,0.4,2.8,0.009698514124495645
0.3,0.5,0.4,2.6,0.009708020358354942
0.8,0.5,0.5,2.0,0.009715447201516906
0.9,0.4,0.4,2.4,0.009720109364391945
0.5,0.3,0.5,1.8,0.00973854515374167
0.3,0.9,0.5,2.0,0.009750818336471729
0.7,0.3,0.5,2.0,0.009752248010913228
0.5,0.7,0.5,1.0,0.009762896324441373
0.1,0.9,0.4,2.4,0.00976834299522308
0.3,0.2,0.3,1.6,0.009778013913929557
0.1,0.6,0.4,2.0,0.009798594797101939
0.3,0.3,0.5,1.4,0.009807979994702034
0.7,0.2,0.4,1.4,0.009819480794933211
0.5,0.9,0.6,1.6,0.009821380274007448
0.2,0.3,0.5,1.0,0.009847890670320715
0.6,0.7,0.6,1.6,0.009848961844289962
0.8,0.2,0.3,2.4,0.009859538905547074
0.6,0.2,0.5,1.8,0.009867799432465582
0.7,0.6,0.7,1.2,0.009934467037218427
0.6,0.9,0.7,1.2,0.009969983667353
0.6,0.8,0.6,1.6,0.00997478169638609
0.2,0.1,0.4,1.6,0.009990295701118599
0.6,0.8,0.7,1.2,0.009993320231413477
0.1,0.1,0.2,2.6,0.009997978574836095
0.9,0.3,0.7,1.2,0.010019260734826552
0.2,0.2,0.4,1.8,0.010034828936351787
0.8,0.5,0.7,1.2,0.010041510070723174
0.6,0.8,0.5,1.6,0.01004939240439774
0.1,0.2,0.4,1.2,0.010054133953356834
0.6,0.8,0.5,2.0,0.010054222827607663
0.1,0.6,0.3,1.6,0.010056785901669422
0.8,0.4,0.7,1.2,0.010065454920168072
0.4,0.5,0.4,2.8,0.010066719715719869
0.1,0.2,0.4,1.0,0.010068132777708549
0.3,0.8,0.3,2.6,0.01009286737552677
0.7,0.6,0.6,1.6,0.010095774506305302
0.9,0.4,0.4,2.8,0.010100646773107897
0.7,0.3,0.4,2.8,0.010106765270559917
0.7,0.7,0.7,1.2,0.010116123138979005
0.9,0.4,0.5,1.6,0.010131791320526176
0.6,0.6,0.4,2.0,0.010134618858224274
0.5,0.9,0.5,1.2,0.010147267231749068
0.9,0.4,0.7,1.2,0.010155006254008277
0.7,0.2,0.6,1.4,0.010162029490470249
0.6,0.1,0.6,1.2,0.010172118057409313
0.7,0.5,0.6,1.6,0.010174397870210496
0.2,0.8,0.5,1.6,0.010193037653790118
0.2,0.6,0.5,1.4,0.010197242543618956
0.5,0.8,0.5,2.2,0.010218999412362375
0.2,0.3,0.4,2.0,0.010226174682424715
0.5,0.8,0.6,1.6,0.010231355617822926
0.9,0.1,0.4,2.6,0.010244186016044116
0.7,0.1,0.3,2.0,0.010255391044182431
0.6,0.3,0.7,1.0,0.010257810509545537
0.7,0.3,0.5,1.0,0.010270405620818678
0.8,0.4,0.6,1.6,0.010293812010620334
0.6,0.4,0.3,2.6,0.010296280031817526
0.6,0.6,0.6,1.6,0.010296541753189005
0.4,0.7,0.6,1.4,0.010313341487745415
0.1,0.2,0.3,2.8,0.010319499181879594
0.2,0.8,0.4,1.0,0.010320257702863862
0.7,0.5,0.7,1.2,0.010323529869802662
0.6,0.7,0.4,2.6,0.010343634063487957
0.4,0.6,0.5,2.0,0.010351627171311018
0.6,0.3,0.6,1.4,0.010355118609281757
0.6,0.7,0.7,1.2,0.010363154017984426
0.5,0.3,0.4,1.2,0.010363516275083876
0.4,0.9,0.5,2.2,0.01036723124248355
0.8,0.5,0.5,1.6,0.010368981139613135
0.5,0.4,0.4,2.8,0.010380899855784628
0.8,0.5,0.6,1.6,0.010397591843123003
0.5,0.7,0.4,1.8,0.010413168049544624
0.1,0.7,0.4,2.2,0.010422817389335327
0.5,0.6,0.4,1.6,0.010433850762484015
0.1,0.3,0.3,1.4,0.010437186498097708
0.5,0.9,0.5,2.2,0.010449901339443273
0.8,0.5,0.4,2.6,0.010452125878839402
0.5,0.5,0.3,2.6,0.01047077008886637
0.9,0.4,0.6,1.6,0.010483650593981828
0.8,0.4,0.4,2.0,0.010484322074642628
0.4,0.1,0.3,1.6,0.010511960370455955
0.9,0.3,0.6,1.6,0.010538542863167072
0.6,0.9,0.6,1.6,0.010541040245566041
0.7,0.9,0.7,1.0,0.010566312650856663
0.2,0.4,0.4,2.2,0.010572023157808511
0.5,0.7,0.5,2.2,0.010573084253104768
0.2,0.4,0.3,1.6,0.010577018904934881
0.4,0.5,0.4,1.2,0.010593697552517599
0.3,0.8,0.6,1.2,0.010624744868102819
0.4,0.1,0.5,1.4,0.01064010216306392
0.3,0.6,0.4,2.8,0.010642117306645684
0.8,0.6,0.6,1.4,0.010647018882633325
0.6,0.6,0.5,2.2,0.010681558198427098
0.2,0.8,0.4,2.8,0.010687697055197147
0.6,0.7,0.4,2.4,0.010690305374408404
0.6,0.7,0.5,2.2,0.010704298308667388
0.4,0.4,0.5,1.8,0.010709641203733092
0.2,0.6,0.3,1.8,0.010725200395656356
0.7,0.8,0.7,1.2,0.010729804841449506
0.9,0.1,0.5,1.0,0.010734364709416501
0.6,0.7,0.4,2.8,0.010739499133681961
0.3,0.8,0.4,1.2,0.010742243142872759
0.4,0.2,0.6,1.0,0.010742338972618953
0.6,0.1,0.4,2.4,0.010763162351413948
0.3,0.6,0.5,1.8,0.010768523473655926
0.7,0.7,0.6,1.6,0.010772155676352976
0.2,0.4,0.5,1.2,0.010776249497111338
0.8,0.6,0.7,1.2,0.010779748966972431
0.3,0.4,0.3,1.8,0.010795641339152194
0.8,0.5,0.4,2.8,0.01080568913686236
0.3,0.5,0.4,1.0,0.010817235126604164
0.4,0.7,0.4,1.4,0.010823412646334518
0.8,0.2,0.5,2.0,0.010826118430631675
0.8,0.1,0.6,1.4,0.010840782563232315
0.1,0.9,0.3,1.8,0.010843109239759386
0.7,0.6,0.4,2.6,0.010859176392636899
0.5,0.5,0.7,1.0,0.010862874451458853
0.4,0.7,0.3,2.8,0.010866646072923536
0.5,0.1,0.4,1.0,0.010878413620170405
0.6,0.2,0.4,2.6,0.010908681301616601
0.9,0.2,0.4,2.8,0.010912985016277696
0.7,0.2,0.3,2.2,0.010936501289450923
0.9,0.1,0.3,2.2,0.010938635513569868
0.2,0.9,0.3,2.2,0.01094203615096472
0.7,0.5,0.4,2.0,0.01096354289860777
0.3,0.8,0.5,2.0,0.010973669555259512
0.7,0.5,0.5,2.2,0.011004000452260817
0.7,0.1,0.5,1.8,0.011028289978566922
0.9,0.5,0.7,1.0,0.011034266738535093
0.8,0.3,0.7,1.2,0.011065933388369004
0.8,0.5,0.4,2.4,0.011077698100235287
0.3,0.5,0.6,1.0,0.011078323036535501
0.2,0.5,0.4,2.4,0.011085644286052233
0.5,0.7,0.6,1.6,0.011098951178833444
0.7,0.6,0.4,2.8,0.01112099374042268
0.4,0.4,0.6,1.2,0.011140536745437189
0.4,0.8,0.5,2.2,0.0111463168069144
0.7,0.8,0.6,1.4,0.011151975379872392
0.8,0.2,0.5,1.0,0.01117367193507744
0.6,0.6,0.7,1.2,0.011181817166277128
0.5,0.8,0.4,2.0,0.011183208897015988
0.9,0.2,0.7,1.2,0.011183509712151436
0.6,0.5,0.5,1.0,0.011195426344341088
0.3,0.9,0.3,2.8,0.011209689138710992
0.4,0.9,0.7,1.0,0.011212638470765762
0.7,0.4,0.6,1.6,0.011213398616262547
0.7,0.6,0.5,2.2,0.01122286949209678
0.5,0.2,0.6,1.2,0.011248922398636995
0.5,0.9,0.7,1.2,0.011252229507741044
0.1,0.1,0.4,1.0,0.011255290975805547
0.1,0.8,0.4,2.4,0.011257149780870676
0.9,0.5,0.6,1.4,0.011271460434676693
0.5,0.9,0.4,2.6,0.011280557352406614
0.2,0.9,0.4,1.0,0.011300069382996481
0.9,0.5,0.7,1.2,0.01132782167772724
0.3,0.1,0.5,1.2,0.01134487137222603
0.9,0.4,0.4,2.2,0.011356109871241674
0.8,0.4,0.5,2.2,0.011401640278453444
0.7,0.7,0.5,2.0,0.011406114691601356
0.7,0.7,0.5,1.8,0.011422296460419768
0.3,0.4,0.5,1.6,0.01143990536672472
0.6,0.3,0.4,2.8,0.01143997860470809
0.7,0.4,0.7,1.2,0.011449451893834211
0.7,0.4,0.3,2.8,0.011451828387557745
0.7,0.6,0.4,2.4,0.011458420548131733
0.8,0.3,0.6,1.6,0.011460608387766793
0.2,0.2,0.3,1.4,0.011465976612307208
0.5,0.5,0.4,1.4,0.011469336100469883
0.6,0.5,0.6,1.6,0.011476514848076174
0.8,0.5,0.5,2.2,0.011482554597267132
0.6,0.8,0.5,2.2,0.011489926838341812
0.8,0.6,0.6,1.6,0.01151881296706243
0.9,0.4,0.5,2.2,0.011533671174778468
0.5,0.4,0.6,1.4,0.011541714102201367
0.1,0.7,0.3,1.6,0.011551715437707532
0.1,0.3,0.4,1.6,0.01155995528970029
0.5,0.9,0.4,2.4,0.011584308623382401
0.5,0.9,0.4,2.8,0.01158442221449905
0.4,0.5,0.3,2.2,0.011585417166037087
0.8,0.1,0.4,2.6,0.011586573838757407
0.8,0.5,0.6,1.0,0.011599906840797982
0.7,0.7,0.6,1.0,0.011620763550037772
0.6,0.5,0.5,2.2,0.011621799757260593
0.5,0.4,0.5,2.0,0.01164491870694029
0.7,0.9,0.7,1.2,0.01166179360561386
0.1,0.2,0.4,1.4,0.011665914745793633
0.5,0.6,0.5,2.2,0.011667376098306695
0.1,0.4,0.3,1.4,0.011675538311186109
0.4,0.4,0.3,2.0,0.011679600544272598
0.8,0.7,0.7,1.0,0.011685021574840948
0.1,0.4,0.4,1.8,0.01169269902810887
0.7,0.1,0.7,1.0,0.011699844402602216
0.8,0.6,0.6,1.2,0.011705971545952073
0.2,0.8,0.3,2.0,0.011706584318089823
0.5,0.1,0.5,1.6,0.011713865510159188
0.2,0.7,0.5,1.6,0.011724398270600232
0.6,0.9,0.5,1.8,0.011727306202830749
0.6,0.3,0.5,2.0,0.011741952737667326
0.4,0.3,0.4,1.0,0.011757922570193544
0.7,0.8,0.6,1.2,0.011775499109271751
0.2,0.6,0.4,2.6,0.011779970873686924
0.9,0.5,0.6,1.6,0.011791422648115862
0.7,0.6,0.5,1.4,0.01180102797197517
0.6,0.2,0.4,1.2,0.011803606975292395
0.5,0.8,0.5,1.0,0.011818429922735199
0.1,0.1,0.3,2.6,0.011837528615217557
0.2,0.2,0.5,1.0,0.011857709189801648
0.9,0.2,0.4,1.6,0.011867592346495617
0.6,0.9,0.5,2.0,0.011868496563519222
0.6,0.8,0.5,1.4,0.011868825209567587
0.9,0.5,0.5,2.0,0.011886235984016627
0.6,0.7,0.4,2.2,0.011896342702740932
0.8,0.2,0.4,2.8,0.01191121914386209
0.9,0.3,0.3,2.8,0.011923855837977084
0.4,0.6,0.6,1.4,0.01194694985964411
0.2,0.9,0.5,1.8,0.011959340108131846
0.3,0.7,0.6,1.2,0.011962876939510647
0.9,0.4,0.8,1.0,0.011973460062186046
0.7,0.1,0.4,1.2,0.012017445443865793
0.1,0.3,0.2,2.8,0.012020966594802153
0.7,0.8,0.6,1.6,0.01202713843003825
0.1,0.5,0.4,2.0,0.012027194800791816
0.4,0.9,0.6,1.6,0.012043273414304924
0.6,0.2,0.3,2.0,0.012047038857994822
0.7,0.4,0.5,2.2,0.012051570300587528
0.9,0.3,0.5,2.2,0.01206743166264691
0.8,0.6,0.5,2.0,0.012084627578058374
0.5,0.8,0.7,1.2,0.012086731237696598
0.1,0.1,0.4,1.2,0.012088311625150906
0.1,0.9,0.5,1.0,0.012089725981673379
0.8,0.7,0.7,1.2,0.012095927713898228
0.7,0.8,0.8,1.0,0.012106244303755646
0.8,0.6,0.8,1.0,0.012110358111622076
0.2,0.5,0.5,1.4,0.012112959202228948
0.4,0.9,0.4,1.6,0.012114325055943393
0.7,0.5,0.5,1.2,0.012135739441656862
0.8,0.5,0.8,1.0,0.012152151463271577
0.4,0.6,0.3,2.4,0.012154687855594266
0.4,0.8,0.7,1.0,0.012215791819502156
0.7,0.7,0.8,1.0,0.012241722484272001
0.9,0.2,0.6,1.6,0.01225026898943877
0.8,0.3,0.3,2.6,0.012253408172135556
0.7,0.9,0.8,1.0,0.012275081472589334
0.6,0.7,0.5,1.2,0.012276206735944387
0.1,0.9,0.4,2.6,0.012289949525509202
0.4,0.2,0.5,1.6,0.01234258839030275
0.9,0.5,0.8,1.0,0.01237566387051814
0.3,0.2,0.4,2.2,0.012400277000017402
0.4,0.2,0.4,2.4,0.012400331962670708
0.9,0.1,0.4,1.4,0.012418297052383974
0.3,0.1,0.4,2.0,0.0124241660567989
0.3,0.9,0.4,1.2,0.012433199048558921
0.6,0.1,0.3,1.8,0.012444296970426726
0.3,0.7,0.3,2.2,0.012453291138829944
0.7,0.7,0.5,2.2,0.012461488194934974
0.9,0.5,0.5,1.8,0.012470873551279476
0.9,0.3,0.8,1.0,0.01247890995903122
0.7,0.3,0.3,2.4,0.012482357589888004
0.4,0.1,0.4,2.2,0.012485671016174833
0.5,0.6,0.3,2.8,0.01249296220298679
0.8,0.6,0.5,1.8,0.012512050472393505
0.4,0.7,0.5,2.2,0.01251393793650577
0.3,0.3,0.4,2.4,0.012521698907868866
0.4,0.3,0.4,2.6,0.012537353876224814
0.5,0.6,0.6,1.6,0.012544170999058257
0.1,0.6,0.4,2.2,0.012547240137158572
0.3,0.6,0.4,1.0,0.012548987213147358
0.4,0.3,0.3,1.8,0.012565379708083779
0.5,0.3,0.3,2.0,0.012565406961793793
0.6,0.5,0.7,1.2,0.012574230963576018
0.6,0.3,0.3,2.2,0.012577065041803056
0.8,0.7,0.8,1.0,0.01258367758786515
0.5,0.9,0.4,2.2,0.012587195264533673
0.4,0.5,0.5,2.0,0.012600209197272704
0.6,0.9,0.5,1.6,0.01260332821295134
0.3,0.8,0.3,2.4,0.012607509973157014
0.9,0.3,0.4,1.8,0.012657438150419396
0.2,0.7,0.4,2.8,0.01266505952077749
0.6,0.5,0.3,2.8,0.012700033043142364
0.3,0.7,0.5,2.0,0.01271032830232199
0.3,0.1,0.2,2.8,0.012711966059756937
0.7,0.7,0.5,1.6,0.012720951434629356
0.1,0.2,0.2,2.6,0.012738373744184916
0.3,0.1,0.3,1.4,0.012744170348155807
0.9,0.5,0.5,2.2,0.012765197648129311
0.7,0.2,0.5,2.0,0.012770245897521872
0.7,0.6,0.8,1.0,0.012779021616410712
0.1,0.8,0.5,1.0,0.012784704595480026
0.5,0.4,0.7,1.0,0.012796183911275896
0.3,0.3,0.3,1.6,0.012810072815423268
0.5,0.4,0.3,2.2,0.012812088533747738
0.3,0.4,0.4,2.6,0.012831005511100809
0.6,0.2,0.7,1.0,0.012831008253115773
0.9,0.5,0.4,2.8,0.012843447923580801
0.8,0.5,0.4,2.2,0.01285138794643709
0.6,0.9,0.5,2.2,0.012866204340392609
0.8,0.4,0.8,1.0,0.012870217959021156
0.6,0.9,0.8,1.0,0.012877528311677279
0.9,0.2,0.3,2.4,0.012891173228038117
0.9,0.1,0.5,2.0,0.012891713957515379
0.6,0.5,0.4,1.6,0.012892706963331736
0.3,0.6,0.3,2.0,0.012914495190957172
0.8,0.6,0.5,2.2,0.012921811320715584
0.2,0.5,0.3,1.6,0.012923271775382845
0.4,0.4,0.4,2.8,0.012941932806299532
0.8,0.3,0.5,2.2,0.012966117356680138
0.5,0.9,0.5,2.4,0.012973399452192584
0.3,0.2,0.5,1.4,0.012995823197847464
0.2,0.2,0.2,2.8,0.013009964630806873
0.3,0.4,0.6,1.0,0.013012559662985743
0.6,0.6,0.4,1.8,0.013056470861887024
0.7,0.6,0.4,2.2,0.013059733780482627
0.9,0.5,0.6,1.2,0.013073556429036825
0.2,0.3,0.5,1.2,0.013077016738526352
0.6,0.8,0.6,1.8,0.013119702629821437
0.1,0.5,0.3,1.4,0.013122449345604893
0.1,0.8,0.3,1.6,0.01313552765290763
0.3,0.9,0.5,2.2,0.01315430597016092
0.2,0.7,0.3,1.8,0.013155419298892796
0.9,0.4,0.6,1.0,0.013161323202866013
0.4,0.6,0.4,1.2,0.013180306345354628
0.9,0.5,0.4,2.6,0.013181713629578581
0.5,0.2,0.3,1.8,0.013183905161727892
0.6,0.9,0.6,1.8,0.01319517041016427
0.5,0.8,0.5,2.4,0.013199955605124882
0.3,0.5,0.5,1.8,0.013204058677816651
0.1,0.1,0.3,1.2,0.01324636625603534
0.1,0.7,0.4,2.4,0.013246695406280894
0.7,0.9,0.6,1.4,0.013267850231581672
0.3,0.9,0.6,1.4,0.01327517939861689
0.3,0.9,0.3,2.6,0.0132798959858604
0.1,0.9,0.5,1.2,0.013284929035576015
0.4,0.8,0.6,1.6,0.013286855442917083
0.8,0.2,0.7,1.2,0.013287429807999577
0.4,0.7,0.3,2.6,0.013289496807332268
0.5,0.7,0.7,1.2,0.013297079236944937
0.9,0.6,0.7,1.2,0.013303679779892488
0.6,0.8,0.4,2.8,0.013303792412431145
0.8,0.7,0.6,1.4,0.01330949509781737
0.2,0.1,0.2,2.6,0.013323290603545333
0.3,0.5,0.4,2.8,0.013359451063970912
0.4,0.8,0.4,1.4,0.013362534999134123
0.5,0.2,0.5,1.8,0.013394131076335077
0.6,0.8,0.4,2.6,0.013403428175026022
0.5,0.9,0.6,1.8,0.013420405073677057
0.8,0.5,0.5,1.4,0.013429457256236423
0.8,0.7,0.6,1.6,0.013432653496728958
0.8,0.8,0.8,1.0,0.013438454621977944
0.7,0.2,0.4,2.8,0.013441761572733052
0.7,0.3,0.6,1.6,0.013447382949207541
0.7,0.1,0.4,2.6,0.013472727606298755
0.9,0.6,0.8,1.0,0.013475819567179716
0.6,0.7,0.5,2.4,0.013479381829491127
0.7,0.7,0.6,1.8,0.013492829661490886
0.2,0.8,0.5,1.8,0.013505485154149049
0.7,0.3,0.7,1.2,0.013507682547781924
0.6,0.2,0.6,1.4,0.013510627300180416
0.4,0.7,0.7,1.0,0.013519067685776811
0.6,0.8,0.8,1.0,0.013523156197131356
0.6,0.4,0.6,1.6,0.01357584075863043
0.7,0.6,0.6,1.8,0.013592823050188036
0.5,0.2,0.4,2.6,0.013596231189401465
0.6,0.7,0.6,1.8,0.013602887834554747
0.4,0.9,0.5,2.4,0.013613003812327482
0.8,0.1,0.3,2.0,0.013641860970395246
0.9,0.4,0.5,1.4,0.01365130906724365
0.2,0.3,0.3,1.4,0.013670879921711548
0.1,0.7,0.5,1.0,0.013671847476006613
0.5,0.5,0.5,2.2,0.013683884688093792
0.6,0.8,0.5,2.4,0.013685331472946956
0.3,0.6,0.6,1.2,0.013689395623676225
0.5,0.8,0.4,1.8,0.013703173517080915
0.7,0.9,0.6,1.6,0.013712091308995939
0.8,0.3,0.4,1.6,0.013714311720296156
0.2,0.6,0.5,1.6,0.0137143481099684
0.5,0.3,0.4,2.8,0.013718745987982027
0.6,0.4,0.5,2.2,0.013753285412093832
0.6,0.9,0.7,1.4,0.013763224249160218
0.8,0.4,0.5,1.2,0.01379256956125061
0.5,0.5,0.3,2.4,0.013793547746546252
0.5,0.1,0.4,2.4,0.01379598657324623
0.7,0.1,0.6,1.4,0.013800956615198257
0.7,0.8,0.7,1.4,0.013820498248330915
0.8,0.5,0.6,1.8,0.013821283641193356
0.5,0.7,0.4,1.6,0.013829937240803076
0.8,0.8,0.7,1.2,0.013834871920060658
0.7,0.5,0.8,1.0,0.013838117921565767
0.7,0.7,0.7,1.4,0.013847276018102898
0.5,0.4,0.4,1.2,0.01385294491786878
0.6,0.4,0.4,1.4,0.013863278689813914
0.4,0.3,0.6,1.2,0.013873001978371066
0.5,0.9,0.5,1.0,0.013881245435172341
0.6,0.4,0.3,2.4,0.013912002103473013
0.7,0.6,0.5,2.4,0.013925565860255645
0.4,0.1,0.6,1.0,0.013933606925869299
0.9,0.1,0.7,1.2,0.013937458480456808
0.8,0.6,0.6,1.8,0.013939276024994864
0.8,0.8,0.7,1.0,0.013952082625364747
0.8,0.6,0.4,2.8,0.01395286107532764
0.9,0.6,0.7,1.0,0.01396610086492442
0.9,0.3,0.5,1.2,0.013970652677373189
0.8,0.6,0.7,1.4,0.013980861193996464
0.1,0.1,0.2,2.4,0.014011190510451863
0.7,0.8,0.5,2.0,0.014021425441843422
0.4,0.3,0.5,1.8,0.014058549705517913
0.7,0.4,0.4,1.6,0.014086325116192129
0.2,0.1,0.4,1.8,0.01409201294394322
0.6,0.7,0.4,2.0,0.014103091572998584
0.2,0.2,0.4,2.0,0.014104800250601568
0.5,0.7,0.5,2.4,0.014110574883779986
0.3,0.5,0.3,1.8,0.014118839994293536
0.7,0.8,0.6,1.8,0.014121326772995588
0.1,0.8,0.4,2.6,0.014123802734137816
0.9,0.4,0.6,1.8,0.01413174193540649
0.9,0.2,0.8,1.0,0.014132204876058463
0.9,0.5,0.6,1.8,0.014150550871978954
0.6,0.6,0.5,2.4,0.014159001354358073
0.7,0.7,0.4,2.8,0.014160295471843772
0.6,0.1,0.5,1.8,0.014166509805728832
0.4,0.5,0.6,1.4,0.014166762754918495
0.2,0.9,0.3,2.0,0.014167166192800926
0.8,0.2,0.6,1.6,0.01417758664564545
0.9,0.5,0.7,1.4,0.014177944143647784
0.9,0.6,0.6,1.6,0.014191194691028017
0.2,0.3,0.4,2.2,0.014208340950928787
0.6,0.8,0.4,2.4,0.01421850639810763
0.7,0.9,0.6,1.2,0.014236698875400326
0.7,0.4,0.5,1.0,0.01424829007609747
0.7,0.9,0.7,1.4,0.014248882149652833
0.7,0.8,0.6,1.0,0.0142649474420991
0.6,0.6,0.5,1.0,0.01426498494307625
0.8,0.5,0.7,1.4,0.01427196914485992
0.1,0.8,0.5,1.2,0.014301098588688816
0.6,0.8,0.7,1.4,0.014303828251669797
0.5,0.2,0.4,1.0,0.01431805177930351
0.3,0.7,0.4,1.0,0.014318960767263933
0.5,0.8,0.6,1.8,0.014322386711130794
0.8,0.4,0.4,1.8,0.014328736480081473
0.8,0.5,0.5,2.4,0.01433049397532845
0.9,0.4,0.7,1.4,0.01434286808628553
0.1,0.2,0.3,1.2,0.014356789058568407
0.5,0.9,0.4,2.0,0.014399517333771678
0.4,0.4,0.4,1.0,0.01440808606656536
0.8,0.2,0.4,1.4,0.014413471297539573
0.4,0.2,0.3,1.6,0.014419007088205973
0.7,0.7,0.5,2.4,0.014419244603057518
0.2,0.4,0.4,2.4,0.014438990924357062
0.8,0.6,0.4,2.6,0.014449005112890706
0.8,0.3,0.8,1.0,0.014455185746865652
0.8,0.6,0.5,1.6,0.014464596343078529
0.7,0.6,0.7,1.4,0.014466246500809432
0.8,0.7,0.7,1.4,0.014471084105863759
0.7,0.5,0.4,1.8,0.014476041975712995
0.2,0.1,0.5,1.0,0.014493175209420976
0.7,0.8,0.5,2.2,0.014500550417871936
0.6,0.7,0.8,1.0,0.014505672676487051
0.2,0.9,0.6,1.0,0.014510766613165159
0.5,0.3,0.6,1.4,0.014511556245334064
0.9,0.4,0.4,2.0,0.014522322705479708
0.7,0.7,0.4,2.6,0.014552800611571092
0.8,0.9,0.8,1.0,0.014565968075547574
0.7,0.8,0.5,1.8,0.01456697708595497
0.1,0.2,0.4,1.6,0.014582133415580864
0.2,0.4,0.5,1.4,0.014585665799460433
0.6,0.9,0.5,2.4,0.014590812086178687
0.7,0.5,0.5,2.4,0.01459796371835443
0.9,0.5,0.4,2.4,0.014601610609591885
0.4,0.6,0.5,2.2,0.014610669596747736
0.7,0.5,0.6,1.8,0.014617025639830042
0.1,0.1,0.4,1.4,0.01461786713759061
0.7,0.3,0.5,2.2,0.014637918264448867
0.9,0.6,0.6,1.4,0.014679047263423905
0.9,0.2,0.5,2.2,0.0146807418997079
0.6,0.4,0.7,1.2,0.014690706579591987
0.1,0.3,0.4,1.8,0.014692370508163672
0.8,0.2,0.3,2.2,0.014696082357795594
0.6,0.9,0.5,1.4,0.014698623289813006
0.1,0.6,0.3,1.4,0.014703677780534998
0.3,0.3,0.5,1.6,0.014705789400364735
0.5,0.5,0.6,1.6,0.014710967227180944
0.3,0.8,0.6,1.4,0.014738264505818933
0.1,0.9,0.3,1.6,0.014764830429877565
0.1,0.6,0.5,1.0,0.01479361789937822
0.6,0.6,0.6,1.8,0.014795775114805908
0.3,0.8,0.5,2.2,0.014805364781693055
0.7,0.4,0.3,2.6,0.014815069398921793
0.8,0.6,0.5,2.4,0.014816232713998869
0.9,0.4,0.5,2.4,0.014821264551552712
0.2,0.5,0.4,2.6,0.014827222048273617
0.9,0.5,0.5,1.6,0.014839204385149386
0.4,0.8,0.5,2.4,0.014841958328259073
0.5,0.1,0.3,1.6,0.01484849028083027
0.9,0.5,0.5,2.4,0.014855774294573408
0.4,0.8,0.3,2.8,0.014911658498897917
0.8,0.4,0.6,1.8,0.014922433733154028
0.8,0.1,0.5,2.0,0.0149296762113051
0.1,0.4,0.4,2.0,0.01493584683459812
0.7,0.3,0.4,1.4,0.01493597930920274
0.5,0.6,0.7,1.2,0.014976849957733835
0.4,0.7,0.6,1.6,0.015008291521445852
0.5,0.6,0.4,1.4,0.015012470390886498
0.8,0.7,0.6,1.2,0.015014785638494175
0.8,0.7,0.6,1.8,0.015033762335278892
0.9,0.6,0.7,1.4,0.015064617720882372
0.3,0.6,0.5,2.0,0.015076642523847956
0.5,0.1,0.6,1.2,0.015077303553063371
0.5,0.3,0.5,2.0,0.015084384241092227
0.9,0.7,0.8,1.0,0.015094593044500029
0.9,0.1,0.4,2.8,0.015111791106159324
0.1,0.9,0.4,2.8,0.015178238036676447
0.4,0.6,0.7,1.0,0.015191319667417194
0.8,0.6,0.6,1.0,0.015203888161240199
0.6,0.8,0.5,1.2,0.015252240681314934
0.1,0.1,0.3,2.8,0.0152857647998616
0.7,0.9,0.6,1.8,0.015310560923201953
0.6,0.7,0.7,1.4,0.015315016972194343
0.1,0.5,0.4,2.2,0.015315811128366975
0.8,0.4,0.5,2.4,0.015368821060357975
0.8,0.7,0.5,2.0,0.015383182381719197
0.2,0.6,0.4,2.8,0.01539617299556438
0.5,0.3,0.7,1.0,0.015404517420733368
0.5,0.6,0.3,2.6,0.015409649331078218
0.2,0.6,0.3,1.6,0.015443674975235838
0.8,0.4,0.3,2.8,0.0154547060087799
0.8,0.7,0.5,2.2,0.015455177074462674
0.9,0.6,0.5,2.2,0.015463011439548117
0.1,0.9,0.5,1.4,0.01546728150854653
0.9,0.6,0.6,1.8,0.015475931458426611
0.2,0.9,0.5,2.0,0.0154879137618589
0.3,0.3,0.6,1.0,0.01548916998409995
0.2,0.7,0.5,1.8,0.015505092669486024
0.8,0.4,0.7,1.4,0.015554597737997139
0.8,0.8,0.7,1.4,0.015561476348766945
0.7,0.4,0.8,1.0,0.015564346411782606
0.7,0.7,0.5,1.4,0.015568772686304572
0.1,0.7,0.5,1.2,0.015576976170513294
0.9,0.6,0.5,2.0,0.015587226413046837
0.1,0.4,0.2,2.8,0.015594461456977914
0.2,0.8,0.6,1.0,0.015639730447000257
0.2,0.1,0.3,1.2,0.01564531663531786
0.6,0.2,0.4,2.8,0.015682923323197963
0.2,0.8,0.3,1.8,0.01568346872727039
0.9,0.3,0.6,1.8,0.015703476419415427
0.6,0.2,0.5,2.0,0.01572541759801699
0.1,0.3,0.3,1.2,0.015749116408469897
0.7,0.7,0.4,2.4,0.015781286183048592
0.9,0.3,0.3,2.6,0.015784955676559135
0.5,0.7,0.6,1.8,0.015789542628858757
0.4,0.4,0.5,2.0,0.0158021087267989
0.9,0.3,0.7,1.4,0.015816663732414474
0.7,0.6,0.4,2.0,0.015834637636575007
0.7,0.5,0.7,1.4,0.01584092441936426
0.1,0.6,0.4,2.4,0.01584139971309385
0.4,0.7,0.4,1.2,0.01584561346561537
0.7,0.8,0.5,2.4,0.015846793814393394
0.6,0.8,0.4,2.2,0.01585858420482083
0.8,0.9,0.7,1.2,0.015868591925460144
0.5,0.6,0.5,2.4,0.01587386524799861
0.3,0.8,0.3,2.2,0.015875312101268815
0.9,0.7,0.7,1.2,0.015878536953487586
0.3,0.5,0.6,1.2,0.015891459969686262
0.8,0.6,0.4,2.4,0.015906887302435117
0.4,0.6,0.3,2.2,0.015913513299863184
0.6,0.6,0.8,1.0,0.01591404272156374
0.9,0.1,0.6,1.6,0.015933025372038
0.3,0.2,0.3,1.4,0.01593396275167333
0.6,0.5,0.5,2.4,0.01593776767555668
0.4,0.9,0.4,1.4,0.01594060167378276
0.8,0.8,0.6,1.6,0.015943415747726862
0.6,0.5,0.3,2.6,0.015957787742176387
0.8,0.5,0.4,2.0,0.015980418625836698
0.3,0.9,0.3,2.4,0.01598370508697529
0.4,0.9,0.7,1.2,0.01600383517101997
0.4,0.5,0.3,2.0,0.01602872427159412
0.6,0.1,0.4,1.0,0.01602957577543558
0.5,0.9,0.5,2.6,0.016039463286843705
0.2,0.2,0.5,1.2,0.01604352140085118
0.6,0.1,0.4,2.6,0.016073885543934963
0.3,0.8,0.4,1.0,0.016087134893181507
0.5,0.9,0.7,1.4,0.016101775636708587
0.7,0.6,0.5,1.2,0.01612083652007117
0.2,0.4,0.3,1.4,0.016146111784390123
0.8,0.3,0.5,1.0,0.016157061908462084
0.1,0.3,0.2,2.6,0.01618176486836671
0.1,0.5,0.5,1.0,0.01620207859062204
0.3,0.4,0.3,1.6,0.016239773243072082
0.2,0.5,0.5,1.6,0.01626252855199702
0.7,0.8,0.5,1.6,0.01633299418068811
0.6,0.3,0.4,1.2,0.016349075249391304
0.1,0.7,0.3,1.4,0.016361592106074158
0.8,0.9,0.7,1.0,0.01636555669007591
0.3,0.7,0.3,2.0,0.016398300570386177
0.8,0.8,0.6,1.4,0.01639973061680285
0.3,0.4,0.5,1.8,0.01644267288580422
0.6,0.1,0.7,1.0,0.01646374556010422
0.9,0.2,0.5,1.0,0.01646763549506149
0.4,0.9,0.6,1.8,0.016475393109339077
0.8,0.2,0.5,2.2,0.01648245156448238
0.4,0.7,0.3,2.4,0.016482579054988417
0.1,0.7,0.4,2.6,0.016522637272109036
0.6,0.9,0.4,2.8,0.016522706440173417
0.6,0.8,0.5,2.6,0.016527539983254486
0.9,0.6,0.5,2.4,0.01652868297342298
0.8,0.7,0.5,1.8,0.016529247201144483
0.8,0.7,0.5,2.4,0.016552025768147103
0.7,0.2,0.3,2.0,0.016568685634665452
0.3,0.7,0.6,1.4,0.016608077535663436
0.6,0.9,0.6,2.0,0.016676280001293058
0.7,0.9,0.8,1.2,0.016676655179365858
0.7,0.1,0.3,1.8,0.016679716690926362
0.7,0.4,0.5,2.4,0.016694581856739568
0.8,0.3,0.3,2.4,0.01671642660723681
0.4,0.1,0.2,2.8,0.01671750466003101
0.7,0.2,0.7,1.2,0.016724014887390795
0.9,0.3,0.5,2.4,0.01672918865529218
0.5,0.8,0.5,2.6,0.0167451832164945
0.4,0.7,0.5,2.4,0.016749922392707988
0.9,0.7,0.7,1.4,0.01677345804804677
0.7,0.4,0.6,1.8,0.016789575713137387
0.6,0.3,0.6,1.6,0.01681064163576296
0.8,0.7,0.8,1.2,0.016812840059944063
0.5,0.9,0.8,1.0,0.016832300355683658
0.5,0.4,0.5,2.2,0.016832608305779994
0.1,0.8,0.5,1.4,0.0168384089121556
0.8,0.1,0.4,2.8,0.01684700798306318
0.8,0.1,0.4,1.2,0.016868175823831082
0.6,0.5,0.6,1.8,0.01687620285789633
0.8,0.8,0.6,1.8,0.016889885512405375
0.6,0.6,0.7,1.4,0.016920402188272267
0.6,0.7,0.5,2.6,0.0169246522131721
0.6,0.9,0.5,2.6,0.01693648027119796
0.7,0.9,0.6,1.0,0.01695781427185249
0.8,0.8,0.8,1.2,0.01696928031927987
0.4,0.4,0.3,1.8,0.016969956826460828
0.8,0.1,0.7,1.2,0.017003523923240362
0.9,0.6,0.8,1.2,0.017015375162444845
0.6,0.9,0.4,2.6,0.017016631661565515
0.4,0.1,0.5,1.6,0.017018639427573368
0.2,0.7,0.6,1.0,0.01703107023126673
0.3,0.9,0.5,2.4,0.017043989672701557
0.3,0.7,0.5,2.2,0.01705399345874713
0.9,0.5,0.8,1.2,0.017060942205284393
0.7,0.8,0.8,1.2,0.0170693342553544
0.9,0.8,0.8,1.0,0.017081877205359874
0.8,0.9,0.7,1.4,0.017098940768917242
0.4,0.4,0.6,1.4,0.017108885349525968
0.7,0.9,0.5,2.0,0.017123550392910067
0.8,0.2,0.8,1.0,0.017128280544904614
0.6,0.8,0.6,2.0,0.017132488510634637
0.9,0.6,0.5,1.8,0.017137665471526054
0.7,0.2,0.6,1.6,0.017139427595076168
0.7,0.7,0.5,2.6,0.01714202545625382
0.7,0.9,0.5,2.2,0.017148857312093358
0.9,0.1,0.3,2.0,0.01715047576566954
0.5,0.9,0.4,1.8,0.017155649922505144
0.1,0.6,0.5,1.2,0.01716694361204622
0.4,0.5,0.4,1.0,0.017176525790592284
0.3,0.3,0.4,2.6,0.01719602490322905
0.9,0.1,0.8,1.0,0.01720306221040641
0.3,0.1,0.5,1.4,0.01721115468188524
0.3,0.4,0.4,2.8,0.01721121259416446
0.7,0.8,0.6,2.0,0.017217426084477194
0.8,0.6,0.8,1.2,0.017222767674512175
0.5,0.5,0.7,1.2,0.01723988200300901
0.4,0.3,0.4,2.8,0.017249175100547503
0.7,0.7,0.6,2.0,0.01726261749038649
0.9,0.7,0.7,1.0,0.017266332023555635
0.9,0.6,0.4,2.8,0.017269017097943706
0.9,0.5,0.4,2.2,0.017292733749604494
0.4,0.5,0.7,1.0,0.0173168984934217
0.4,0.6,0.6,1.6,0.017317236661390727
0.1,0.2,0.2,2.4,0.017323397620471966
0.1,0.4,0.3,1.2,0.017328668154733783
0.6,0.3,0.5,2.2,0.017331778037394472
0.4,0.9,0.5,2.6,0.017331930284256804
0.1,0.8,0.4,2.8,0.01736813334162502
0.9,0.6,0.6,1.2,0.017382968127785326
0.5,0.8,0.4,1.6,0.017389764549412837
0.3,0.2,0.4,2.4,0.01739394604947074
0.6,0.7,0.5,1.0,0.01741177442208756
0.7,0.6,0.5,2.6,0.017414495967260697
0.6,0.6,0.4,1.6,0.017435766124582048
0.9,0.7,0.6,1.6,0.017438634239042936
0.7,0.2,0.4,1.2,0.017444373635749813
0.2,0.8,0.5,2.0,0.017447016011900032
0.5,0.8,0.7,1.4,0.017470106658440003
0.4,0.2,0.6,1.2,0.017475881867375347
0.6,0.7,0.4,1.8,0.017483391350782335
0.4,0.1,0.3,1.4,0.017495917991644353
0.7,0.3,0.3,2.2,0.01750477645570418
0.4,0.8,0.7,1.2,0.017511511950591013
0.8,0.3,0.6,1.8,0.017511568447144635
0.4,0.2,0.4,2.6,0.017515148060118987
0.8,0.9,0.8,1.2,0.017555562204739198
0.5,0.7,0.3,2.8,0.017578988900229374
0.2,0.3,0.2,2.8,0.01758350794589575
0.5,0.5,0.4,1.2,0.017590829501959542
0.8,0.6,0.5,2.6,0.01760072604320916
0.4,0.5,0.5,2.2,0.017602260435222467
0.3,0.1,0.2,2.6,0.017611649765061927
0.8,0.6,0.6,2.0,0.01761538533634083
0.4,0.8,0.3,2.6,0.017627586099241744
0.2,0.2,0.2,2.6,0.01766233367174334
0.3,0.6,0.3,1.8,0.017686946176516397
0.6,0.3,0.7,1.2,0.01770938362555703
0.9,0.7,0.8,1.2,0.01772493753613063
0.5,0.9,0.6,2.0,0.017736622300087827
0.2,0.3,0.5,1.4,0.017739166945148488
0.7,0.1,0.5,2.0,0.017741792121474656
0.3,0.1,0.4,2.2,0.017754400626312988
0.3,0.9,0.6,1.6,0.01776897778482275
0.5,0.4,0.6,1.6,0.01776965867793779
0.3,0.9,0.4,1.0,0.0178245219574945
0.8,0.7,0.6,2.0,0.01784236625010606
0.9,0.7,0.6,1.8,0.01784742690848673
0.9,0.5,0.6,1.0,0.017849860626705412
0.6,0.5,0.8,1.0,0.01785730991762192
0.7,0.9,0.6,2.0,0.017861822344705854
0.7,0.5,0.3,2.8,0.017868494129453644
0.5,0.4,0.3,2.0,0.017907773332871302
0.7,0.7,0.8,1.2,0.017908350915235276
0.7,0.8,0.5,2.6,0.017931807060993055
0.3,0.2,0.2,2.8,0.017944671853316517
0.9,0.5,0.5,2.6,0.017956895730674896
0.5,0.6,0.6,1.8,0.017958648317877815
0.1,0.4,0.5,1.0,0.017960932476608554
0.7,0.7,0.4,2.2,0.017977974159414732
0.9,0.5,0.6,2.0,0.017983514432165944
0.7,0.9,0.5,2.4,0.01800324153069512
0.7,0.9,0.7,1.6,0.018023966342012514
0.4,0.1,0.4,2.4,0.01804377926264156
0.2,0.2,0.3,1.2,0.018047594633203646
0.1,0.8,0.3,1.4,0.018052174728249534
0.2,0.6,0.5,1.8,0.018053174870884123
0.2,0.7,0.3,1.6,0.018057853761594172
0.8,0.3,0.7,1.4,0.018067955465569916
0.9,0.4,0.8,1.2,0.018072070098942607
0.7,0.9,0.5,1.8,0.018074143474648106
0.6,0.1,0.6,1.4,0.018077506977215885
0.8,0.5,0.5,2.6,0.018081619121282505
0.2,0.9,0.6,1.2,0.018085445112856896
0.5,0.3,0.4,1.0,0.018101876730188766
0.6,0.3,0.3,2.0,0.01810495457635933
0.7,0.8,0.4,2.8,0.01811877653947604
0.7,0.3,0.8,1.0,0.018130932915991313
0.5,0.8,0.8,1.0,0.01815439427937432
0.7,0.4,0.7,1.4,0.01816306245248206
0.7,0.8,0.7,1.6,0.018169259287257426
0.7,0.6,0.6,2.0,0.018182015162623896
0.5,0.5,0.3,2.2,0.018185590799048103
0.9,0.6,0.6,2.0,0.01819482644665312
0.6,0.9,0.4,2.4,0.01819694248701636
0.3,0.5,0.5,2.0,0.01821069135307379
0.4,0.8,0.6,1.8,0.018215663670906893
0.8,0.3,0.5,2.4,0.01822567909814452
0.5,0.7,0.5,2.6,0.01823236208586484
0.2,0.9,0.3,1.8,0.018250580100561336
0.6,0.7,0.6,2.0,0.018264485786034023
0.6,0.9,0.5,1.2,0.018271490953912936
0.8,0.6,0.5,1.4,0.018274352666919673
0.6,0.6,0.5,2.6,0.018326200593192253
0.8,0.5,0.8,1.2,0.018362382206907925
0.8,0.7,0.4,2.8,0.0183676274106163
0.2,0.1,0.2,2.4,0.0183741269801926
0.8,0.7,0.7,1.6,0.018394191453775834
0.6,0.2,0.3,1.8,0.018438265076905613
0.1,0.9,0.5,1.6,0.018443164995251383
0.6,0.8,0.4,2.0,0.01845589947696627
0.8,0.6,0.4,2.2,0.01848584710240562
0.1,0.1,0.4,1.6,0.018498965580191394
0.6,0.9,0.8,1.2,0.018512644387042653
0.7,0.5,0.5,1.0,0.018516688360865105
0.8,0.7,0.5,2.6,0.018517201833056007
0.4,0.8,0.4,1.2,0.018526014173032967
0.9,0.6,0.4,2.6,0.01852679728753107
0.1,0.7,0.5,1.4,0.018539510496346015
0.8,0.5,0.6,2.0,0.018539530449174117
0.5,0.3,0.3,1.8,0.018539688700676356
0.1,0.2,0.4,1.8,0.018557038205479045
0.8,0.9,0.9,1.0,0.018561557016876336
0.8,0.8,0.9,1.0,0.01856834521485152
0.9,0.2,0.3,2.2,0.01856900506761891
0.6,0.5,0.4,1.4,0.018578931009871312
0.6,0.9,0.7,1.6,0.018580083216082777
0.8,0.8,0.6,1.2,0.01858058864663801
0.5,0.2,0.6,1.4,0.018590415405408237
0.9,0.6,0.5,2.6,0.018594427375143857
0.5,0.1,0.5,1.8,0.01859620944439964
0.9,0.6,0.9,1.0,0.018626301923727377
0.4,0.2,0.5,1.8,0.01863017147081017
0.3,0.2,0.6,1.0,0.018633143748533747
0.6,0.6,0.3,2.8,0.018636359461811376
0.1,0.3,0.4,2.0,0.01866956042977506
0.3,0.4,0.6,1.2,0.018674704225220533
0.5,0.5,0.5,2.4,0.01868538981235928
0.5,0.7,0.4,1.4,0.018709043994313515
0.9,0.6,0.7,1.6,0.018713841548587032
0.9,0.7,0.6,1.4,0.018724500814106843
0.2,0.6,0.6,1.0,0.018738855087223203
0.9,0.3,0.4,1.6,0.018747877878765373
0.8,0.1,0.6,1.6,0.01874809594986994
0.8,0.8,0.7,1.6,0.018751477343525478
0.6,0.4,0.3,2.2,0.018758540143611665
0.9,0.7,0.9,1.0,0.018761918917761303
0.2,0.5,0.3,1.4,0.018785659756826674
0.8,0.6,0.7,1.6,0.018810861250254652
0.8,0.8,0.5,2.2,0.018843958318246548
0.5,0.2,0.7,1.0,0.01884929449836033
0.5,0.2,0.4,2.8,0.018860661194378996
0.1,0.4,0.4,2.2,0.01886326224918067
0.2,0.4,0.4,2.6,0.01886851453833327
0.2,0.3,0.4,2.4,0.01887002775647467
0.9,0.8,0.7,1.2,0.0188783255609689
0.9,0.2,0.7,1.4,0.01888235212234796
0.8,0.9,0.6,1.6,0.018884284460873587
0.8,0.5,0.5,1.2,0.01890185791891072
0.7,0.7,0.7,1.6,0.01890715170186481
0.4,0.3,0.3,1.6,0.01893040568597183
0.8,0.7,0.9,1.0,0.018959295207311707
0.3,0.6,0.6,1.4,0.018971465487019782
0.3,0.2,0.5,1.6,0.01898243668744288
0.8,0.8,0.6,2.0,0.018989687512672205
0.7,0.5,0.5,2.6,0.01899239902364462
0.9,0.5,0.7,1.6,0.018997230138931627
0.2,0.2,0.4,2.2,0.01900489164038942
0.9,0.8,0.8,1.2,0.019008420738749813
0.8,0.7,0.6,1.0,0.019011722385304675
0.1,0.5,0.3,1.2,0.019021414115777388
0.4,0.8,0.5,2.6,0.01902849534075463
0.2,0.5,0.4,2.8,0.019038844057833952
0.7,0.8,0.4,2.6,0.019042981049769786
0.6,0.4,0.5,2.4,0.01905654892720212
0.7,0.2,0.5,2.2,0.019058413493399907
0.1,0.1,0.2,2.2,0.019094795254058692
0.9,0.8,0.7,1.4,0.019103967493777678
0.3,0.9,0.7,1.0,0.019105926888152828
0.9,0.4,0.5,2.6,0.01911739280483041
0.8,0.7,0.5,1.6,0.0191348313531967
0.1,0.5,0.5,1.2,0.019137094827593522
0.3,0.8,0.5,2.4,0.01914108658852355
0.7,0.1,0.4,2.8,0.019141489495368754
0.9,0.5,0.9,1.0,0.019141806940340896
0.5,0.8,0.6,2.0,0.019163737464735847
0.1,0.5,0.4,2.4,0.019165533383246846
0.9,0.2,0.6,1.8,0.019169919968070943
0.2,0.1,0.4,2.0,0.019222037160885233
0.5,0.6,0.3,2.4,0.01922304267521531
0.4,0.9,0.3,2.8,0.019262734248356003
0.6,0.5,0.7,1.4,0.01926808959044781
0.9,0.4,0.6,2.0,0.019277503816385974
0.8,0.8,0.5,2.4,0.01928742820427757
0.9,0.9,0.8,1.0,0.019314799509168024
0.7,0.6,0.8,1.2,0.01931653598822407
0.8,0.9,0.6,1.8,0.01932115298734859
0.5,0.7,0.7,1.4,0.019328106891288676
0.9,0.7,0.5,2.2,0.019347272280776352
0.7,0.4,0.3,2.4,0.01935057917723653
0.7,0.9,0.9,1.0,0.01936527337380569
0.8,0.8,0.5,2.0,0.019386614757720272
0.9,0.8,0.9,1.0,0.01939129696573239
0.9,0.5,0.5,1.4,0.01940424678132785
0.3,0.9,0.3,2.2,0.019409797758460964
0.4,0.7,0.7,1.2,0.019422660824791584
0.9,0.2,0.4,1.4,0.01946021832000075
0.9,0.7,0.7,1.6,0.019464588804431426
0.2,0.4,0.5,1.6,0.019488547647417042
0.4,0.6,0.5,2.4,0.019490144311571485
0.3,0.3,0.3,1.4,0.019521754560359025
0.2,0.9,0.5,2.2,0.019522046230077826
0.9,0.4,0.4,1.8,0.019527830618324114
0.9,0.7,0.5,2.4,0.01955249094528924
0.7,0.8,0.5,1.4,0.019566214854208824
0.7,0.9,0.5,2.6,0.01956681377883323
0.5,0.9,0.5,2.8,0.019570774428079137
0.9,0.4,0.3,2.8,0.019572760617608386
0.8,0.7,0.4,2.6,0.01957294731080567
0.1,0.6,0.4,2.6,0.01960036251557041
0.1,0.5,0.2,2.8,0.01960308891097526
0.5,0.1,0.4,2.6,0.019607303449483218
0.8,0.4,0.3,2.6,0.019617595886085644
0.9,0.7,0.6,2.0,0.019638687697169005
0.2,0.8,0.6,1.2,0.01964237506827336
0.6,0.8,0.7,1.6,0.019694388772885124
0.9,0.1,0.5,2.2,0.019699214137199862
0.1,0.1,0.3,1.0,0.01970023643065377
0.8,0.9,0.7,1.6,0.019707796486596898
0.3,0.8,0.6,1.6,0.019708274924552925
0.7,0.5,0.4,1.6,0.01971081879903883
0.1,0.9,0.3,1.4,0.019742410130170557
0.6,0.8,0.8,1.2,0.01974345984797588
0.8,0.9,0.6,1.4,0.01977363423210708
0.6,0.9,0.5,2.8,0.019815853408350022
0.2,0.1,0.5,1.2,0.019826290913709375
0.5,0.7,0.8,1.0,0.019844067654097016
0.8,0.6,0.9,1.0,0.01985120325755249
0.3,0.5,0.3,1.6,0.019922350087557394
0.6,0.8,0.5,2.8,0.019923539654927498
0.2,0.7,0.5,2.0,0.019937308643816463
0.6,0.1,0.3,1.6,0.019965508273070056
0.4,0.6,0.4,1.0,0.019983893314393684
0.5,0.2,0.5,2.0,0.019987581563823048
0.7,0.6,0.4,1.8,0.019994055815856546
0.4,0.4,0.7,1.0,0.019998480258639387
0.3,0.8,0.3,2.0,0.020008277351691712
0.3,0.6,0.5,2.2,0.02002858792647429
0.9,0.4,0.5,1.2,0.020032857737402696
0.6,0.4,0.6,1.8,0.02005011641388308
0.1,0.4,0.2,2.6,0.02013337915241425
0.1,0.3,0.5,1.0,0.020147910368395132
0.4,0.3,0.5,2.0,0.02016348456265489
0.6,0.9,0.4,2.2,0.020166439149900586
0.8,0.4,0.4,1.6,0.020178790855126923
0.7,0.9,0.5,1.6,0.02018265775626088
0.1,0.7,0.4,2.8,0.020186865708825587
0.7,0.5,0.6,2.0,0.020187892793465046
0.1,0.8,0.5,1.6,0.020195937614706
0.8,0.5,0.7,1.6,0.020204466490048735
0.5,0.4,0.7,1.2,0.02022318413972435
0.7,0.8,0.9,1.0,0.020229831783914347
0.6,0.6,0.6,2.0,0.02023962662713469
0.8,0.4,0.5,2.6,0.02024155770403326
0.6,0.5,0.3,2.4,0.02024953580186051
0.5,0.2,0.3,1.6,0.020287036650379574
0.9,0.3,0.8,1.2,0.02028829789570802
0.9,0.7,0.5,2.0,0.020299299596548307
0.7,0.7,0.5,1.2,0.020308547561351885
0.4,0.5,0.6,1.6,0.02034512106151303
0.7,0.3,0.6,1.8,0.020362497828530973
0.9,0.9,0.9,1.0,0.02038397552129866
0.7,0.6,0.7,1.6,0.02039547953453616
0.9,0.6,0.5,1.6,0.02041246461453209
0.8,0.4,0.8,1.2,0.020423500127997714
0.6,0.4,0.8,1.0,0.02046757866209407
0.9,0.4,0.9,1.0,0.020494527668725723
0.7,0.3,0.5,2.4,0.020497263821930553
0.3,0.1,0.3,1.2,0.020514273393451816
0.7,0.7,0.5,2.8,0.020517101943476706
0.4,0.7,0.6,1.8,0.02053253440252206
0.4,0.7,0.3,2.2,0.020556455847567535
0.6,0.8,0.5,1.0,0.0205614015614747
0.9,0.4,0.7,1.6,0.020563827821716677
0.8,0.8,0.5,2.6,0.02057093402304905
0.3,0.8,0.7,1.0,0.02062797337628876
0.1,0.6,0.5,1.4,0.02063681230415933
0.7,0.8,0.5,2.8,0.0206499128008037
0.3,0.3,0.5,1.8,0.020657749503175366
0.5,0.6,0.5,2.6,0.02068180674229437
0.2,0.3,0.3,1.2,0.020697024316716824
0.2,0.8,0.3,1.6,0.020703889866917718
0.9,0.9,0.8,1.2,0.02071295464052127
0.8,0.5,0.4,1.8,0.020721839026181493
0.4,0.6,0.3,2.0,0.020731806731313994
0.9,0.7,0.5,2.6,0.0207368958885807
0.7,0.4,0.4,1.4,0.020746804354505426
0.1,0.6,0.3,1.2,0.020770441350610337
0.5,0.8,0.5,2.8,0.020772682850515714
0.7,0.8,0.4,2.4,0.02077355373739681
0.9,0.8,0.7,1.0,0.02079307693564502
0.2,0.5,0.6,1.0,0.020828885464294483
0.6,0.9,0.6,2.2,0.020844409798096524
0.9,0.6,0.4,2.4,0.020851662274863264
0.8,0.9,0.6,2.0,0.020853945437824532
0.8,0.4,0.6,2.0,0.02087169330388294
0.9,0.2,0.5,2.4,0.02089618713309108
0.5,0.7,0.3,2.6,0.02090488207627143
0.4,0.3,0.6,1.4,0.020935053678904924
0.6,0.7,0.5,2.8,0.02094107865688953
0.6,0.2,0.4,1.0,0.0209553331590189
0.6,0.5,0.5,2.6,0.020957543057541467
0.5,0.5,0.6,1.8,0.020991576833035267
0.5,0.9,0.4,1.6,0.02102132467289721
0.9,0.8,0.7,1.6,0.02102756331498576
0.9,0.8,0.6,1.8,0.02103070021115616
0.9,0.3,0.3,2.4,0.02105450713433321
0.8,0.3,0.4,1.4,0.02106122307236348
0.5,0.1,0.2,2.8,0.0210764151575797
0.4,0.8,0.3,2.4,0.021082626311024626
0.8,0.8,0.5,1.8,0.021094991659964875
0.8,0.6,0.5,2.8,0.021139032162281583
0.8,0.1,0.8,1.0,0.0211414591033005
0.7,0.8,0.6,2.2,0.021144107189290814
0.4,0.9,0.4,1.2,0.021174243182481803
0.8,0.1,0.3,1.8,0.021174728050406294
0.7,0.9,0.6,2.2,0.02120652901630951
0.1,0.3,0.2,2.4,0.021218763139556205
0.8,0.7,0.5,2.8,0.0212225056492614
0.5,0.7,0.6,2.0,0.021262946322601072
0.2,0.5,0.5,1.8,0.021263534370994038
0.1,0.2,0.3,1.0,0.02129703572206893
0.7,0.7,0.4,2.0,0.021303092821310796
0.6,0.4,0.4,1.2,0.021307501396310845
0.9,0.8,0.6,1.6,0.021317656845097784
0.3,0.9,0.5,2.6,0.021345638729665245
0.5,0.3,0.5,2.2,0.021351877966613027
0.8,0.2,0.3,2.0,0.02135445473103408
0.7,0.1,0.7,1.2,0.02135463577560203
0.8,0.5,0.9,1.0,0.021385660720503297
0.3,0.7,0.3,1.8,0.02139017395406274
0.6,0.7,0.7,1.6,0.021404276817404026
0.6,0.2,0.6,1.6,0.02142648818036882
0.6,0.7,0.8,1.2,0.021441132149963762
0.7,0.5,0.8,1.2,0.021441525413747196
0.4,0.9,0.5,2.8,0.021455372059368018
0.5,0.6,0.4,1.2,0.021455539244830815
0.9,0.5,0.4,2.0,0.021488522047198182
0.4,0.7,0.5,2.6,0.02149329816760973
0.7,0.7,0.9,1.0,0.02150336713742904
0.9,0.6,0.5,2.8,0.021506041221915725
0.2,0.6,0.3,1.4,0.0215065402684342
0.4,0.9,0.6,2.0,0.021529308970782392
0.2,0.7,0.6,1.2,0.02154436762728636
0.6,0.1,0.5,2.0,0.021551568272141105
0.1,0.4,0.5,1.2,0.021567543147853224
0.7,0.6,0.5,2.8,0.021569733734407383
0.8,0.4,0.5,1.0,0.021634929006538742
0.8,0.7,0.6,2.2,0.02164628702219419
0.7,0.3,0.7,1.4,0.02165360933717926
0.4,0.4,0.5,2.2,0.021681494998708365
0.8,0.7,0.4,2.4,0.021714765965937015
0.2,0.2,0.5,1.4,0.021721328510809143
0.7,0.9,0.5,2.8,0.021740622524867612
0.7,0.2,0.8,1.0,0.02174093028003787
0.4,0.5,0.3,1.8,0.0217605258057949
0.4,0.9,0.7,1.4,0.021764550996714038
0.5,0.6,0.7,1.4,0.02178858216875747
0.4,0.6,0.7,1.2,0.021824296639196973
0.5,0.9,0.7,1.6,0.021833786916063667
0.6,0.2,0.7,1.2,0.02183807313312934
0.6,0.8,0.6,2.2,0.02186341896070926
0.8,0.2,0.6,1.8,0.021881210054533928
0.9,0.9,0.7,1.4,0.021884609151245064
0.7,0.7,0.6,2.2,0.021897125768349318
0.9,0.5,0.5,2.8,0.021906209040308426
0.2,0.8,0.5,2.2,0.021911548699382385
0.5,0.3,0.6,1.6,0.02191884477904095
0.3,0.7,0.5,2.4,0.021918888935648254
0.3,0.5,0.6,1.4,0.021933155595500162
0.5,0.6,0.8,1.0,0.021983979777057273
0.7,0.5,0.3,2.6,0.022000613454683682
0.8,0.9,0.8,1.4,0.022027352037583905
0.8,0.8,0.6,2.2,0.022046222819116276
0.1,0.9,0.5,1.8,0.02206502222601608
0.9,0.8,0.6,2.0,0.022066134427377086
0.8,0.2,0.7,1.4,0.022079224503949623
0.8,0.8,0.8,1.4,0.022080690420627224
0.5,0.4,0.4,1.0,0.022081806011730806
0.9,0.6,0.6,2.2,0.02208506470619233
0.9,0.7,0.6,1.2,0.022111139747523486
0.4,0.1,0.6,1.2,0.022143178598685188
0.7,0.4,0.5,2.6,0.022143279869611215
0.3,0.7,0.6,1.6,0.022145576436444454
0.9,0.9,0.7,1.2,0.02215791375157883
0.6,0.1,0.4,2.8,0.022161093504776293
0.9,0.1,0.4,1.2,0.02216334409192018
0.3,0.3,0.6,1.2,0.02216622081278158
0.6,0.8,0.4,1.8,0.022171780060187798
0.4,0.2,0.3,1.4,0.022185355584945877
0.4,0.9,0.3,2.6,0.022194183987938786
0.6,0.7,0.4,1.6,0.022251177000665052
0.8,0.1,0.5,2.2,0.022272769775878682
0.3,0.4,0.5,2.0,0.022275337905469664
0.8,0.9,0.6,1.2,0.02228524575065749
0.7,0.1,0.4,1.0,0.022297141694510556
0.8,0.6,0.6,2.2,0.02231859384230899
0.9,0.7,0.8,1.4,0.022328724421723917
0.7,0.9,0.8,1.4,0.022344042508097985
0.1,0.7,0.5,1.6,0.022350492139115424
0.9,0.3,0.6,2.0,0.022370239901090834
0.8,0.6,0.4,2.0,0.02238027778089553
0.9,0.3,0.5,2.6,0.02238311645545579
0.3,0.3,0.4,2.8,0.022425558321435845
0.6,0.6,0.3,2.6,0.022462836857536177
0.5,0.8,0.4,1.4,0.02246388942398469
0.3,0.7,0.7,1.0,0.02247947373471053
0.4,0.1,0.2,2.6,0.02250041815930178
0.1,0.7,0.3,1.2,0.022532790433713798
0.6,0.4,0.7,1.4,0.022532980852807298
0.2,0.9,0.6,1.4,0.022568229877440255
0.9,0.7,0.6,2.2,0.022568319023131365
0.8,0.8,0.5,2.8,0.022574350992571053
0.7,0.1,0.6,1.6,0.022579312397165176
0.8,0.5,0.5,2.8,0.02259193901318148
0.3,0.1,0.6,1.0,0.022594557767686638
0.9,0.7,0.5,1.8,0.022629019247631308
0.6,0.2,0.5,2.2,0.022638889427203417
0.9,0.6,0.8,1.4,0.022643959535420533
0.5,0.9,0.6,2.2,0.02264656538140227
0.8,0.3,0.3,2.2,0.022702120036501107
0.8,0.7,0.8,1.4,0.022722648270985364
0.9,0.7,0.5,2.8,0.02275505130593518
0.2,0.3,0.2,2.6,0.02275605898606948
0.7,0.9,0.7,1.8,0.022756654084886568
0.5,0.4,0.5,2.4,0.022768363335828153
0.4,0.7,0.4,1.0,0.022770600814098423
0.7,0.9,0.4,2.8,0.02277593679475781
0.9,0.8,0.8,1.4,0.022788743325800876
0.8,0.9,0.5,2.4,0.022797892027843755
0.8,0.4,0.7,1.6,0.02280613525966954
0.2,0.4,0.2,2.8,0.022807655154357398
0.7,0.5,0.7,1.6,0.02281924067101491
0.5,0.7,0.5,2.8,0.022851412979418513
0.1,0.2,0.5,1.0,0.02285751273129097
0.8,0.9,0.5,2.2,0.022876815240851694
0.9,0.6,0.6,1.0,0.022896201881524206
0.9,0.3,0.9,1.0,0.022900285950685637
0.8,0.8,0.6,1.0,0.02290913810052198
0.3,0.9,0.6,1.8,0.022925275692798425
0.7,0.6,0.5,1.0,0.022934464822303904
0.1,0.2,0.2,2.2,0.022944065304934872
0.9,0.3,0.5,1.0,0.02299884753724896
0.9,0.5,0.6,2.2,0.02300886482020026
0.1,0.3,0.3,1.0,0.023043184722368777
0.3,0.2,0.4,2.6,0.02304885971100234
0.6,0.9,0.4,2.0,0.02304900263319091
0.2,0.6,0.5,2.0,0.023065815657965102
0.6,0.6,0.5,2.8,0.02307786715974433
0.9,0.7,0.4,2.8,0.02308018018216172
0.8,0.8,0.7,1.8,0.023117177771457883
0.5,0.8,0.3,2.8,0.023138551943349458
0.9,0.9,0.7,1.6,0.023208974832870013
0.1,0.5,0.5,1.4,0.023210177954398895
0.8,0.2,0.5,2.4,0.02321237014191736
0.9,0.8,0.6,1.4,0.023214322834751416
0.6,0.9,0.9,1.0,0.0232334677042685
0.4,0.5,0.5,2.4,0.02324158079925182
0.6,0.5,0.6,2.0,0.02325231908542779
0.4,0.2,0.4,2.8,0.02326110653141381
0.7,0.6,0.9,1.0,0.023291745225041835
0.8,0.9,0.6,2.2,0.023300546714385632
0.5,0.1,0.7,1.0,0.023321232301814574
0.8,0.5,0.3,2.8,0.023327677447170833
0.2,0.2,0.2,2.4,0.02333316214024591
0.2,0.9,0.3,1.6,0.02333514457961147
0.1,0.3,0.4,2.2,0.023348537839231333
0.3,0.4,0.3,1.4,0.023356823112237537
0.4,0.3,0.7,1.0,0.02336009085444664
0.1,0.4,0.4,2.4,0.023365881757541555
0.7,0.8,0.8,1.4,0.02337743501402129
0.2,0.4,0.6,1.0,0.023381032338587685
0.1,0.2,0.4,2.0,0.02339924039896142
0.8,0.9,0.7,1.8,0.023430437622943057
0.7,0.8,0.4,2.2,0.023434245862493062
0.5,0.1,0.3,1.4,0.02344723324794972
0.1,0.1,0.4,1.8,0.023468968355135997
0.2,0.4,0.3,1.2,0.02348677834877373
0.1,0.5,0.4,2.6,0.023491705097328133
0.4,0.2,0.2,2.8,0.02349950098022904
0.8,0.7,0.5,1.4,0.023506045072729607
0.7,0.4,0.6,2.0,0.02351994507245221
0.8,0.9,0.5,2.6,0.02352611722685104
0.7,0.8,0.7,1.8,0.02352721292267305
0.5,0.9,0.8,1.2,0.02352793849375197
0.2,0.3,0.5,1.6,0.02353488003295941
0.7,0.3,0.4,1.2,0.02354581502175855
0.4,0.6,0.6,1.8,0.023551011626015115
0.8,0.7,0.7,1.8,0.02355201863932166
0.3,0.2,0.2,2.6,0.023552559748038503
0.6,0.6,0.4,1.4,0.02356234981927445
0.9,0.7,0.7,1.8,0.02358730128697639
0.8,0.3,0.8,1.2,0.023627308860060526
0.4,0.8,0.5,2.8,0.02363346820289821
0.6,0.9,0.5,1.0,0.023658619592255656
0.9,0.8,0.5,2.4,0.023659981014229243
0.3,0.9,0.3,2.0,0.023664542142330172
0.7,0.6,0.6,2.2,0.023664994259854216
0.6,0.7,0.6,2.2,0.02367328604154621
0.3,0.1,0.2,2.4,0.02367526132439425
0.7,0.9,0.5,1.4,0.023677957562117966
0.9,0.3,0.7,1.6,0.02368791931916346
0.6,0.6,0.8,1.2,0.023717449098731105
0.8,0.4,0.9,1.0,0.02373145931562369
0.3,0.6,0.3,1.6,0.02374133420044396
0.1,0.6,0.4,2.8,0.023757427390847012
0.2,0.4,0.4,2.8,0.02377670333906138
0.5,0.8,0.7,1.6,0.023780292467062446
0.6,0.3,0.5,2.4,0.02378227569946949
0.8,0.8,0.4,2.8,0.023785228382426093
0.4,0.8,0.6,2.0,0.023792389663055306
0.5,0.5,0.3,2.0,0.023817378023282515
0.4,0.8,0.7,1.4,0.02382262838166075
0.9,0.9,0.8,1.4,0.02384566365714115
0.9,0.1,0.7,1.4,0.023845775836043345
0.4,0.4,0.3,1.6,0.023848114756945368
0.8,0.2,0.4,1.2,0.023849709155324618
0.6,0.6,0.7,1.6,0.0238527668777405
0.9,0.6,0.7,1.8,0.023853623042220683
0.2,0.6,0.6,1.2,0.023859608071894335
0.3,0.1,0.4,2.4,0.02387995130961581
0.3,0.5,0.5,2.2,0.023880815260730773
0.8,0.9,0.5,2.0,0.023899015524918053
0.1,0.6,0.2,2.8,0.023900194774464218
0.3,0.8,0.5,2.6,0.02390281798368146
0.6,0.3,0.8,1.0,0.02390286419483444
0.9,0.5,0.8,1.4,0.023941009319949687
0.9,0.2,0.8,1.2,0.02397710866122802
0.2,0.9,0.5,2.4,0.023980237026758236
0.5,0.1,0.6,1.4,0.024015241924481116
0.7,0.5,0.5,2.8,0.024060283887628767
0.5,0.6,0.3,2.2,0.0240655483605985
0.5,0.3,0.7,1.2,0.024089701707787008
0.2,0.3,0.4,2.6,0.02410364128023836
0.9,0.8,0.5,2.6,0.02410917689496342
0.8,0.6,0.8,1.4,0.024114123972593392
0.7,0.9,0.4,2.6,0.024120685711000633
0.3,0.3,0.2,2.8,0.024145005198896244
0.9,0.8,0.5,2.2,0.024160820436482378
0.2,0.1,0.3,1.0,0.024162309336358725
0.7,0.3,0.3,2.0,0.024164182424144674
0.5,0.6,0.6,2.0,0.024186418960278323
0.7,0.2,0.3,1.8,0.024192407350255962
0.8,0.8,0.5,1.6,0.024192601528543384
0.9,0.8,0.6,2.2,0.024198043980462103
0.6,0.9,0.7,1.8,0.024218920771959744
0.1,0.8,0.5,1.8,0.024220524211202587
0.2,0.7,0.3,1.4,0.02424519702211963
0.4,0.4,0.6,1.6,0.024247818140827587
0.9,0.4,0.5,2.8,0.02425257915586836
0.1,0.8,0.3,1.2,0.02427670768394133
0.5,0.5,0.5,2.6,0.024301181518399488
0.8,0.5,0.6,2.2,0.024307087747763426
0.9,0.8,0.7,1.8,0.024315332818731012
0.3,0.2,0.3,1.2,0.024323401820668476
0.4,0.1,0.4,2.6,0.02434918634438201
0.8,0.6,0.5,1.2,0.024371876932509414
0.8,0.3,0.5,2.6,0.02438039494811047
0.9,0.6,0.4,2.2,0.02442301480739984
0.1,0.5,0.2,2.6,0.024430110431669698
0.9,0.9,0.7,1.0,0.024432065689431817
0.7,0.4,0.8,1.2,0.024458045420360917
0.3,0.1,0.5,1.6,0.024482387209170266
0.5,0.4,0.3,1.8,0.024514234969702977
0.9,0.4,0.3,2.6,0.024515757749560302
0.6,0.3,0.6,1.8,0.024552036019225825
0.1,0.3,0.5,1.2,0.02455504916451876
0.7,0.8,0.5,1.2,0.02458271302457069
0.2,0.8,0.6,1.4,0.024587089563332238
0.2,0.2,0.4,2.4,0.024594827112651513
0.5,0.8,0.6,2.2,0.02462409013668091
0.8,0.9,0.9,1.2,0.024626519513230232
0.2,0.1,0.2,2.2,0.024629704472896505
0.4,0.9,0.8,1.0,0.024635055906737743
0.4,0.1,0.5,1.8,0.024673477328617358
0.5,0.5,0.8,1.0,0.024674709378731167
0.9,0.8,0.9,1.2,0.024706109951221432
0.3,0.6,0.7,1.0,0.024726266643712552
0.3,0.9,0.7,1.2,0.024798201974666118
0.6,0.8,0.9,1.0,0.02481705997091666
0.9,0.9,0.6,1.8,0.024819197919337888
0.4,0.5,0.7,1.2,0.02482158796812379
0.9,0.1,0.6,1.8,0.02485170630299675
0.1,0.4,0.3,1.0,0.024868258990785503
0.4,0.6,0.5,2.6,0.024891311015341113
0.8,0.3,0.6,2.0,0.02489264847498954
0.2,0.7,0.5,2.2,0.024909789024347956
0.8,0.6,0.7,1.8,0.0249286607122179
0.9,0.7,0.9,1.2,0.02493652107809868
0.8,0.7,0.4,2.2,0.024942613065495577
0.8,0.9,0.5,2.8,0.024949209414802456
0.1,0.6,0.5,1.6,0.02498465315633892
0.5,0.5,0.7,1.4,0.024986695567184688
0.7,0.7,0.8,1.4,0.02500126277900061
0.9,0.9,0.9,1.2,0.02502134202568828
0.7,0.7,0.7,1.8,0.025026128121469492
0.6,0.4,0.3,2.0,0.025041964345170798
0.8,0.4,0.3,2.4,0.025066799461786284
0.6,0.4,0.5,2.6,0.025070249459588714
0.5,0.4,0.6,1.8,0.02507725638170898
0.5,0.7,0.3,2.4,0.025093297025793455
0.9,0.7,0.4,2.6,0.025110721645961807
0.3,0.8,0.3,1.8,0.025142221826081963
0.3,0.6,0.6,1.6,0.02518245462253611
0.2,0.1,0.4,2.2,0.02519390246821258
0.7,0.9,0.6,2.4,0.02521684372966201
0.6,0.9,0.8,1.4,0.025229185430428038
0.7,0.4,0.3,2.2,0.025248753192274508
0.9,0.9,0.6,2.0,0.025254296180244284
0.2,0.4,0.5,1.8,0.02527152186899768
0.6,0.7,0.3,2.8,0.02530448076438649
0.8,0.8,0.9,1.2,0.025316972770679236
0.5,0.7,0.4,1.2,0.025351695020272864
0.9,0.5,0.7,1.8,0.025353379726289496
0.3,0.8,0.6,1.8,0.025367067978020068
0.7,0.6,0.3,2.8,0.02536732413123453
0.9,0.8,0.5,2.8,0.025371987377150435
0.4,0.8,0.3,2.2,0.025381039182842347
0.6,0.3,0.3,1.8,0.025384061460652856
0.1,0.1,0.2,2.0,0.025414697789351157
0.5,0.8,0.8,1.2,0.025458827769209214
0.4,0.8,0.4,1.0,0.02549330707193793
0.1,0.4,0.2,2.4,0.025517492804680162
0.3,0.6,0.5,2.4,0.025517583167301565
0.7,0.1,0.3,1.6,0.02556545880119746
0.8,0.8,0.4,2.6,0.025568046981318957
0.6,0.1,0.2,2.8,0.02558501409112795
0.6,0.9,0.6,2.4,0.025587329412361467
0.7,0.2,0.6,1.8,0.025614171364922743
0.3,0.4,0.6,1.4,0.025618572714836627
0.9,0.4,0.6,2.2,0.025621706044244782
0.7,0.1,0.5,2.2,0.025628181296822497
0.9,0.9,0.6,1.6,0.025641284784009576
0.4,0.7,0.3,2.0,0.025643904635158164
0.7,0.5,0.9,1.0,0.025723357146668246
0.6,0.5,0.3,2.2,0.02573452192439672
0.9,0.1,0.3,1.8,0.025757540717990794
0.7,0.8,0.6,2.4,0.02576426626519845
0.9,0.8,0.5,2.0,0.025777949425610566
0.9,0.6,0.5,1.4,0.025793423540994304
0.7,0.6,0.4,1.6,0.025800603307485896
0.9,0.9,0.7,1.8,0.025825358767122667
0.4,0.9,0.3,2.4,0.02583382332822727
0.4,0.2,0.6,1.4,0.02583510117223523
0.8,0.4,0.5,2.8,0.025868821602294072
0.9,0.6,0.9,1.2,0.025872271119523716
0.8,0.8,0.6,2.4,0.025902347417775494
0.4,0.2,0.5,2.0,0.025919748193886122
0.6,0.8,0.7,1.8,0.025948679385812082
0.7,0.7,0.4,1.8,0.025952910475621666
0.1,0.9,0.3,1.2,0.025979318121954455
0.3,0.9,0.5,2.8,0.02599815201929417
0.5,0.6,0.5,2.8,0.025998856293155157
0.8,0.9,0.5,1.8,0.02603131660863861
0.3,0.2,0.5,1.8,0.026051110528969926
0.5,0.1,0.4,2.8,0.02611630947658367
0.5,0.5,0.4,1.0,0.02613996036825315
0.5,0.9,0.4,1.4,0.02620386708345885
0.1,0.1,0.5,1.0,0.02620408435879795
0.1,0.9,0.5,2.0,0.02621813296578512
0.9,0.2,0.3,2.0,0.026224882507879407
0.6,0.3,0.4,1.0,0.02623383815363126
0.7,0.9,0.4,2.4,0.02623925015377787
0.8,0.7,0.6,2.4,0.026276682584818047
0.7,0.2,0.5,2.4,0.026308554356888662
0.5,0.7,0.7,1.6,0.026331126374475437
0.2,0.5,0.3,1.2,0.026333905960952798
0.1,0.4,0.5,1.4,0.026355596331287024
0.5,0.3,0.3,1.6,0.026380924778184153
0.4,0.7,0.7,1.4,0.0263898875843775
0.7,0.4,0.7,1.6,0.026391602379299096
0.9,0.7,0.6,2.4,0.026442664613214487
0.8,0.5,0.8,1.4,0.026443504237489385
0.9,0.4,0.8,1.4,0.026454494329210786
0.6,0.6,0.6,2.2,0.026455981114300323
0.2,0.3,0.6,1.0,0.026491900962396186
0.4,0.8,0.8,1.0,0.026504758184775795
0.6,0.5,0.4,1.2,0.02650693202318137
0.8,0.9,0.6,2.4,0.026514898007407327
0.3,0.2,0.6,1.2,0.026517607827312772
0.8,0.7,0.9,1.2,0.026556404350310266
0.7,0.2,0.7,1.4,0.026562718850061666
0.6,0.5,0.5,2.8,0.02656952153871669
0.9,0.2,0.9,1.0,0.02660463643093211
0.9,0.7,0.5,1.6,0.026612846884454804
0.7,0.1,0.8,1.0,0.026628338803290953
0.5,0.1,0.5,2.0,0.026635281801182343
0.4,0.7,0.5,2.8,0.026667467971963784
0.2,0.5,0.6,1.2,0.026670336830414542
0.7,0.5,0.6,2.2,0.02667409695178554
0.7,0.9,0.9,1.2,0.026683031818995326
0.6,0.5,0.8,1.2,0.026706839321107064
0.2,0.1,0.5,1.4,0.026707076539413236
0.9,0.5,0.5,1.2,0.026708730269464617
0.1,0.5,0.3,1.0,0.02671894487750975
0.4,0.7,0.6,2.0,0.026730342316160217
0.9,0.9,0.6,2.2,0.026737854880634186
0.9,0.4,0.4,1.6,0.026765885225151043
0.5,0.8,0.3,2.6,0.02677360571187271
0.4,0.6,0.3,1.8,0.026781346084780947
0.8,0.9,0.6,1.0,0.02680713758444562
0.2,0.8,0.5,2.4,0.02681386956741392
0.6,0.7,0.9,1.0,0.02683509941469267
0.1,0.7,0.5,1.8,0.026850324201315768
0.3,0.8,0.7,1.2,0.026850553558936365
0.8,0.3,0.7,1.6,0.026874229268791173
0.6,0.3,0.7,1.4,0.02691850392668689
0.9,0.6,0.6,2.4,0.026939475709060603
0.2,0.8,0.3,1.4,0.026954131484898364
0.2,0.5,0.5,2.0,0.02695972064757034
0.6,0.9,0.4,1.8,0.02699553029403849
0.6,0.2,0.3,1.6,0.02699566501696928
0.7,0.5,0.4,1.4,0.027027392183643282
0.2,0.2,0.3,1.0,0.02703122269015506
0.2,0.7,0.6,1.4,0.027035858466736083
0.4,0.3,0.5,2.2,0.027069397841492312
0.8,0.3,0.9,1.0,0.027086388530475007
0.9,0.8,0.6,1.2,0.027092247398965114
0.4,0.9,0.6,2.2,0.027095630117332906
0.6,0.8,0.8,1.4,0.02710736452056225
0.4,0.1,0.3,1.2,0.02714581639570563
0.7,0.3,0.5,2.6,0.027156408345199508
0.7,0.8,0.4,2.0,0.027174573820695373
0.6,0.8,0.6,2.4,0.027192649857935836
0.6,0.8,0.4,1.6,0.027205454706053917
0.6,0.5,0.7,1.6,0.027208550136083212
0.3,0.7,0.5,2.6,0.02722283804438329
0.9,0.8,0.6,2.4,0.02724623433870255
0.7,0.7,0.6,2.4,0.027249321312731636
0.1,0.3,0.2,2.2,0.027254394329730928
0.7,0.5,0.3,2.4,0.027278689450354693
0.4,0.3,0.3,1.4,0.02728358239217152
0.6,0.6,0.3,2.4,0.02729005795352002
0.6,0.1,0.7,1.2,0.027315291662829564
0.3,0.5,0.3,1.4,0.027318145410146856
0.7,0.6,0.8,1.4,0.027361142414837957
0.5,0.7,0.6,2.2,0.02737914198479853
0.5,0.2,0.6,1.6,0.02738660201029155
0.7,0.7,0.5,1.0,0.02738945715991201
0.8,0.5,0.4,1.6,0.027398699742556504
0.8,0.5,0.5,1.0,0.02741214346752195
0.4,0.5,0.6,1.8,0.027419256621452004
0.7,0.6,0.7,1.8,0.027429606402918784
0.3,0.5,0.7,1.0,0.02744807105088864
0.3,0.3,0.5,2.0,0.027460462765119095
0.8,0.5,0.7,1.8,0.02746822835417718
0.9,0.5,0.4,1.8,0.02747984387572337
0.5,0.2,0.5,2.2,0.027507744594452342
0.6,0.4,0.6,2.0,0.027524731613257185
0.4,0.2,0.7,1.0,0.02755019963171282
0.9,0.2,0.6,2.0,0.027572254277703948
0.3,0.7,0.3,1.6,0.027605199708409703
0.9,0.1,0.5,2.4,0.027647745987956936
0.8,0.9,0.8,1.6,0.027666497843938105
0.9,0.3,0.4,1.4,0.027667856013249496
0.6,0.1,0.6,1.6,0.02769768544213953
0.9,0.5,0.9,1.2,0.027700867355981106
0.5,0.1,0.2,2.6,0.027726283094091534
0.2,0.9,0.6,1.6,0.027770566695645028
0.8,0.6,0.4,1.8,0.027829998482550224
0.8,0.6,0.6,2.4,0.027868046551784684
0.5,0.7,0.8,1.2,0.02787783086410028
0.8,0.4,0.6,2.2,0.027879939900099855
0.8,0.1,0.7,1.4,0.027881536217036252
0.9,0.3,0.3,2.2,0.02798019449952742
0.9,0.9,0.6,1.4,0.027984844671553537
0.9,0.8,0.8,1.6,0.02802160889827602
0.5,0.4,0.8,1.0,0.028037667804040774
0.5,0.9,0.6,2.4,0.02805133665156175
0.8,0.9,0.7,2.0,0.028062031427014113
0.9,0.2,0.5,2.6,0.028071501281289317
0.5,0.5,0.6,2.0,0.028112125693619434
0.4,0.9,0.4,1.0,0.028121744220921476
0.9,0.7,0.6,1.0,0.02813752329771825
0.9,0.7,0.4,2.4,0.02818432939292201
0.1,0.5,0.5,1.6,0.028191608616198644
0.1,0.9,0.6,1.0,0.02819859788686606
0.4,0.4,0.5,2.4,0.028210352915854053
0.1,0.2,0.5,1.2,0.028215942178109875
0.8,0.2,0.8,1.2,0.028224264577103513
0.1,0.5,0.4,2.8,0.028224449971542324
0.7,0.8,0.9,1.2,0.028244153970479514
0.8,0.8,0.4,2.4,0.028256153650477196
0.7,0.4,0.5,2.8,0.028263956771361693
0.7,0.9,0.7,2.0,0.028268698472020282
0.5,0.9,0.7,1.8,0.028270767873286164
0.4,0.9,0.7,1.6,0.02828672041200802
0.8,0.5,0.3,2.6,0.028333079090797825
0.8,0.1,0.6,1.8,0.028344355355330978
0.9,0.9,0.8,1.6,0.028347339321339076
0.6,0.2,0.8,1.0,0.028349591341205765
0.9,0.4,0.7,1.8,0.028350660461381506
0.3,0.3,0.3,1.2,0.02835471570513063
0.1,0.4,0.4,2.6,0.02835475962163816
0.1,0.7,0.2,2.8,0.028366301189076525
0.5,0.3,0.5,2.4,0.028373445130634545
0.2,0.4,0.2,2.6,0.02838519280468601
0.6,0.7,0.7,1.8,0.028398019450540612
0.3,0.7,0.6,1.8,0.02839844586146943
0.8,0.8,0.8,1.6,0.02842928070273976
0.8,0.8,0.7,2.0,0.028436758149648737
0.7,0.3,0.6,2.0,0.028444067855440694
0.9,0.9,0.5,2.6,0.02845762139198018
0.9,0.7,0.8,1.6,0.028464895434199274
0.8,0.4,0.4,1.4,0.028480306963045716
0.2,0.5,0.2,2.8,0.028482336569476328
0.8,0.6,0.9,1.2,0.028488870262594966
0.4,0.4,0.7,1.2,0.028540710671695762
0.1,0.6,0.3,1.0,0.028555744912282018
0.7,0.3,0.8,1.2,0.02856958839888037
0.2,0.2,0.5,1.6,0.028569725585447216
0.9,0.9,0.5,2.4,0.028607443578209622
0.1,0.3,0.4,2.4,0.028614318367373104
0.3,0.9,0.6,2.0,0.028620483889646706
0.2,0.6,0.5,2.2,0.02863523043926401
0.9,0.2,0.7,1.6,0.028666200595442625
0.6,0.7,0.4,1.4,0.028674978391702192
0.9,0.8,0.7,2.0,0.028710488896111094
0.9,0.8,0.5,1.8,0.028716209802029137
0.4,0.7,0.8,1.0,0.02876869030124569
0.3,0.4,0.5,2.2,0.028787901968390248
0.1,0.8,0.5,2.0,0.028792981550628413
0.2,0.9,0.5,2.6,0.028796212202585558
0.7,0.2,0.4,1.0,0.028813704489321097
0.7,0.9,0.5,1.2,0.028852575678338266
0.9,0.3,0.5,2.8,0.02885406024077213
0.9,0.7,0.7,2.0,0.02886281218688525
0.9,0.5,0.3,2.8,0.02887658901163921
0.3,0.9,0.3,1.8,0.028876908992830203
0.2,0.3,0.2,2.4,0.02891411645779933
0.1,0.6,0.2,2.6,0.028938063648104587
0.3,0.5,0.6,1.6,0.02894018723860409
0.7,0.4,0.9,1.0,0.028951850916043426
0.1,0.2,0.4,2.2,0.028957369980016905
0.8,0.8,0.5,1.4,0.028961579329649424
0.7,0.9,0.8,1.6,0.029004439519205564
0.5,0.9,0.3,2.8,0.029005318608926287
0.9,0.5,0.6,2.4,0.029006388833083204
0.4,0.5,0.3,1.6,0.02900716551438445
0.3,0.8,0.5,2.8,0.02902637388382429
0.5,0.2,0.7,1.2,0.029030727646215834
0.5,0.4,0.7,1.4,0.02908257871728135
0.9,0.9,0.5,2.8,0.02909506368697254
0.9,0.9,0.6,2.4,0.02910267712707536
0.2,0.6,0.3,1.2,0.029175521394141236
0.5,0.8,0.4,1.2,0.029206653980985355
0.4,0.3,0.6,1.6,0.029208035056839807
0.7,0.9,0.4,2.2,0.029247399332749432
0.3,0.2,0.4,2.8,0.029258839950434715
0.1,0.1,0.4,2.0,0.029324253075915786
0.5,0.4,0.5,2.6,0.029325223512261186
0.3,0.7,0.7,1.2,0.029330133761940193
0.8,0.1,0.4,1.0,0.0293310781749591
0.6,0.6,0.9,1.0,0.029385000779969167
0.5,0.2,0.2,2.8,0.029401102944579784
0.4,0.5,0.5,2.6,0.02941349778172155
0.9,0.1,0.8,1.2,0.029431789853296458
0.8,0.7,0.4,2.0,0.029438108888468473
0.9,0.6,0.4,2.0,0.029460502826533716
0.8,0.9,0.5,1.6,0.029480680523565457
0.9,0.9,0.7,2.0,0.029497493013331887
0.4,0.1,0.2,2.4,0.02956710801490082
0.4,0.6,0.7,1.4,0.029570662309453096
0.6,0.7,0.3,2.6,0.029576310796263685
0.6,0.7,0.8,1.4,0.02958427732667511
0.2,0.9,0.3,1.4,0.029598872134605162
0.5,0.6,0.7,1.6,0.029616936210825305
0.9,0.9,0.5,2.2,0.02967200316781703
0.6,0.7,0.6,2.4,0.029701191111916485
0.7,0.8,0.7,2.0,0.02970229154153667
0.8,0.7,0.7,2.0,0.02970425629032848
0.1,0.8,0.6,1.0,0.0297328603482279
0.5,0.2,0.3,1.4,0.029737285602442834
0.1,0.2,0.2,2.0,0.029756236586878263
0.7,0.9,0.6,2.6,0.029788950752805347
0.2,0.3,0.4,2.8,0.029820865036810952
0.9,0.6,0.8,1.6,0.029876890338097737
0.7,0.6,0.6,2.4,0.029884333260709918
0.4,0.8,0.6,2.2,0.029901392192618045
0.8,0.4,0.8,1.4,0.029927468975991533
0.8,0.7,0.8,1.6,0.029937428027348466
0.8,0.9,0.4,2.8,0.02996513621775291
0.6,0.1,0.5,2.2,0.02997956552212665
0.2,0.6,0.6,1.4,0.029996509343876095
0.9,0.8,0.4,2.8,0.02999686826955386
0.2,0.3,0.3,1.0,0.02999753773967284
0.8,0.7,0.5,1.2,0.030037464470601023
0.1,0.6,0.5,1.8,0.030043493517823452
0.4,0.2,0.2,2.6,0.03005925605848248
0.1,0.5,0.2,2.4,0.03007094785983857
0.2,0.4,0.6,1.2,0.030075401313877027
0.9,0.4,0.5,1.0,0.03007635929414962
0.7,0.1,0.2,2.8,0.030087638263376668
0.7,0.4,0.4,1.2,0.03009272383101767
0.5,0.6,0.3,2.0,0.030096650167843783
0.3,0.5,0.5,2.4,0.030101411718528898
0.7,0.6,0.3,2.6,0.030124974942990712
0.2,0.2,0.2,2.2,0.030170555349841602
0.3,0.3,0.6,1.4,0.030176710914022853
0.9,0.6,0.7,2.0,0.03018219904311214
0.5,0.6,0.4,1.0,0.030185147557900256
0.1,0.3,0.5,1.4,0.030187938167874875
0.8,0.2,0.3,1.8,0.030199131671058883
0.6,0.1,0.3,1.4,0.030216229342560793
0.9,0.3,0.6,2.2,0.030223557225648616
0.2,0.3,0.5,1.8,0.030236785906099264
0.5,0.7,0.3,2.2,0.030268463161938153
0.2,0.8,0.6,1.6,0.030277275231139766
0.2,0.2,0.6,1.0,0.030277788281593988
0.4,0.9,0.3,2.2,0.03028021934824446
0.3,0.2,0.2,2.4,0.03029481928438434
0.3,0.3,0.2,2.6,0.03032161586464249
0.2,0.7,0.5,2.4,0.030333197701543628
0.1,0.7,0.3,1.0,0.030350142881881672
0.7,0.7,0.9,1.2,0.030364544810952788
0.8,0.9,0.6,2.6,0.030378418626776538
0.6,0.2,0.5,2.4,0.03040579671286504
0.6,0.5,0.6,2.2,0.030420404387712225
0.8,0.8,0.6,2.6,0.030430909046768227
0.5,0.3,0.6,1.8,0.030432979356310015
0.5,0.5,0.5,2.8,0.03043345193563314
0.9,0.3,0.8,1.4,0.03044592858082681
0.4,0.6,0.6,2.0,0.030482469234218164
0.8,0.3,0.3,2.0,0.03048661716438237
0.6,0.9,0.7,2.0,0.030523897542729887
0.6,0.4,0.8,1.2,0.03056899608921497
0.5,0.8,0.6,2.4,0.030598380799440057
0.7,0.5,0.8,1.4,0.030628807529866752
0.5,0.9,0.9,1.0,0.030629545274249836
0.9,0.4,0.9,1.2,0.030638375607335077
0.6,0.2,0.6,1.8,0.03064456325985886
0.4,0.8,0.3,2.0,0.0306479004219217
0.8,0.1,0.5,2.4,0.030653250931752158
0.3,0.1,0.4,2.6,0.03066378178800422
0.9,0.2,0.4,1.2,0.030727774774748754
0.4,0.6,0.5,2.8,0.030733159828735195
0.7,0.8,0.8,1.6,0.030735168937098024
0.3,0.4,0.7,1.0,0.030741065971441058
0.2,0.2,0.4,2.6,0.030761099187506174
0.1,0.9,0.5,2.2,0.030811797298668876
0.8,0.2,0.5,2.6,0.030812436038366014
0.6,0.9,0.6,2.6,0.030813940344093134
0.5,0.8,0.7,1.8,0.030828247719462385
0.9,0.4,0.3,2.4,0.03086064483544523
0.5,0.6,0.8,1.2,0.030888097539044396
0.5,0.5,0.3,1.8,0.030897065858741284
0.8,0.2,0.6,2.0,0.03090406390654354
0.4,0.8,0.7,1.6,0.03092916176731831
0.8,0.5,0.6,2.4,0.030931185391675064
0.6,0.3,0.5,2.6,0.030940393057989013
0.7,0.5,0.7,1.8,0.03094106208680608
0.7,0.8,0.6,2.6,0.03096685025265591
0.3,0.4,0.2,2.8,0.031056574096446878
0.9,0.8,0.6,2.6,0.031065183442870972
0.5,0.6,0.6,2.2,0.0310779414763693
0.3,0.1,0.2,2.2,0.031081062306722147
0.9,0.7,0.6,2.6,0.03110613321397359
0.5,0.9,0.8,1.4,0.03114841751008917
0.9,0.9,0.9,1.4,0.031158374067548004
0.7,0.4,0.6,2.2,0.03117694330300037
0.3,0.1,0.3,1.0,0.0311939240755961
0.5,0.8,0.3,2.4,0.03123562868123081
0.8,0.3,0.5,2.8,0.0312732953070626
0.4,0.1,0.4,2.8,0.03127549209377984
0.8,0.5,0.9,1.2,0.03128487359360007
0.3,0.6,0.3,1.4,0.031310918266900245
0.3,0.9,0.7,1.4,0.031333337916336454
0.7,0.3,0.7,1.6,0.03135400474434099
0.4,0.3,0.2,2.8,0.03135462895145012
0.8,0.1,0.3,1.6,0.03140836237935924
0.8,0.4,0.7,1.8,0.031418582422489905
0.3,0.8,0.3,1.6,0.031443858335690446
0.3,0.6,0.5,2.6,0.03145692676934146
0.4,0.6,0.8,1.0,0.031504912906252965
0.1,0.7,0.6,1.0,0.03155484986338126
0.8,0.3,0.4,1.2,0.031583420121874504
0.3,0.8,0.6,2.0,0.0315847785279339
0.8,0.7,0.6,2.6,0.03159752952159093
0.9,0.8,0.9,1.4,0.031621889325430044
0.6,0.9,0.9,1.2,0.031630770330283234
0.6,0.4,0.7,1.6,0.0316677118815323
0.6,0.4,0.5,2.8,0.03167665660816722
0.8,0.2,0.9,1.0,0.031678213563194314
0.6,0.4,0.4,1.0,0.03169587820944332
0.6,0.6,0.7,1.8,0.03172747258454495
0.2,0.4,0.5,2.0,0.03176902134425936
0.7,0.8,0.5,1.0,0.03179526830414795
0.9,0.9,0.5,2.0,0.03180606056986788
0.6,0.6,0.4,1.2,0.03180722084048519
0.2,0.1,0.4,2.4,0.031859262822516214
0.1,0.4,0.2,2.2,0.0318623887041698
0.9,0.1,0.9,1.0,0.03188182610445546
0.4,0.7,0.3,1.8,0.03190607818662923
0.3,0.1,0.6,1.2,0.0319079085536087
0.1,0.7,0.5,2.0,0.03191475662744961
0.8,0.9,0.9,1.4,0.03195746775451499
0.2,0.7,0.3,1.2,0.031965245446090085
0.8,0.8,0.4,2.2,0.0319894192470219
0.7,0.7,0.7,2.0,0.03199691498375696
0.2,0.9,0.7,1.0,0.03200191336764887
0.8,0.4,0.3,2.2,0.0320152697279917
0.4,0.1,0.6,1.4,0.03202888496996217
0.8,0.6,0.7,2.0,0.03207426589810349
0.1,0.8,0.3,1.0,0.03208222520103408
0.1,0.4,0.5,1.6,0.03208250087380204
0.2,0.8,0.5,2.6,0.03208469136840151
0.3,0.6,0.6,1.8,0.032134945555540126
0.7,0.7,0.4,1.6,0.03217080817910749
0.7,0.8,0.4,1.8,0.032177129741094684
0.9,0.9,0.6,1.2,0.03219009252908914
0.6,0.9,0.4,1.6,0.032192095415819695
0.8,0.9,0.4,2.6,0.032204299221920814
0.9,0.9,0.6,2.6,0.032213173482350824
0.5,0.3,0.8,1.0,0.03221805455185329
0.4,0.9,0.8,1.2,0.03222726309809656
0.2,0.1,0.2,2.0,0.03228006674179486
0.4,0.4,0.6,1.8,0.0323109471768812
0.3,0.6,0.7,1.2,0.03231906144809115
0.8,0.6,0.8,1.6,0.032372884920164116
0.8,0.6,0.3,2.8,0.03240533088843083
0.9,0.7,0.4,2.2,0.032469740113431816
0.9,0.5,0.8,1.6,0.03248454718658717
0.3,0.4,0.3,1.2,0.032485932056214466
0.6,0.8,0.3,2.8,0.03248652167552303
0.4,0.2,0.3,1.2,0.032490696271501
0.6,0.5,0.9,1.0,0.0325844910083278
0.1,0.9,0.6,1.2,0.03258984866057437
0.9,0.6,0.6,2.6,0.03259262251406908
0.9,0.7,0.5,1.4,0.03260248632408097
0.6,0.5,0.3,2.0,0.03260561164165042
0.4,0.4,0.3,1.4,0.03261883882106025
0.6,0.2,0.7,1.4,0.032657566690064546
0.9,0.8,0.4,2.6,0.03266042874853074
0.1,0.1,0.5,1.2,0.032689270198798824
0.8,0.2,0.7,1.6,0.032692456858202365
0.7,0.4,0.3,2.0,0.0327420452621828
0.4,0.1,0.7,1.0,0.0327447054030481
0.7,0.3,0.3,1.8,0.03276721799914195
0.6,0.9,0.8,1.6,0.03278918911249071
0.6,0.6,0.8,1.4,0.032792678409983865
0.5,0.8,0.9,1.0,0.03279990299214865
0.9,0.7,0.9,1.4,0.032811765757713336
0.7,0.1,0.6,1.8,0.03284690938256416
0.3,0.1,0.5,1.8,0.03285458863474242
0.5,0.9,0.3,2.6,0.03286233928320729
0.3,0.7,0.5,2.8,0.032898304694760544
0.6,0.8,0.7,2.0,0.032899778720067926
0.1,0.8,0.2,2.8,0.032906035934683435
0.5,0.4,0.3,1.6,0.032908473020835285
0.9,0.5,0.7,2.0,0.032921381924092115
0.9,0.4,0.6,2.4,0.032932181808359995
0.5,0.9,0.4,1.2,0.03296696049024746
0.2,0.4,0.3,1.0,0.0329822795630344
0.6,0.4,0.3,1.8,0.03301572854043757
0.6,0.8,0.6,2.6,0.03302308741232704
0.6,0.1,0.2,2.6,0.033077413740523746
0.4,0.9,0.6,2.4,0.033086867427772615
0.4,0.3,0.7,1.2,0.03313173203204811
0.9,0.3,0.7,1.8,0.033131966785423676
0.7,0.3,0.9,1.0,0.033158494058638036
0.7,0.1,0.7,1.4,0.03316874955486539
0.1,0.1,0.2,1.8,0.03317267904621661
0.7,0.6,0.9,1.2,0.03317507275401531
0.7,0.7,0.8,1.6,0.03319937396545726
0.7,0.7,0.6,2.6,0.03320053182356284
0.2,0.5,0.5,2.2,0.03322763389485369
0.9,0.8,0.5,1.6,0.033231155478322075
0.5,0.4,0.6,2.0,0.03324530244984357
0.6,0.6,0.3,2.2,0.03326730712158367
0.7,0.9,0.4,2.0,0.0332846947891615
0.2,0.7,0.6,1.6,0.03329962165330416
0.6,0.3,0.6,2.0,0.033306587977503375
0.6,0.6,0.6,2.4,0.03330796755128268
0.8,0.6,0.5,1.0,0.03332665451881018
0.8,0.3,0.6,2.2,0.03332684705233377
0.4,0.1,0.5,2.0,0.033335617642939915
0.8,0.8,0.9,1.4,0.033413998049181236
0.9,0.8,0.6,1.0,0.03344143540794395
0.8,0.9,0.7,2.2,0.03344147072140573
0.4,0.7,0.6,2.2,0.03347912324344151
0.4,0.5,0.7,1.4,0.033489569037150405
0.1,0.7,0.2,2.6,0.03354956724171032
0.2,0.9,0.6,1.8,0.03354962312443904
0.3,0.4,0.6,1.6,0.0335624863501879
0.2,0.5,0.6,1.4,0.033567108302706795
0.7,0.6,0.4,1.4,0.03358594975046376
0.7,0.7,0.3,2.8,0.03368200059314402
0.1,0.6,0.6,1.0,0.03371745098642148
0.5,0.8,0.8,1.4,0.03373566431296377
0.1,0.9,0.3,1.0,0.033738726679920915
0.1,0.4,0.4,2.8,0.03375661428783646
0.9,0.6,0.5,1.2,0.03377813228633332
0.5,0.5,0.7,1.6,0.033792217773437605
0.6,0.8,0.4,1.4,0.033806430702238495
0.1,0.8,0.5,2.2,0.033819022027452836
0.5,0.9,0.6,2.6,0.03387074641856593
0.7,0.5,0.3,2.2,0.03388202969157875
0.1,0.5,0.5,1.8,0.03390599319923278
0.7,0.5,0.6,2.4,0.03390765586807525
0.2,0.9,0.5,2.8,0.03391549637919802
0.6,0.8,0.9,1.2,0.03392666009566702
0.2,0.8,0.7,1.0,0.0339325995335203
0.9,0.9,0.8,1.8,0.03394226954980276
0.3,0.8,0.7,1.4,0.033950421360151264
0.3,0.2,0.5,2.0,0.033984668602999445
0.7,0.2,0.8,1.2,0.03400927656376437
0.9,0.8,0.7,2.2,0.034012175159887595
0.4,0.2,0.5,2.2,0.03401560825960506
0.6,0.1,0.8,1.0,0.034024507728127866
0.5,0.7,0.6,2.4,0.03402632873963907
0.9,0.9,0.7,2.2,0.03403971243807509
0.5,0.7,0.7,1.8,0.034104003051811806
0.8,0.6,0.6,2.6,0.03411882450987016
0.5,0.7,0.4,1.0,0.03414910076474716
0.4,0.7,0.7,1.6,0.03418702558613146
0.2,0.3,0.6,1.2,0.0341930640873398
0.7,0.2,0.3,1.6,0.034220732730572495
0.8,0.9,0.8,1.8,0.0342354106445105
0.5,0.3,0.7,1.4,0.034263600755880044
0.4,0.6,0.3,1.6,0.03427347669027325
0.7,0.2,0.5,2.6,0.03433951385463392
0.2,0.5,0.2,2.6,0.034363489213854494
0.1,0.3,0.4,2.6,0.03437336204152261
0.9,0.8,0.8,1.8,0.034405954472811986
0.7,0.9,0.7,2.2,0.03441992418170653
0.5,0.1,0.6,1.6,0.034430793347017985
0.1,0.3,0.2,2.0,0.03443524564967639
0.2,0.6,0.2,2.8,0.03443921434383464
0.7,0.1,0.5,2.4,0.03444821640064599
0.8,0.1,0.2,2.8,0.03447121324799315
0.7,0.3,0.5,2.8,0.03447573369929143
0.8,0.1,0.8,1.2,0.03449296817514611
0.8,0.9,0.5,1.4,0.034507516149524756
0.8,0.8,0.7,2.2,0.03453637480907811
0.1,0.8,0.6,1.2,0.034576397570779335
0.8,0.5,0.3,2.4,0.0346011661099171
0.5,0.5,0.8,1.2,0.03461329617844995
0.4,0.3,0.5,2.4,0.03463045893652028
0.2,0.6,0.5,2.4,0.03466753367500197
0.2,0.8,0.3,1.2,0.03467001356392067
0.3,0.3,0.7,1.0,0.03472073474732499
0.4,0.8,0.8,1.2,0.03472659760687329
0.9,0.5,0.3,2.6,0.034742475233713765
0.6,0.3,0.3,1.6,0.034754259861036065
0.3,0.9,0.6,2.2,0.03475732209926232
0.1,0.6,0.2,2.4,0.034758789501649345
0.2,0.1,0.5,1.6,0.034789638776413244
0.8,0.9,0.6,2.8,0.0347938024437666
0.4,0.5,0.8,1.0,0.034807562113990574
0.8,0.3,0.8,1.4,0.03481085363222616
0.6,0.7,0.3,2.4,0.03481162305075156
0.7,0.9,0.6,2.8,0.03483763969983946
0.1,0.2,0.5,1.4,0.03484391983876349
0.2,0.1,0.6,1.0,0.03487786280284122
0.9,0.6,0.9,1.4,0.034912367744093044
0.2,0.4,0.2,2.4,0.034912852226252615
0.9,0.3,0.9,1.2,0.03492919662163906
0.3,0.3,0.5,2.2,0.03495448543541402
0.7,0.4,0.8,1.4,0.0350036818112739
0.5,0.1,0.3,1.2,0.035060956117918284
0.7,0.9,0.9,1.4,0.035067439019483546
0.9,0.7,0.7,2.2,0.035074348702456445
0.1,0.2,0.4,2.4,0.03511010890779084
0.8,0.6,0.4,1.6,0.03513465234237301
0.8,0.4,0.9,1.2,0.035142910241503574
0.9,0.9,0.5,1.8,0.03519955027116817
0.3,0.9,0.3,1.6,0.035205219365372124
0.9,0.1,0.6,2.0,0.03520738463030704
0.4,0.5,0.6,2.0,0.035212225121347106
0.3,0.7,0.6,2.0,0.035229746336555456
0.7,0.2,0.6,2.0,0.035250217207802755
0.3,0.7,0.3,1.4,0.03526288714572579
0.5,0.1,0.7,1.2,0.03526773015774689
0.5,0.9,0.7,2.0,0.035275776052544394
0.4,0.4,0.5,2.6,0.035277860635602315
0.8,0.9,0.4,2.4,0.03531335048181511
0.7,0.6,0.7,2.0,0.03534487932794792
0.6,0.8,0.8,1.6,0.0353592696793886
0.4,0.9,0.7,1.8,0.03541325881419712
0.8,0.7,0.4,1.8,0.03542427707665801
0.6,0.2,0.2,2.8,0.03542487497771764
0.5,0.7,0.9,1.0,0.03542813120275159
0.4,0.2,0.6,1.6,0.0354372118845843
0.3,0.2,0.3,1.0,0.03546335747687944
0.6,0.3,0.8,1.2,0.03549112455598208
0.8,0.8,0.6,2.8,0.03552791679770867
0.9,0.8,0.6,2.8,0.03553608572322087
0.8,0.7,0.9,1.4,0.03558400151906976
0.5,0.1,0.5,2.2,0.035592409223370244
0.9,0.5,0.4,1.6,0.035634090933100326
0.4,0.9,0.3,2.0,0.035651553263744876
0.1,0.6,0.5,2.0,0.03568336076268597
0.7,0.3,0.4,1.0,0.03571087787050444
0.8,0.4,0.6,2.4,0.03574310797604166
0.8,0.8,0.8,1.8,0.03575685950763909
0.8,0.8,0.5,1.2,0.035763969370994964
0.1,0.9,0.5,2.4,0.03577327301628337
0.5,0.2,0.5,2.4,0.035777579569640235
0.5,0.1,0.2,2.4,0.035782419142362486
0.8,0.5,0.7,2.0,0.035782889620049343
0.3,0.2,0.6,1.4,0.03578289709599294
0.7,0.4,0.7,1.8,0.03579140573113744
0.9,0.5,0.6,2.6,0.03580146383352638
0.6,0.4,0.6,2.2,0.035802513136230035
0.9,0.7,0.8,1.8,0.035804758981706014
0.9,0.1,0.7,1.6,0.03581438960184665
0.3,0.4,0.5,2.4,0.03586066428556805
0.1,0.1,0.4,2.2,0.035904489332681276
0.5,0.5,0.6,2.2,0.035912843003338794
0.3,0.5,0.7,1.2,0.03591579843137083
0.2,0.5,0.3,1.0,0.03592662415100858
0.8,0.5,0.8,1.6,0.03594493906431739
0.9,0.9,0.6,2.8,0.03595819579415162
0.7,0.6,0.3,2.4,0.03599476621604898
0.5,0.3,0.5,2.6,0.03601503409237685
0.9,0.2,0.5,2.8,0.036027704078392675
0.4,0.5,0.5,2.8,0.03603239521833628
0.7,0.9,0.5,1.0,0.03608775347928158
0.6,0.7,0.7,2.0,0.03611701604191558
0.6,0.5,0.7,1.8,0.036123831890034146
0.2,0.7,0.5,2.6,0.03613493753081028
0.2,0.3,0.2,2.2,0.03619693794672674
0.9,0.2,0.8,1.4,0.03620159893730636
0.2,0.7,0.7,1.0,0.036215660091768215
0.9,0.6,0.4,1.8,0.036236161032501255
0.6,0.7,0.6,2.6,0.036244711646063216
0.9,0.2,0.3,1.8,0.036263784473055415
0.1,0.5,0.6,1.0,0.03628420099386084
0.9,0.8,0.4,2.4,0.036335459790910025
0.2,0.2,0.5,1.8,0.03634584420246607
0.5,0.4,0.5,2.8,0.03639995050008721
0.8,0.5,0.4,1.4,0.036423153610785186
0.9,0.7,0.6,2.8,0.036432327455642066
0.6,0.9,0.6,2.8,0.03644950645775287
0.4,0.8,0.6,2.4,0.0364502464945108
0.7,0.9,0.8,1.8,0.03645211525248956
0.5,0.3,0.3,1.4,0.03646633811471436
0.9,0.1,0.5,2.6,0.036506677397391336
0.9,0.4,0.8,1.6,0.03654104574446941
0.7,0.8,0.7,2.2,0.03654384642664828
0.7,0.6,0.8,1.6,0.03656286378717355
0.2,0.8,0.6,1.8,0.03656386112318505
0.6,0.4,0.9,1.0,0.03657445598107519
0.5,0.7,0.3,2.0,0.036579684648381405
0.3,0.5,0.3,1.2,0.03662197289297444
0.1,0.5,0.2,2.2,0.0366349702148769
0.5,0.8,0.3,2.2,0.03664130961343356
0.7,0.8,0.6,2.8,0.03666094936429567
0.8,0.7,0.7,2.2,0.036663483607908685
0.3,0.5,0.6,1.8,0.03671328629859452
0.7,0.6,0.6,2.6,0.0367135546453539
0.9,0.4,0.4,1.4,0.03674510944236688
0.3,0.5,0.5,2.6,0.03678092871515694
0.1,0.3,0.5,1.6,0.03678921765377256
0.6,0.7,0.9,1.2,0.036795571568323616
0.7,0.5,0.9,1.2,0.036831261643185995
0.9,0.1,0.4,1.0,0.03683562190237796
0.3,0.9,0.8,1.0,0.03686886180703297
0.9,0.3,0.3,2.0,0.036868916471616574
0.6,0.5,0.8,1.4,0.03688967373596749
0.7,0.5,0.4,1.2,0.03689002368224414
0.5,0.2,0.2,2.6,0.03690507057525813
0.1,0.7,0.6,1.2,0.03693009180025133
0.2,0.6,0.6,1.6,0.036932865115987555
0.5,0.7,0.8,1.4,0.03693296979697977
0.8,0.8,0.4,2.0,0.03693711233261863
0.5,0.8,0.6,2.6,0.03700153288166029
0.4,0.8,0.3,1.8,0.03703486720879139
0.8,0.3,0.7,1.8,0.037052662948423326
0.6,0.8,0.3,2.6,0.03709279488930135
0.3,0.7,0.7,1.4,0.03709402942216032
0.6,0.7,0.4,1.2,0.03709737655587508
0.9,0.2,0.6,2.2,0.03712863659606733
0.6,0.5,0.4,1.0,0.03720497974588419
0.2,0.9,0.3,1.2,0.03726730543347794
0.5,0.2,0.6,1.8,0.03730488466062682
0.9,0.1,0.3,1.6,0.037306200907680935
0.9,0.4,0.7,2.0,0.03735577374749148
0.6,0.9,0.7,2.2,0.03737258619231814
0.5,0.2,0.8,1.0,0.03738767830507721
0.7,0.8,0.9,1.4,0.037390213080057785
0.2,0.2,0.4,2.8,0.03741091207787577
0.1,0.9,0.2,2.8,0.037444911672470396
0.1,0.7,0.5,2.2,0.037445484069765715
0.7,0.3,0.6,2.2,0.03745037539921396
0.6,0.3,0.7,1.6,0.037454728212608895
0.9,0.6,0.7,2.2,0.03746661839168201
0.9,0.5,0.5,1.0,0.03748138226238633
0.7,0.1,0.3,1.4,0.03748350234434696
0.8,0.7,0.6,2.8,0.03749805631966988
0.5,0.6,0.3,1.8,0.037510496013033204
0.5,0.9,0.3,2.4,0.03751052021858278
0.8,0.2,0.4,1.0,0.03751900283923589
0.3,0.3,0.2,2.4,0.03759742062155635
0.2,0.8,0.5,2.8,0.03766707665393466
0.2,0.3,0.5,2.0,0.0376690640831647
0.3,0.4,0.2,2.6,0.03767513864775304
0.4,0.7,0.8,1.2,0.03773335481458425
0.9,0.9,0.4,2.8,0.037759969636883634
0.8,0.1,0.9,1.0,0.0377646845335058
0.3,0.6,0.5,2.8,0.03777548543363229
0.1,0.9,0.6,1.4,0.03777717297155086
0.2,0.4,0.6,1.4,0.03786446727973155
0.4,0.2,0.2,2.4,0.037874111805937735
0.1,0.2,0.2,1.8,0.037948887306300534
0.7,0.2,0.7,1.6,0.03797528471172002
0.4,0.6,0.6,2.2,0.03798136584345303
0.5,0.8,0.4,1.0,0.037982729792482475
0.3,0.1,0.4,2.8,0.03799475499501007
0.4,0.3,0.3,1.2,0.03804606337101341
0.4,0.5,0.3,1.4,0.03805164645636017
0.8,0.6,0.3,2.6,0.03810275794926264
0.4,0.1,0.2,2.2,0.038118304102903316
0.9,0.5,0.9,1.4,0.038135603825906604
0.9,0.7,0.4,2.0,0.03817251232757765
0.8,0.7,0.8,1.8,0.038176230863060136
0.1,0.8,0.2,2.6,0.03817991050365956
0.4,0.6,0.7,1.6,0.03818092164120327
0.6,0.2,0.3,1.4,0.03818625590044319
0.6,0.5,0.6,2.4,0.038234501457100396
0.5,0.6,0.7,1.8,0.03824506490147461
0.8,0.5,0.6,2.6,0.03825834357654214
0.3,0.8,0.6,2.2,0.03825919374997316
0.4,0.4,0.7,1.4,0.03829422799988384
0.3,0.2,0.2,2.2,0.03833920994688775
0.2,0.2,0.2,2.0,0.03835268652529242
0.9,0.6,0.8,1.8,0.038356070717234965
0.7,0.1,0.2,2.6,0.038389789249485155
0.4,0.3,0.6,1.8,0.03842721250161686
0.2,0.9,0.7,1.2,0.03845420246815859
0.3,0.5,0.2,2.8,0.03845510643530141
0.9,0.9,0.9,1.6,0.03846264113423572
0.5,0.8,0.7,2.0,0.03846824931273095
0.5,0.6,0.6,2.4,0.03851417107357325
0.7,0.9,0.4,1.8,0.03852119541070078
0.3,0.9,0.7,1.6,0.03852592194108705
0.4,0.3,0.2,2.6,0.038542098655144984
0.7,0.2,0.9,1.0,0.038553938786664306
0.1,0.4,0.5,1.8,0.03856330190244904
0.5,0.6,0.9,1.0,0.03860525090673012
0.6,0.1,0.6,1.8,0.038616915864284986
0.8,0.6,0.9,1.4,0.038635257671526105
0.9,0.1,0.2,2.8,0.038658432974400504
0.6,0.7,0.8,1.6,0.038659324592705525
0.4,0.8,0.7,1.8,0.038665024647169345
0.7,0.8,0.4,1.6,0.03866763840106179
0.6,0.3,0.5,2.8,0.038682772482921436
0.9,0.9,0.6,1.0,0.03870359939575839
0.4,0.2,0.7,1.2,0.03877135275262974
0.2,0.6,0.3,1.0,0.03878816768201944
0.4,0.4,0.8,1.0,0.03878959540822644
0.9,0.4,0.3,2.2,0.038844226028273164
0.2,0.4,0.5,2.2,0.038850558600133235
0.6,0.2,0.5,2.6,0.03886601371263533
0.6,0.9,0.4,1.4,0.03887141175785253
0.9,0.6,0.6,2.8,0.0389108912859008
0.2,0.6,0.7,1.0,0.038914705566151016
0.7,0.8,0.8,1.8,0.03892032953503203
0.5,0.3,0.2,2.8,0.03892454724561395
0.7,0.7,0.3,2.6,0.0389317388065456
0.9,0.3,0.6,2.4,0.03902107625867909
0.5,0.4,0.7,1.6,0.039037522629171456
0.2,0.1,0.4,2.6,0.0390986938057036
0.3,0.8,0.3,1.4,0.03912072146347563
0.8,0.2,0.5,2.8,0.039121249373512
0.2,0.2,0.6,1.2,0.0391639929081867
0.3,0.8,0.8,1.0,0.03916865436365137
0.5,0.4,0.8,1.2,0.03920036883793303
0.3,0.3,0.6,1.6,0.039218141876295264
0.1,0.8,0.5,2.4,0.03922300127258074
0.8,0.1,0.6,2.0,0.039225022583827686
0.6,0.1,0.5,2.4,0.03923899574521458
0.8,0.7,0.5,1.0,0.039247754883068836
0.6,0.8,0.6,2.8,0.039275236760734335
0.9,0.9,0.7,2.4,0.039304044663317085
0.1,0.4,0.2,2.0,0.039306222533202546
0.1,0.4,0.6,1.0,0.03933136151598475
0.8,0.9,0.4,2.2,0.03942289952918366
0.4,0.9,0.6,2.6,0.03943218990202348
0.8,0.9,0.7,2.4,0.039440253297512405
0.5,0.9,0.8,1.6,0.03948478860110026
0.1,0.7,0.2,2.4,0.03948571681396433
0.9,0.6,0.3,2.8,0.03952355551875065
0.3,0.2,0.7,1.0,0.039524896644201196
0.4,0.7,0.3,1.6,0.03954094300155625
0.7,0.4,0.6,2.4,0.03958228652183662
0.9,0.8,0.5,1.4,0.03964621561326151
0.7,0.7,0.6,2.8,0.03965395569140505
0.7,0.7,0.7,2.2,0.03965754520231297
0.5,0.5,0.3,1.6,0.039681921010552235
0.3,0.6,0.6,2.0,0.0396840715100965
0.1,0.6,0.6,1.2,0.039716558486452905
0.9,0.8,0.9,1.6,0.039773743135366725
0.3,0.3,0.3,1.0,0.0397844594901648
0.2,0.9,0.6,2.0,0.039795040518722
0.8,0.4,0.4,1.2,0.03981677327794648
0.5,0.3,0.6,2.0,0.03981916177997915
0.8,0.1,0.5,2.6,0.03986272159672453
0.5,0.9,0.9,1.2,0.039938855077250375
0.7,0.5,0.7,2.0,0.03996527815565751
0.2,0.5,0.5,2.4,0.03996841511499939
0.6,0.9,0.3,2.8,0.03999413234394016
0.9,0.2,0.7,1.8,0.04000296345140465
0.4,0.4,0.2,2.8,0.0400043991281099
0.6,0.1,0.7,1.4,0.04001258453214356
0.5,0.9,0.6,2.8,0.04003907923855708
0.3,0.1,0.2,2.0,0.04004505491320529
0.8,0.6,0.7,2.2,0.04004615959085144
0.9,0.8,0.7,2.4,0.040061036237353256
0.9,0.9,0.5,1.6,0.0400884703946089
0.4,0.1,0.3,1.0,0.04011951297236345
0.9,0.3,0.4,1.2,0.04014358845344525
0.2,0.7,0.6,1.8,0.04017946813705862
0.1,0.5,0.5,2.0,0.04021692051885667
0.3,0.4,0.7,1.2,0.04023785042065158
0.1,0.8,0.6,1.4,0.040240953263092585
0.7,0.7,0.4,1.4,0.04026287360295668
0.8,0.9,0.9,1.6,0.040269523140445296
0.8,0.3,0.9,1.2,0.040290198711465254
0.6,0.6,0.7,2.0,0.040351828061964995
0.6,0.6,0.9,1.2,0.04035763302927555
0.8,0.3,0.3,1.8,0.04041469942249719
0.6,0.8,0.7,2.2,0.04041678875944838
0.9,0.9,0.8,2.0,0.04041845853753818
0.7,0.7,0.9,1.4,0.04042274231330103
0.1,0.1,0.5,1.4,0.04048516924414844
0.2,0.6,0.2,2.6,0.04053623492798246
0.2,0.7,0.2,2.8,0.040539773609979346
0.1,0.3,0.4,2.8,0.04054880040118303
0.8,0.1,0.7,1.6,0.0405671661077813
0.6,0.6,0.3,2.0,0.040574741024142734
0.4,0.9,0.8,1.4,0.04061137952855448
0.4,0.7,0.6,2.4,0.04068103708115063
0.6,0.6,0.6,2.6,0.04068543028283963
0.3,0.6,0.3,1.2,0.040691085248480814
0.7,0.3,0.8,1.4,0.04071367068943011
0.8,0.4,0.3,2.0,0.040724087304445766
0.5,0.2,0.7,1.4,0.04074607818285164
0.9,0.2,0.9,1.2,0.04084483424597302
0.3,0.6,0.7,1.4,0.04086191524736678
0.5,0.6,0.8,1.4,0.04086260461587004
0.6,0.2,0.6,2.0,0.04087400312140092
0.8,0.4,0.8,1.6,0.04089018112961893
0.6,0.9,0.9,1.4,0.04092584807482551
0.9,0.9,0.4,2.6,0.040925881355306
0.2,0.8,0.7,1.2,0.04093500590043944
0.8,0.6,0.6,2.8,0.04095352674452127
0.8,0.2,0.6,2.2,0.04095572848869127
0.6,0.9,0.8,1.8,0.04101350156881963
0.7,0.5,0.8,1.6,0.04101808149203157
0.9,0.4,0.6,2.6,0.04102627578026484
0.7,0.1,0.8,1.2,0.041039772749156954
0.1,0.9,0.5,2.6,0.041043496128034644
0.9,0.7,0.5,1.2,0.04105311675026788
0.2,0.6,0.5,2.6,0.04108652037311087
0.8,0.4,0.7,2.0,0.04109123932274469
0.7,0.9,0.7,2.4,0.041098546092678614
0.6,0.5,0.3,1.8,0.04109894098180876
0.4,0.4,0.6,2.0,0.041109219302478364
0.5,0.7,0.6,2.6,0.04111416862976119
0.6,0.7,0.3,2.2,0.04115019359728643
0.2,0.5,0.2,2.4,0.04115831210915127
0.9,0.8,0.4,2.2,0.041179941023289
0.3,0.9,0.6,2.4,0.04125812802423106
0.8,0.8,0.7,2.4,0.04127786517205182
0.2,0.5,0.6,1.6,0.04129011094503414
0.4,0.6,0.8,1.2,0.04134403430921877
0.8,0.2,0.8,1.4,0.04136551996918738
0.7,0.2,0.2,2.8,0.04139450661151754
0.8,0.9,0.5,1.2,0.041444912737754094
0.9,0.5,0.7,2.2,0.04145246284109697
0.1,0.6,0.2,2.2,0.041466148725538964
0.7,0.4,0.9,1.2,0.04151541102986553
0.6,0.3,0.9,1.0,0.041521632266124445
0.2,0.7,0.3,1.0,0.041537612588330455
0.8,0.9,0.8,2.0,0.041551313653021144
0.2,0.1,0.2,1.8,0.04155712409515974
0.5,0.9,0.4,1.0,0.04165258356535133
0.6,0.2,0.8,1.2,0.04168959167039569
0.8,0.6,0.8,1.8,0.04169346888876171
0.8,0.2,0.3,1.6,0.041695220626101
0.9,0.8,0.8,2.0,0.04171144060629299
0.3,0.8,0.7,1.6,0.041733011771674426
0.7,0.5,0.6,2.6,0.04175437827466878
0.1,0.2,0.4,2.6,0.04175909880134178
0.6,0.4,0.7,1.8,0.04180127014723914
0.1,0.6,0.5,2.2,0.04180146615796668
0.3,0.7,0.8,1.0,0.041883859205702
0.9,0.7,0.9,1.6,0.04198668308976971
0.9,0.5,0.3,2.4,0.04199094481680104
0.7,0.5,0.3,2.0,0.04202848330974298
0.9,0.7,0.7,2.4,0.04205090544399661
0.4,0.9,0.9,1.0,0.042057446619314084
0.6,0.4,0.8,1.4,0.042058837201483165
0.5,0.2,0.3,1.2,0.0420629823193937
0.4,0.9,0.3,1.8,0.04209105988664193
0.3,0.1,0.5,2.0,0.04209625826119978
0.6,0.1,0.2,2.4,0.04209979288241879
0.5,0.4,0.6,2.2,0.04210330292124854
0.2,0.5,0.7,1.0,0.0421059355321199
0.7,0.4,0.3,1.8,0.04211752838575067
0.7,0.3,0.7,1.8,0.04223838706682436
0.2,0.7,0.5,2.8,0.04225539519525679
0.7,0.7,0.8,1.8,0.042262098789888035
0.6,0.8,0.4,1.2,0.042292322491308924
0.3,0.4,0.6,1.8,0.04229392661009857
0.9,0.5,0.8,1.8,0.04230308119113248
0.9,0.3,0.8,1.6,0.04232380674736175
0.8,0.5,0.3,2.2,0.0423331392849632
0.8,0.7,0.3,2.8,0.0424040510572334
0.5,0.5,0.9,1.0,0.04244059000294326
0.1,0.2,0.5,1.6,0.042467289077700615
0.5,0.7,0.7,2.0,0.0424912153402308
0.2,0.4,0.2,2.2,0.042521641045100506
0.3,0.7,0.6,2.2,0.042531777455118915
0.8,0.8,0.9,1.6,0.04254866592225691
0.7,0.8,0.3,2.8,0.042572582486944545
0.8,0.3,0.6,2.4,0.04260003546185885
0.3,0.2,0.5,2.2,0.042613828711928425
0.1,0.1,0.2,1.6,0.04261706061305068
0.6,0.8,0.3,2.4,0.042622913624856165
0.4,0.7,0.7,1.8,0.0426377678223155
0.3,0.1,0.6,1.4,0.042641246245412004
0.6,0.6,0.4,1.0,0.04265445273387443
0.9,0.4,0.9,1.4,0.04272067219279818
0.4,0.3,0.5,2.6,0.04272968283900871
0.5,0.9,0.7,2.2,0.042741413412449025
0.5,0.8,0.8,1.6,0.042762300315025314
0.8,0.5,0.9,1.4,0.04276252622268072
0.4,0.2,0.5,2.4,0.042763609992794764
0.1,0.9,0.2,2.6,0.04276403280701705
0.4,0.4,0.5,2.8,0.04279373316259703
0.7,0.4,0.4,1.0,0.04279584632621633
0.4,0.1,0.5,2.2,0.042797824158958546
0.5,0.8,0.9,1.2,0.0428368285194481
0.6,0.6,0.8,1.6,0.042841086381220646
0.3,0.9,0.3,1.4,0.04284661433721817
0.6,0.3,0.6,2.2,0.042864515634031
0.1,0.3,0.2,1.8,0.042938633005980574
0.1,0.3,0.6,1.0,0.04295030944794695
0.6,0.4,0.3,1.6,0.042995524882203616
0.7,0.2,0.5,2.8,0.0430069354303757
0.3,0.3,0.5,2.4,0.04301313125297012
0.1,0.5,0.6,1.2,0.04301414812244168
0.4,0.9,0.7,2.0,0.04302323620803436
0.2,0.3,0.6,1.4,0.04302696050567524
0.4,0.5,0.7,1.6,0.043053387406393126
0.5,0.9,0.3,2.2,0.043059688548484396
0.1,0.1,0.4,2.4,0.04308174473972163
0.5,0.8,0.3,2.0,0.04313067276257623
0.7,0.6,0.3,2.2,0.04314488392168991
0.1,0.7,0.6,1.4,0.04315260500132534
0.4,0.1,0.6,1.6,0.04317672140153227
0.8,0.7,0.4,1.6,0.04317841483996119
0.6,0.7,0.6,2.8,0.043219359642426736
0.9,0.5,0.6,2.8,0.04325399546673771
0.8,0.8,0.4,1.8,0.04330630349377232
0.2,0.8,0.6,2.0,0.043331604864721894
0.1,0.7,0.5,2.4,0.04336364839458823
0.4,0.8,0.6,2.6,0.04336419091880553
0.3,0.4,0.5,2.6,0.04339697981919138
0.5,0.5,0.7,1.8,0.0434232903167052
0.5,0.4,0.3,1.4,0.04343909892259076
0.4,0.6,0.3,1.4,0.04347183841499261
0.8,0.1,0.2,2.6,0.04354340249274962
0.4,0.5,0.6,2.2,0.043585483586806265
0.4,0.3,0.8,1.0,0.04358569925341405
0.1,0.9,0.6,1.6,0.04359177739073793
0.4,0.4,0.3,1.2,0.04367063024784597
0.7,0.3,0.3,1.6,0.04370002307335371
0.5,0.1,0.8,1.0,0.043747429282375114
0.5,0.8,0.6,2.8,0.04376392828005761
0.4,0.8,0.8,1.4,0.04377570600693392
0.7,0.6,0.4,1.2,0.04377597316182935
0.9,0.3,0.7,2.0,0.04378042303857625
0.2,0.1,0.5,1.8,0.04381427456320279
0.3,0.5,0.5,2.8,0.04384443911038467
0.6,0.2,0.2,2.6,0.043855850855711837
0.6,0.1,0.3,1.2,0.04385777946075914
0.2,0.7,0.7,1.2,0.04386151369077262
0.8,0.8,0.8,2.0,0.043865544192609976
0.7,0.8,0.7,2.4,0.04393206777844419
0.7,0.6,0.7,2.2,0.04396737190938663
0.6,0.8,0.9,1.4,0.04398385457939428
0.7,0.1,0.5,2.6,0.044015201494578285
0.9,0.1,0.8,1.4,0.04402967224212238
0.7,0.6,0.6,2.8,0.04404995731188392
0.3,0.4,0.3,1.0,0.04406638561913215
0.9,0.7,0.8,2.0,0.04409847111198266
0.2,0.8,0.3,1.0,0.04415591856772831
0.4,0.3,0.7,1.4,0.04415784369344835
0.1,0.3,0.5,1.8,0.04416316396286994
0.5,0.3,0.5,2.8,0.04416825769947357
0.1,0.8,0.2,2.4,0.04417805067586684
0.5,0.7,0.3,1.8,0.044208315177515854
0.7,0.1,0.6,2.0,0.04424952696386315
0.1,0.5,0.2,2.0,0.044252752528507175
0.5,0.5,0.6,2.4,0.04426706490604597
0.7,0.9,0.9,1.6,0.04427286569588733
0.8,0.7,0.7,2.4,0.044281457667223044
0.8,0.4,0.6,2.6,0.044299924750227426
0.6,0.8,0.8,1.8,0.044307022699037746
0.7,0.6,0.9,1.4,0.044318216308069217
0.6,0.7,0.7,2.2,0.04442112367510926
0.2,0.6,0.6,1.8,0.04450439228462878
0.7,0.9,0.8,2.0,0.04452891081454184
0.3,0.7,0.3,1.2,0.044641015675118294
0.5,0.2,0.5,2.6,0.044656450186855545
0.8,0.2,0.7,1.8,0.0446659788596694
0.6,0.9,0.7,2.4,0.044667456940579504
0.8,0.6,0.4,1.4,0.044674137668463856
0.8,0.9,0.4,2.0,0.044690551797109616
0.4,0.8,0.9,1.0,0.044691500441611
0.4,0.8,0.3,1.6,0.04472807912782228
0.6,0.4,0.6,2.4,0.0447284143890992
0.6,0.5,0.9,1.2,0.044755659153074424
0.2,0.3,0.2,2.0,0.044771565267012196
0.5,0.3,0.8,1.2,0.04482211893926985
0.6,0.2,0.7,1.6,0.04482258182631237
0.6,0.9,0.3,2.6,0.044836975203349665
0.2,0.2,0.5,2.0,0.04486277231038622
0.8,0.5,0.7,2.2,0.044932786670990835
0.1,0.8,0.5,2.6,0.04494349215698514
0.8,0.1,0.3,1.4,0.04498687525498525
0.9,0.6,0.5,1.0,0.04502863693729402
0.8,0.6,0.3,2.4,0.04502998257555319
0.9,0.9,0.4,2.4,0.04506599283019707
0.8,0.8,0.5,1.0,0.04507345803214753
0.3,0.6,0.8,1.0,0.04508910815356957
0.9,0.6,0.4,1.6,0.04509135430647483
0.3,0.5,0.6,2.0,0.04509878470566301
0.2,0.1,0.6,1.2,0.04515431238067377
0.7,0.9,0.4,1.6,0.04516667369651327
0.9,0.9,0.7,2.6,0.04517110920379961
0.3,0.9,0.8,1.2,0.045205830274464946
0.7,0.7,0.3,2.4,0.045254266018086936
0.5,0.1,0.5,2.4,0.04528194507272117
0.9,0.6,0.9,1.6,0.04530635752591304
0.3,0.8,0.6,2.4,0.04530873963695492
0.3,0.1,0.7,1.0,0.04531680121806203
0.3,0.4,0.2,2.4,0.04535398902559983
0.3,0.5,0.7,1.4,0.045370236273557796
0.7,0.1,0.9,1.0,0.045379183508257336
0.3,0.5,0.2,2.6,0.04540250442050314
0.3,0.3,0.7,1.2,0.04542461686540995
0.5,0.1,0.2,2.2,0.04546957308584689
0.9,0.6,0.7,2.4,0.04552437115810627
0.9,0.7,0.4,1.8,0.04554588037760047
0.5,0.3,0.7,1.6,0.04556115393988984
0.3,0.7,0.7,1.6,0.04556604946411864
0.2,0.9,0.7,1.4,0.045639335046025735
0.1,0.4,0.5,2.0,0.045654395123890634
0.4,0.1,0.7,1.2,0.04566529821192458
0.5,0.5,0.8,1.4,0.045669275231376774
0.4,0.5,0.8,1.2,0.045673722301646964
0.2,0.3,0.5,2.2,0.045693635150025134
0.8,0.7,0.9,1.6,0.0457022465528407
0.5,0.2,0.2,2.4,0.045789208138526695
0.7,0.2,0.6,2.2,0.045792962603101256
0.6,0.5,0.7,2.0,0.04580681948122263
0.2,0.4,0.7,1.0,0.0458804681227796
0.4,0.2,0.3,1.0,0.0459358433123308
0.4,0.6,0.6,2.4,0.04594399502159395
0.8,0.9,0.7,2.6,0.045954635154160935
0.5,0.1,0.6,1.8,0.045967503653062056
0.4,0.2,0.6,1.8,0.04599793694409487
0.4,0.9,0.6,2.8,0.046073640958165483
0.9,0.1,0.5,2.8,0.04609542426274761
0.3,0.2,0.6,1.6,0.04610339366567618
0.7,0.4,0.7,2.0,0.046103617366055734
0.3,0.3,0.2,2.2,0.046129970387866814
0.8,0.3,0.4,1.0,0.046137419036590244
0.3,0.6,0.2,2.8,0.04614875341768753
0.9,0.6,0.3,2.6,0.04615658729611197
0.8,0.5,0.6,2.8,0.04616499071292389
0.3,0.9,0.7,1.8,0.046236319428293905
0.1,0.7,0.2,2.2,0.04627352866822286
0.5,0.7,0.9,1.2,0.04632194291086658
0.5,0.6,0.6,2.6,0.046399213308285225
0.2,0.4,0.5,2.4,0.046411913042714664
0.2,0.9,0.6,2.2,0.04642012315110852
0.9,0.5,0.4,1.4,0.04642264560297288
0.2,0.4,0.6,1.6,0.046504970129800476
0.8,0.5,0.8,1.8,0.046535126840433066
0.5,0.6,0.3,1.6,0.046546303729344755
0.7,0.1,0.7,1.6,0.046549855078237015
0.1,0.8,0.6,1.6,0.04655167055014539
0.1,0.9,0.5,2.8,0.04657399120981595
0.6,0.5,0.6,2.6,0.04657771897096211
0.5,0.8,0.7,2.2,0.046586142041001415
0.1,0.6,0.6,1.4,0.0465902075969129
0.6,0.3,0.2,2.8,0.04660662626911975
0.2,0.9,0.3,1.0,0.04663191981518984
0.6,0.3,0.3,1.4,0.046647728064728985
0.7,0.6,0.8,1.8,0.04666095222133904
0.9,0.1,0.6,2.2,0.0466617118901516
0.2,0.8,0.2,2.8,0.04667270800014388
0.9,0.9,0.9,1.8,0.04668484016664834
0.9,0.8,0.7,2.6,0.046729079039059686
0.9,0.2,0.4,1.0,0.04674877778459881
0.9,0.9,0.5,1.4,0.04677024913008656
0.5,0.7,0.8,1.6,0.04677122493325004
0.2,0.7,0.2,2.6,0.04677790221311338
0.7,0.4,0.8,1.6,0.04678494610686352
0.2,0.1,0.4,2.8,0.046815054301349385
0.4,0.8,0.7,2.0,0.046902397176480794
0.1,0.4,0.6,1.2,0.04691623485292625
0.7,0.8,0.4,1.4,0.046929094221574166
0.4,0.3,0.2,2.4,0.04694861512592672
0.8,0.2,0.9,1.2,0.046982462650061445
0.1,0.5,0.5,2.2,0.0470166283160575
0.5,0.4,0.9,1.0,0.04706459037942414
0.2,0.5,0.5,2.6,0.04710197283254242
0.5,0.3,0.2,2.6,0.04712544151725554
0.4,0.2,0.2,2.2,0.04713327171108428
0.8,0.2,0.2,2.8,0.047179612032810146
0.7,0.2,0.3,1.4,0.04718618655814955
0.7,0.3,0.6,2.4,0.0471936094642379
0.8,0.7,0.8,2.0,0.047224861189225184
0.1,0.2,0.6,1.0,0.04725024546944398
0.2,0.6,0.7,1.2,0.04731206668456972
0.9,0.4,0.7,2.2,0.047315683340106336
0.6,0.9,0.4,1.2,0.04732935443976337
0.9,0.8,0.4,2.0,0.04738550056777822
0.7,0.8,0.9,1.6,0.047402052683000205
0.7,0.3,0.9,1.2,0.047438107644742024
0.4,0.6,0.7,1.8,0.04746724793690738
0.8,0.3,0.8,1.6,0.0474715003831095
0.5,0.6,0.7,2.0,0.04750664340872363
0.2,0.6,0.2,2.4,0.04751048672942986
0.2,0.7,0.6,2.0,0.04755466082746566
0.4,0.7,0.8,1.4,0.04756141938475854
0.9,0.2,0.6,2.4,0.04758899825213928
0.9,0.9,0.8,2.2,0.04761021636014196
0.6,0.2,0.9,1.0,0.047620932518586186
0.4,0.4,0.2,2.6,0.047681767022642846
0.3,0.6,0.6,2.2,0.047716074570593424
0.6,0.7,0.9,1.4,0.04775363036885634
0.1,0.2,0.2,1.6,0.04775383718506285
0.7,0.8,0.8,2.0,0.047762545729124105
0.4,0.7,0.9,1.0,0.04780279274993455
0.9,0.6,0.8,2.0,0.04781150095802104
0.2,0.6,0.5,2.8,0.047829696901116096
0.7,0.7,0.7,2.4,0.04787970411381099
0.3,0.2,0.2,2.0,0.04788814470186829
0.6,0.2,0.5,2.8,0.047891414810324336
0.9,0.4,0.8,1.8,0.04791302588776598
0.6,0.7,0.4,1.0,0.04796387183273914
0.7,0.2,0.8,1.4,0.048015033813573055
0.1,0.4,0.2,1.8,0.04801583142693195
0.3,0.9,0.6,2.6,0.04806014136588566
0.6,0.5,0.8,1.6,0.048081646760006154
0.5,0.2,0.6,2.0,0.04809471654574036
0.2,0.2,0.2,1.8,0.048096154875875534
0.9,0.3,0.3,1.8,0.048105926987197636
0.3,0.8,0.8,1.2,0.048151386787344166
0.8,0.4,0.9,1.4,0.04818821172226366
0.7,0.8,0.3,2.6,0.048192516783928725
0.7,0.9,0.7,2.6,0.048214338523217076
0.3,0.5,0.3,1.0,0.048241834962100084
0.4,0.7,0.6,2.6,0.048257067965722204
0.8,0.3,0.7,2.0,0.048283194908650504
0.1,0.6,0.5,2.4,0.048315409373294815
0.8,0.5,0.4,1.2,0.048330312852578834
0.7,0.1,0.2,2.4,0.04834519195535722
0.9,0.8,0.5,1.2,0.0483776102685747
0.5,0.9,0.8,1.8,0.04838012194812424
0.4,0.3,0.6,2.0,0.04839066629778489
0.6,0.8,0.7,2.4,0.048395636886074955
0.4,0.1,0.2,2.0,0.048398213076453755
0.3,0.8,0.3,1.2,0.04843542865635812
0.9,0.1,0.2,2.6,0.048455923092928156
0.6,0.7,0.8,1.8,0.04845952802188997
0.6,0.6,0.6,2.8,0.048498783476089075
0.6,0.3,0.8,1.4,0.04851175352038347
0.8,0.8,0.7,2.6,0.04855008904249094
0.5,0.7,0.6,2.8,0.04856890493017912
0.9,0.3,0.6,2.6,0.04857378368914487
0.7,0.4,0.6,2.6,0.04859452008712978
0.8,0.7,0.3,2.6,0.04865101281005346
0.9,0.1,0.9,1.2,0.048681735559207746
0.8,0.6,0.7,2.4,0.04868590422114955
0.2,0.8,0.7,1.4,0.048695350645234003
0.9,0.4,0.3,2.0,0.048758134007896636
0.6,0.7,0.3,2.0,0.048760226956266826
0.5,0.1,0.7,1.4,0.048776225606998604
0.1,0.9,0.2,2.4,0.04878037345816461
0.4,0.7,0.3,1.4,0.048795088041352665
0.1,0.2,0.4,2.8,0.04882378843461416
0.3,0.5,0.8,1.0,0.04887359261940902
0.9,0.8,0.9,1.8,0.0488894671731445
0.9,0.3,0.9,1.4,0.04893282658478999
0.4,0.4,0.7,1.6,0.04897136423643267
0.2,0.5,0.2,2.2,0.048990245328488516
0.6,0.3,0.7,1.8,0.04900163246812813
0.3,0.3,0.6,1.8,0.04906340060344824
0.6,0.1,0.5,2.6,0.04916397703060992
0.1,0.6,0.2,2.0,0.04918395614662723
0.4,0.5,0.2,2.8,0.049200464672778645
0.9,0.2,0.3,1.6,0.04920578084588573
0.6,0.8,0.3,2.2,0.04920776423187824
0.2,0.2,0.6,1.4,0.04921739192557755
0.4,0.5,0.3,1.2,0.049253523320188924
0.7,0.5,0.9,1.4,0.04925561820375832
0.5,0.3,0.3,1.2,0.04928123760884519
0.9,0.1,0.7,1.8,0.049284881697619916
0.1,0.1,0.5,1.6,0.04929875273168689
0.5,0.4,0.2,2.8,0.04934881864169885
0.8,0.9,0.9,1.8,0.04934902931695697
0.4,0.2,0.8,1.0,0.049355231257448104
0.6,0.1,0.8,1.2,0.049410780923151466
0.6,0.6,0.3,1.8,0.04943211672604533
0.8,0.9,0.8,2.2,0.049471297664133426
0.6,0.6,0.7,2.2,0.04957578805510158
0.4,0.9,0.8,1.6,0.049602826223199205
0.1,0.7,0.5,2.6,0.04960523369881659
0.5,0.9,0.3,2.0,0.049641507754856644
0.9,0.7,0.7,2.6,0.049655888114152266
0.2,0.5,0.6,1.8,0.04966590893845397
0.7,0.5,0.7,2.2,0.049705695198512465
0.8,0.1,0.5,2.8,0.049737262488033646
0.9,0.4,0.6,2.8,0.0497585418645138
0.9,0.8,0.8,2.2,0.049758918245585655
0.6,0.9,0.8,2.0,0.0497646267794748
0.4,0.9,0.3,1.6,0.04977448900721053
0.5,0.4,0.7,1.8,0.049837107438176376
0.8,0.1,0.8,1.4,0.049888300938241405
0.5,0.3,0.6,2.2,0.04989602313165712
0.1,0.9,0.6,1.8,0.04990606078490215
0.7,0.5,0.4,1.0,0.049910280051673105
0.8,0.6,0.9,1.6,0.049918404513443905
0.9,0.5,0.9,1.6,0.04996416993582031
0.5,0.9,0.9,1.4,0.050003472407058186
0.1,0.7,0.6,1.6,0.0500405119581461
0.3,0.8,0.7,1.8,0.050051723919560205
0.7,0.5,0.6,2.8,0.05010590334764635
0.9,0.2,0.8,1.6,0.05013171455736791
0.9,0.4,0.4,1.2,0.050136093634972526
0.3,0.6,0.7,1.6,0.05013761162921056
0.6,0.4,0.9,1.2,0.05015761878606524
0.3,0.7,0.6,2.4,0.05021866924316581
0.9,0.9,0.4,2.2,0.05032775665716182
0.2,0.3,0.7,1.0,0.05034696257936166
0.5,0.1,0.3,1.0,0.05045590589976509
0.2,0.8,0.6,2.2,0.0504899541551379
0.5,0.5,0.3,1.4,0.05049437175459785
0.4,0.4,0.6,2.2,0.05049527473691326
0.5,0.6,0.9,1.2,0.050505792262504574
0.6,0.1,0.6,2.0,0.05052742405419083
0.6,0.9,0.3,2.4,0.050563041673216715
0.7,0.2,0.7,1.8,0.05056499510195873
0.4,0.8,0.6,2.8,0.05058211597087118
0.5,0.9,0.7,2.4,0.050582270257736386
0.7,0.7,0.4,1.2,0.05062041565374967
0.1,0.5,0.6,1.4,0.050646418679003886
0.7,0.2,0.2,2.6,0.05072507886790503
0.8,0.9,0.5,1.0,0.05072726628586633
0.1,0.1,0.4,2.6,0.050752754894395465
0.9,0.5,0.7,2.4,0.0507532715345544
0.3,0.4,0.7,1.4,0.05075624198275855
0.3,0.1,0.2,1.8,0.05083184845560246
0.9,0.5,0.3,2.2,0.050846712986225714
0.4,0.4,0.8,1.2,0.050858825712449034
0.5,0.8,0.3,1.8,0.05087354469021256
0.1,0.2,0.5,1.8,0.05087833618126052
0.6,0.9,0.9,1.6,0.050905479535410386
0.1,0.8,0.5,2.8,0.050930083549410796
0.1,0.8,0.2,2.2,0.05099478851466544
0.4,0.9,0.7,2.2,0.05102201955502758
0.8,0.1,0.6,2.2,0.05108913218762158
0.9,0.7,0.3,2.8,0.05121629354051524
0.4,0.3,0.5,2.8,0.05127224229407218
0.4,0.2,0.7,1.4,0.05128144795908345
0.8,0.9,0.4,1.8,0.051308544973826996
0.3,0.4,0.5,2.8,0.05131801936625738
0.8,0.8,0.4,1.6,0.05135344443920767
0.2,0.4,0.2,2.0,0.05136835567129356
0.5,0.7,0.7,2.2,0.05137118848902957
0.2,0.5,0.7,1.2,0.0513798416632395
0.7,0.7,0.9,1.6,0.05138897696660961
0.4,0.6,0.9,1.0,0.05147750539177456
0.6,0.5,0.3,1.6,0.05150721933740992
0.5,0.4,0.6,2.4,0.051516817516377045
0.8,0.4,0.3,1.8,0.0515171724976632
0.5,0.4,0.8,1.4,0.051522562093562825
0.1,0.3,0.6,1.2,0.05153380151253391
0.3,0.3,0.5,2.6,0.0515345604475786
0.9,0.9,0.7,2.8,0.051543560407895914
0.8,0.4,0.7,2.2,0.051594865218748384
0.1,0.9,0.7,1.0,0.051601207534706074
0.4,0.7,0.7,2.0,0.051606593507408496
0.3,0.7,0.8,1.2,0.051619735993691816
0.3,0.2,0.7,1.2,0.05164026542985006
0.3,0.4,0.6,2.0,0.05164958576452365
0.5,0.6,0.8,1.6,0.05165142985184894
0.5,0.2,0.8,1.2,0.051679426495238365
0.4,0.3,0.3,1.0,0.05176757362303602
0.7,0.8,0.7,2.6,0.05177052576012212
0.8,0.5,0.3,2.0,0.051774352546151654
0.7,0.6,0.3,2.0,0.05177880827111661
0.3,0.2,0.5,2.4,0.05180483759074866
0.8,0.2,0.6,2.4,0.05181391584366693
0.7,0.9,0.3,2.8,0.051827651066246615
0.8,0.6,0.8,2.0,0.051844493407196345
0.6,0.2,0.6,2.2,0.05189314863197777
0.7,0.5,0.3,1.8,0.051985688343004065
0.7,0.7,0.8,2.0,0.05200572154948462
0.3,0.1,0.5,2.2,0.052028230298973195
0.4,0.2,0.5,2.6,0.052040874374319715
0.3,0.9,0.3,1.2,0.05205069078390144
0.4,0.6,0.8,1.4,0.052082413120231076
0.4,0.9,0.9,1.2,0.05212032212354262
0.1,0.3,0.5,2.0,0.05215821998414592
0.9,0.7,0.9,1.8,0.052164279745270915
0.3,0.6,0.3,1.0,0.05226300835378316
0.2,0.7,0.7,1.4,0.052291160780172305
0.7,0.5,0.8,1.8,0.05232697032555014
0.6,0.9,0.7,2.6,0.05232987469981335
0.1,0.1,0.6,1.0,0.052361190216543424
0.5,0.8,0.8,1.8,0.05237166284117758
0.6,0.6,0.9,1.4,0.052375994491642666
0.4,0.5,0.6,2.4,0.05242908636588814
0.8,0.7,0.7,2.6,0.05243949038763917
0.8,0.8,0.9,1.8,0.05248881050479595
0.9,0.2,0.7,2.0,0.052506515967459116
0.9,0.1,0.3,1.4,0.052517632813262466
0.8,0.3,0.6,2.6,0.0525444035252453
0.9,0.7,0.5,1.0,0.05256576359693993
0.2,0.6,0.6,2.0,0.052584199638108925
0.8,0.8,0.8,2.2,0.05260120268761345
0.6,0.2,0.3,1.2,0.05261910078442146
0.5,0.3,0.9,1.0,0.052631628654866404
0.3,0.8,0.6,2.6,0.05266752961932063
0.9,0.2,0.2,2.8,0.05268991799694725
0.6,0.4,0.7,2.0,0.05271150693080138
0.2,0.3,0.6,1.6,0.052734277691895384
0.2,0.1,0.2,1.6,0.05274730993231736
0.2,0.9,0.2,2.8,0.052750860187148696
0.7,0.7,0.3,2.2,0.052806934915919534
0.4,0.1,0.5,2.4,0.05289813925365602
0.8,0.9,0.7,2.8,0.0528999716708077
0.6,0.1,0.2,2.2,0.05290222852421538
0.8,0.3,0.3,1.6,0.052923022815962416
0.8,0.4,0.8,1.8,0.05295358058714237
0.1,0.3,0.2,1.6,0.05298155614546741
0.2,0.8,0.2,2.6,0.05298920687878499
0.8,0.7,0.4,1.4,0.053050269949243875
0.6,0.3,0.6,2.4,0.05306209832286123
0.8,0.8,0.3,2.8,0.05306326716387081
0.5,0.5,0.6,2.6,0.053073183104098046
0.6,0.8,0.4,1.0,0.05307529487528784
0.1,0.5,0.2,1.8,0.05308180605144511
0.9,0.5,0.8,2.0,0.05310652709093809
0.7,0.9,0.8,2.2,0.05311125782336792
0.9,0.7,0.8,2.2,0.05315292897222453
0.7,0.6,0.7,2.4,0.05315999575351609
0.7,0.1,0.3,1.2,0.05319137707920029
0.6,0.7,0.7,2.4,0.05319925507472289
0.1,0.4,0.5,2.2,0.0532425508717877
0.4,0.5,0.7,1.8,0.053312369133097226
0.3,0.6,0.2,2.6,0.053325870673695895
0.3,0.4,0.8,1.0,0.0533435994265747
0.2,0.9,0.6,2.4,0.053355795677271
0.3,0.5,0.2,2.4,0.053369208931590736
0.8,0.6,0.3,2.2,0.053376099429803564
0.1,0.8,0.6,1.8,0.053376199069341206
0.5,0.7,0.3,1.6,0.05337731537176293
0.2,0.9,0.7,1.6,0.05339164591330001
0.8,0.4,0.6,2.8,0.05342146378905375
0.4,0.8,0.8,1.6,0.05345701700686159
0.7,0.9,0.4,1.4,0.05348356236472602
0.2,0.1,0.5,2.0,0.053582365541350166
0.5,0.2,0.7,1.6,0.05360015392817407
0.6,0.6,0.8,1.8,0.053639763251607644
0.5,0.8,0.9,1.4,0.05366588105718277
0.5,0.5,0.7,2.0,0.05370188005652131
0.7,0.4,0.3,1.6,0.05373438406417525
0.6,0.2,0.2,2.4,0.0537950406931116
0.6,0.8,0.8,2.0,0.05380340843148253
0.1,0.8,0.7,1.0,0.053845075554435524
0.2,0.7,0.2,2.4,0.053857641436636336
0.9,0.8,0.7,2.8,0.05391239149213684
0.4,0.8,0.3,1.4,0.053959222596888054
0.2,0.2,0.5,2.2,0.05397441887759827
0.3,0.5,0.6,2.2,0.053976317350539316
0.3,0.7,0.2,2.8,0.05397725772668268
0.7,0.3,0.7,2.0,0.05403050882212499
0.1,0.7,0.2,2.0,0.05403082282299845
0.5,0.2,0.5,2.8,0.054031410920050954
0.6,0.1,0.7,1.6,0.05405192387854827
0.1,0.1,0.2,1.4,0.05405758920011026
0.7,0.3,0.8,1.6,0.054110817414703874
0.7,0.9,0.9,1.8,0.054115333613394906
0.9,0.6,0.3,2.4,0.05414189639347894
0.1,0.6,0.6,1.6,0.054148415693839054
0.6,0.4,0.6,2.6,0.05417901964382852
0.7,0.1,0.5,2.8,0.05418162226398053
0.7,0.3,0.2,2.8,0.054200203784805764
0.2,0.3,0.5,2.4,0.05420061306994063
0.9,0.6,0.7,2.6,0.05421063077170376
0.1,0.5,0.5,2.4,0.054218841662880345
0.3,0.9,0.8,1.4,0.05422142537344139
0.3,0.4,0.2,2.2,0.054240995227776076
0.4,0.6,0.6,2.6,0.05428680851077033
0.3,0.9,0.7,2.0,0.05435729863355699
0.2,0.4,0.5,2.6,0.05436887843138784
0.8,0.1,0.2,2.4,0.0543900554874139
0.2,0.9,0.8,1.0,0.05439883769379233
0.3,0.1,0.6,1.6,0.05444382385016475
0.2,0.5,0.5,2.8,0.05456275788181274
0.8,0.1,0.7,1.8,0.054573469857168766
0.6,0.4,0.8,1.6,0.054584995969465325
0.3,0.7,0.7,1.8,0.0545916949301416
0.5,0.6,0.6,2.8,0.05465502273519454
0.4,0.6,0.3,1.2,0.054710620414781495
0.8,0.5,0.7,2.4,0.05474958732213889
0.6,0.8,0.9,1.6,0.05475964734012537
0.7,0.2,0.9,1.2,0.05483893842736725
0.2,0.3,0.2,1.8,0.05484045737944308
0.7,0.8,0.3,2.4,0.054842208260052094
0.9,0.7,0.4,1.6,0.054905813498504576
0.8,0.4,0.4,1.0,0.05496846532943228
0.5,0.8,0.7,2.4,0.05509126485365092
0.6,0.1,0.9,1.0,0.05509718160465989
0.3,0.9,0.6,2.8,0.05511210486026102
0.1,0.6,0.5,2.6,0.05515835585883568
0.8,0.3,0.9,1.4,0.05516211287416294
0.9,0.8,0.4,1.8,0.05518714570649145
0.4,0.1,0.6,1.8,0.05528225822677243
0.2,0.7,0.6,2.2,0.055330365334377456
0.6,0.5,0.6,2.8,0.05535545636469187
0.9,0.3,0.7,2.2,0.05535706805986967
0.6,0.4,0.3,1.4,0.05538030763213816
0.9,0.9,0.8,2.4,0.05538622376606646
0.8,0.5,0.9,1.6,0.055411991412279836
0.1,0.4,0.6,1.4,0.05543091747154806
0.7,0.4,0.9,1.4,0.055441137950814644
0.9,0.3,0.8,1.8,0.05547459763051341
0.2,0.6,0.2,2.2,0.05547855441526408
0.4,0.8,0.9,1.2,0.05549436207739182
0.8,0.1,0.9,1.2,0.055502731859992
0.5,0.5,0.9,1.2,0.05552071542972641
0.4,0.8,0.7,2.2,0.05554131657027158
0.5,0.1,0.5,2.6,0.055557610782693355
0.3,0.5,0.7,1.6,0.055580360132140474
0.1,0.9,0.2,2.2,0.05558431917979938
0.9,0.9,0.5,1.2,0.05562598032115194
0.9,0.9,0.9,2.0,0.055634384995188774
0.2,0.2,0.7,1.0,0.055634497378592204
0.7,0.9,0.7,2.8,0.05569370911728021
0.3,0.6,0.8,1.2,0.05570221388691801
0.6,0.3,0.2,2.6,0.055812970859334454
0.2,0.4,0.6,1.8,0.05581321158129859
0.4,0.5,0.9,1.0,0.05581840580186544
0.8,0.2,0.8,1.6,0.05597615897053016
0.8,0.7,0.3,2.4,0.05608763664282029
0.6,0.5,0.7,2.2,0.056097128191047486
0.3,0.7,0.3,1.0,0.05609786394109875
0.3,0.3,0.2,2.0,0.05610869094836273
0.1,0.7,0.5,2.8,0.05611773076407533
0.4,0.3,0.7,1.6,0.056128373165000134
0.3,0.6,0.6,2.4,0.056140414270625306
0.4,0.7,0.6,2.8,0.05614274160786312
0.2,0.4,0.7,1.2,0.05617535456814708
0.9,0.4,0.9,1.6,0.05621692221462077
0.8,0.8,0.7,2.8,0.0562626965940023
0.5,0.2,0.2,2.2,0.05626598169385663
0.4,0.1,0.8,1.0,0.05628502353195146
0.7,0.6,0.9,1.6,0.05640648058270675
0.8,0.2,0.3,1.4,0.05644657656698389
0.1,0.7,0.7,1.0,0.056457467928106825
0.9,0.6,0.4,1.4,0.05646096043217458
0.6,0.2,0.8,1.4,0.056488797331108856
0.2,0.6,0.7,1.4,0.05651930213166816
0.7,0.1,0.6,2.2,0.05652181782841532
0.4,0.4,0.2,2.4,0.05653681760623096
0.5,0.4,0.3,1.2,0.056552098039444526
0.7,0.7,0.7,2.6,0.05656051842733683
0.1,0.9,0.6,2.0,0.056621632372292084
0.2,0.1,0.6,1.4,0.05662575625854305
0.8,0.7,0.9,1.8,0.0566586664186611
0.5,0.3,0.2,2.4,0.056671158348785916
0.9,0.6,0.9,1.8,0.056731101138187155
0.4,0.3,0.2,2.2,0.05675190837386433
0.6,0.8,0.7,2.6,0.05675259057681514
0.6,0.3,0.9,1.2,0.056758713422957206
0.9,0.9,0.4,2.0,0.056889396340585735
0.8,0.7,0.8,2.2,0.05691734416842154
0.7,0.6,0.4,1.0,0.05692827918461789
0.8,0.6,0.4,1.2,0.05693834558356866
0.1,0.2,0.6,1.2,0.05699827459827186
0.6,0.8,0.3,2.0,0.05700451938051758
0.2,0.8,0.8,1.0,0.05702400832613117
0.2,0.8,0.7,1.6,0.05704100551883747
0.7,0.2,0.6,2.4,0.057046452518661445
0.4,0.3,0.8,1.2,0.057059804471064894
0.9,0.2,0.9,1.4,0.057061234453522104
0.5,0.1,0.2,2.0,0.05706238340249699
0.7,0.8,0.8,2.2,0.05712908309901
0.7,0.4,0.7,2.2,0.05712994534259395
0.9,0.3,0.4,1.0,0.05716569614165165
0.3,0.3,0.7,1.4,0.05718097801195582
0.7,0.1,0.8,1.4,0.057191292140325374
0.5,0.7,0.8,1.8,0.057214101675400135
0.3,0.2,0.6,1.8,0.05723623811864513
0.4,0.5,0.2,2.6,0.057242760223042644
0.5,0.6,0.7,2.2,0.057272073881978795
0.4,0.6,0.7,2.0,0.057285593522627555
0.6,0.9,0.3,2.2,0.05729504352837411
0.4,0.2,0.6,2.0,0.057302102487809155
0.7,0.8,0.4,1.2,0.0573221359398285
0.8,0.2,0.2,2.6,0.057373387118001495
0.5,0.9,0.3,1.8,0.05741552429921932
0.1,0.7,0.6,1.8,0.057456056226513764
0.7,0.3,0.3,1.4,0.05745648710344242
0.7,0.6,0.8,2.0,0.057457411788124184
0.4,0.5,0.8,1.4,0.05747314456886781
0.5,0.6,0.3,1.4,0.05750294140568544
0.4,0.4,0.3,1.0,0.057508180994628476
0.7,0.3,0.6,2.6,0.05752593311531771
0.5,0.5,0.8,1.6,0.057566544162366326
0.8,0.2,0.7,2.0,0.0576624600157432
0.7,0.9,0.3,2.6,0.057708584815795425
0.5,0.3,0.7,1.8,0.057712616718662464
0.5,0.9,0.8,2.0,0.057714269491284616
0.9,0.7,0.7,2.8,0.05777899623544981
0.3,0.8,0.8,1.4,0.057838149292864446
0.6,0.7,0.3,1.8,0.05784630689064814
0.8,0.6,0.7,2.6,0.057867390328305804
0.8,0.9,0.8,2.4,0.057882068756985414
0.6,0.9,0.4,1.0,0.05794948353095678
0.5,0.2,0.3,1.0,0.05796260724470811
0.8,0.5,0.8,2.0,0.05796514916786495
0.2,0.8,0.6,2.4,0.057966764439407556
0.6,0.2,0.7,1.8,0.05799380853162631
0.2,0.5,0.2,2.0,0.05800679143843342
0.6,0.5,0.9,1.4,0.05801599169248892
0.9,0.4,0.7,2.4,0.05802746494358135
0.9,0.6,0.8,2.2,0.05803609925506964
0.5,0.7,0.9,1.4,0.05804453955017881
0.4,0.7,0.8,1.6,0.05804579758615897
0.1,0.6,0.2,1.8,0.05806148071261921
0.4,0.2,0.2,2.0,0.05806581353161763
0.7,0.8,0.9,1.8,0.05808098968513265
0.5,0.4,0.2,2.6,0.058098835750073775
0.7,0.4,0.6,2.8,0.05810016953705897
0.3,0.9,0.9,1.0,0.05811986722616516
0.1,0.4,0.2,1.6,0.058195055054908414
0.3,0.7,0.6,2.6,0.05822114624319054
0.5,0.1,0.6,2.0,0.05835967041505658
0.9,0.8,0.8,2.4,0.05840708382401837
0.9,0.7,0.3,2.6,0.05846647918872785
0.2,0.5,0.6,2.0,0.058560769173338724
0.5,0.3,0.8,1.4,0.05861899902767703
0.3,0.3,0.8,1.0,0.058625278704431946
0.1,0.9,0.7,1.2,0.058694680495986605
0.4,0.6,0.2,2.8,0.058726267532470906
0.5,0.9,0.7,2.6,0.05872960439281067
0.9,0.3,0.6,2.8,0.05873241208905035
0.1,0.8,0.2,2.0,0.0587426470161946
0.9,0.2,0.6,2.6,0.05876016092327633
0.9,0.8,0.9,2.0,0.058762050598741365
0.3,0.8,0.7,2.0,0.05879396589150858
0.6,0.4,0.2,2.8,0.05881663329926001
0.6,0.7,0.8,2.0,0.05882696734783709
0.1,0.1,0.4,2.8,0.058833323353157614
0.1,0.1,0.5,1.8,0.058909171037513385
0.4,0.9,0.3,1.4,0.058920568146699194
0.6,0.9,0.8,2.2,0.058935324261243545
0.4,0.3,0.6,2.2,0.058941934861642946
0.9,0.1,0.6,2.4,0.058960049829513375
0.1,0.5,0.6,1.6,0.058981710399014904
0.8,0.9,0.9,2.0,0.05903266430478934
0.4,0.9,0.8,1.8,0.059063378572278315
0.3,0.1,0.7,1.2,0.0590764623537709
0.2,0.9,0.2,2.6,0.05909383805198412
0.3,0.2,0.2,1.8,0.05918847244058021
0.6,0.6,0.7,2.4,0.059280915044204636
0.5,0.2,0.9,1.0,0.0593226773836212
0.4,0.9,0.7,2.4,0.059334517255781774
0.1,0.2,0.2,1.4,0.05945929424025335
0.6,0.7,0.9,1.6,0.05946233163462466
0.4,0.7,0.9,1.2,0.05946751576764389
0.7,0.4,0.8,1.8,0.059496929995707624
0.1,0.6,0.7,1.0,0.059500080282665235
0.8,0.9,0.4,1.6,0.05951425097715359
0.3,0.3,0.6,2.0,0.05953882320734818
0.5,0.2,0.6,2.2,0.05956418755258859
0.6,0.1,0.5,2.8,0.059622868592144905
0.2,0.2,0.2,1.6,0.0596674194306184
0.3,0.8,0.3,1.0,0.059726788393334715
0.8,0.8,0.3,2.6,0.05972736259313081
0.4,0.1,0.7,1.4,0.05989559427706659
0.1,0.2,0.5,2.0,0.05991684166042577
0.9,0.8,0.5,1.0,0.05997160175332598
0.4,0.7,0.3,1.2,0.05998066526837636
0.7,0.8,0.7,2.8,0.059980796450267805
0.3,0.6,0.7,1.8,0.05998274490529843
0.5,0.1,0.8,1.2,0.06000287555581644
0.7,0.5,0.7,2.4,0.06001649407768308
0.6,0.5,0.8,1.8,0.060042278365570856
0.5,0.8,0.3,1.6,0.060078414581781814
0.2,0.7,0.8,1.0,0.0600795136423849
0.6,0.6,0.3,1.6,0.06011078649101827
0.2,0.8,0.2,2.4,0.06011307659462662
0.9,0.1,0.2,2.4,0.060145589733025924
0.2,0.2,0.6,1.6,0.06016072643226576
0.7,0.1,0.2,2.2,0.06023020770317602
0.9,0.4,0.8,2.0,0.06026126717706954
0.3,0.8,0.6,2.8,0.06028179134000469
0.9,0.1,0.8,1.6,0.0602818050764472
0.6,0.9,0.7,2.8,0.06029577288571121
0.8,0.3,0.7,2.2,0.060324330510409516
0.4,0.4,0.6,2.4,0.06035270089546823
0.4,0.4,0.7,1.8,0.06035733673821543
0.5,0.5,0.2,2.8,0.060402851405866514
0.3,0.3,0.5,2.8,0.060436070674090604
0.9,0.5,0.4,1.2,0.06046147125341465
0.3,0.5,0.8,1.2,0.06050707317991568
0.5,0.3,0.6,2.4,0.06052150688032962
0.2,0.9,0.6,2.6,0.06054634968713145
0.1,0.8,0.6,2.0,0.06061240427984701
0.5,0.9,0.9,1.6,0.06063705372898589
0.5,0.7,0.7,2.4,0.06064758982165975
0.1,0.3,0.5,2.2,0.060655225481755816
0.9,0.5,0.7,2.6,0.06067154663178818
0.4,0.1,0.2,1.8,0.06070731726131789
0.4,0.4,0.9,1.0,0.060947520287544694
0.9,0.4,0.3,1.8,0.060966022828069975
0.4,0.7,0.7,2.2,0.06098767349674596
0.8,0.7,0.7,2.8,0.0610415456058222
0.2,0.6,0.6,2.2,0.06107272728274071
0.1,0.3,0.6,1.4,0.06107307578153072
0.7,0.1,0.7,1.8,0.06107703250531266
0.3,0.8,0.9,1.0,0.06110568131755243
0.8,0.3,0.8,1.8,0.061225319819452145
0.1,0.4,0.5,2.4,0.061237304777252935
0.5,0.4,0.7,2.0,0.061290907852505475
0.3,0.7,0.2,2.6,0.061298804089683814
0.6,0.3,0.7,2.0,0.06132196723002826
0.2,0.7,0.7,1.6,0.06132396478342028
0.5,0.4,0.6,2.6,0.06137857447340557
0.8,0.8,0.4,1.4,0.06140066993014618
0.6,0.9,0.9,1.8,0.061410344888391165
0.3,0.2,0.5,2.6,0.061450769548654076
0.3,0.6,0.2,2.4,0.06148062662386651
0.2,0.5,0.7,1.4,0.06148908665101339
0.1,0.8,0.7,1.2,0.061501674774681075
0.3,0.4,0.6,2.2,0.061502016191568046
0.5,0.4,0.9,1.2,0.061522416233767724
0.8,0.3,0.2,2.8,0.06155327976229578
0.9,0.5,0.3,2.0,0.06158494854713664
0.2,0.9,0.7,1.8,0.06158669686647398
0.6,0.3,0.3,1.2,0.061623641983868174
0.2,0.4,0.2,1.8,0.061642609968244715
0.4,0.5,0.6,2.6,0.0616547642284664
0.7,0.2,0.2,2.4,0.06169316786638819
0.4,0.2,0.5,2.8,0.06174840909871092
0.1,0.5,0.5,2.6,0.061753686710815624
0.7,0.7,0.3,2.0,0.06177945769453315
0.6,0.1,0.3,1.0,0.06178028234415378
0.3,0.8,0.2,2.8,0.06181013766319121
0.2,0.3,0.7,1.2,0.06182918332862897
0.8,0.8,0.8,2.4,0.06184211496039283
0.2,0.7,0.2,2.2,0.06188942236102503
0.2,0.1,0.7,1.0,0.0618956275900052
0.3,0.4,0.7,1.6,0.062049612784053194
0.8,0.6,0.9,1.8,0.06206404850546108
0.3,0.7,0.8,1.4,0.06208517057656585
0.7,0.9,0.8,2.4,0.06210127615739085
0.7,0.6,0.3,1.8,0.0621454187008701
0.9,0.3,0.3,1.6,0.06218211529966351
0.1,0.6,0.6,1.8,0.06224729102364428
0.5,0.5,0.6,2.8,0.06224884845145361
0.1,0.6,0.5,2.8,0.06227554012992705
0.7,0.7,0.8,2.2,0.06228770178887709
0.6,0.7,0.7,2.6,0.06236231325562471
0.8,0.4,0.9,1.6,0.06242441619659214
0.5,0.8,0.8,2.0,0.06243596884857588
0.3,0.5,0.2,2.2,0.06249409028160773
0.3,0.1,0.5,2.4,0.06250992477600098
0.6,0.3,0.8,1.6,0.06258284656639176
0.8,0.6,0.8,2.2,0.06264785569386426
0.2,0.4,0.5,2.8,0.06265273256139953
0.7,0.5,0.9,1.6,0.06265357371237928
0.7,0.8,0.3,2.2,0.06266870918297052
0.8,0.4,0.7,2.4,0.06275204994282371
0.8,0.1,0.3,1.2,0.06277243552060416
0.3,0.9,0.7,2.2,0.06280515438144323
0.7,0.6,0.7,2.6,0.06281339846056914
0.9,0.7,0.8,2.4,0.06281674837717402
0.4,0.9,0.9,1.4,0.06281844365226247
0.9,0.5,0.9,1.8,0.06283674795035848
0.1,0.7,0.2,1.8,0.06289961780574672
0.4,0.6,0.6,2.8,0.06294180960510262
0.8,0.3,0.6,2.8,0.06302687351299707
0.1,0.5,0.7,1.0,0.0630461514966228
0.7,0.7,0.9,1.8,0.0630482750744505
0.8,0.8,0.9,2.0,0.06305766302155925
0.5,0.6,0.8,1.8,0.06306335320761604
0.4,0.5,0.3,1.0,0.06307828596494007
0.2,0.3,0.5,2.6,0.06310154224610161
0.7,0.3,0.9,1.4,0.06310881716809477
0.2,0.3,0.6,1.8,0.06311995221618073
0.9,0.7,0.9,2.0,0.06312023821666303
0.3,0.9,0.3,1.0,0.06313973805342438
0.6,0.1,0.6,2.2,0.06319716742688831
0.8,0.5,0.3,1.8,0.06322746022840046
0.3,0.5,0.6,2.4,0.06325034260721818
0.7,0.2,0.8,1.6,0.06326952201265033
0.5,0.6,0.9,1.4,0.06327006709239952
0.1,0.9,0.2,2.0,0.06328372203481886
0.8,0.2,0.6,2.6,0.06330604873981709
0.1,0.5,0.2,1.6,0.06331438081990423
0.2,0.9,0.8,1.2,0.06334382830081507
0.8,0.6,0.3,2.0,0.06337060359342332
0.9,0.6,0.7,2.8,0.06340919177839613
0.5,0.1,0.7,1.6,0.06342043175294844
0.2,0.7,0.6,2.4,0.06343107289073029
0.1,0.1,0.6,1.2,0.06346453766607008
0.4,0.6,0.8,1.6,0.06349926716833987
0.4,0.1,0.5,2.6,0.06350842265537146
0.6,0.2,0.6,2.4,0.06353054157433935
0.2,0.2,0.5,2.4,0.06356507882810318
0.4,0.8,0.8,1.8,0.06362446362671535
0.2,0.6,0.8,1.0,0.06363722931024889
0.9,0.9,0.8,2.6,0.06364114117966262
0.1,0.9,0.6,2.2,0.06366135569656511
0.9,0.8,0.3,2.8,0.06367626000624842
0.9,0.6,0.3,2.2,0.06369137250050612
0.9,0.2,0.2,2.6,0.0637034398152168
0.8,0.1,0.6,2.4,0.06370883186580596
0.6,0.8,0.8,2.2,0.0637338335820954
0.5,0.5,0.3,1.2,0.06374510480308537
0.3,0.9,0.8,1.6,0.06375180580274019
0.7,0.7,0.4,1.0,0.06375343110188204
0.3,0.1,0.2,1.6,0.06376964845587872
0.6,0.3,0.6,2.6,0.06376996686719891
0.7,0.2,0.3,1.2,0.06378852666082704
0.7,0.9,0.4,1.2,0.06380560457404022
0.8,0.5,0.4,1.0,0.06382940207263109
0.9,0.1,0.7,2.0,0.06385775519141827
0.4,0.4,0.8,1.4,0.06389120874014574
0.5,0.8,0.7,2.6,0.06391076125899735
0.2,0.1,0.5,2.2,0.06393962863656762
0.8,0.2,0.9,1.4,0.06396021906711008
0.7,0.1,0.9,1.2,0.06398627837064659
0.7,0.2,0.7,2.0,0.06403950324913656
0.3,0.7,0.7,2.0,0.06405238939942348
0.6,0.4,0.6,2.8,0.06405504534106778
0.7,0.5,0.3,1.6,0.06408664197254087
0.4,0.5,0.7,2.0,0.06411315682595563
0.4,0.6,0.9,1.2,0.06414464891653371
0.8,0.9,0.3,2.8,0.06414868037730997
0.6,0.5,0.3,1.4,0.06419846748241355
0.6,0.4,0.7,2.2,0.06422760715816796
0.7,0.5,0.8,2.0,0.064342617609014
0.9,0.3,0.9,1.6,0.0643448011872472
0.5,0.7,0.3,1.4,0.06436463284483208
0.7,0.3,0.2,2.6,0.06439222907080575
0.7,0.9,0.9,2.0,0.06445440280984822
0.4,0.2,0.8,1.2,0.06446373330216462
0.5,0.5,0.7,2.2,0.0644898988218735
0.4,0.8,0.7,2.4,0.0645025310201542
0.3,0.4,0.2,2.0,0.0645134440450129
0.7,0.9,0.3,2.4,0.06457422206740394
0.2,0.6,0.2,2.0,0.0645796019233499
0.3,0.7,0.9,1.0,0.06458272847165909
0.1,0.4,0.6,1.6,0.06466545109121458
0.9,0.5,0.8,2.2,0.06467441521172293
0.5,0.4,0.8,1.6,0.06470598340760893
0.4,0.2,0.7,1.6,0.06474618894721579
0.1,0.7,0.7,1.2,0.06476665142787338
0.6,0.2,0.9,1.2,0.06478285682888926
0.8,0.4,0.3,1.6,0.06480190645320283
0.3,0.2,0.7,1.4,0.06483184794022868
0.1,0.3,0.2,1.4,0.06483315107191301
0.6,0.4,0.9,1.4,0.06486484527903898
0.3,0.2,0.8,1.0,0.06486756314246023
0.9,0.8,0.4,1.6,0.0648767043444904
0.3,0.6,0.6,2.6,0.06488418843122812
0.8,0.7,0.3,2.2,0.06489095103238667
0.9,0.9,0.4,1.8,0.06496867459324865
0.6,0.6,0.8,2.0,0.06501920016684883
0.4,0.8,0.3,1.2,0.06502141995732093
0.5,0.8,0.9,1.6,0.0650885981058068
0.8,0.5,0.7,2.6,0.065100244314083
0.9,0.9,0.9,2.2,0.06516320515384162
0.6,0.6,0.9,1.6,0.06517295033452038
0.6,0.9,0.3,2.0,0.06518012099369823
0.1,0.7,0.6,2.0,0.06529290513227051
0.9,0.2,0.8,1.8,0.06529475967756476
0.6,0.8,0.7,2.8,0.06541958419582783
0.5,0.3,0.3,1.0,0.06546239979983659
0.6,0.2,0.2,2.2,0.06547982492797531
0.8,0.7,0.4,1.2,0.06548836450682027
0.7,0.7,0.7,2.8,0.06561665286166248
0.2,0.4,0.6,2.0,0.06564793675949908
0.2,0.8,0.6,2.6,0.06570386809143743
0.9,0.2,0.3,1.4,0.06573105759022184
0.6,0.1,0.2,2.0,0.06579174984453469
0.2,0.8,0.7,1.8,0.06584219202500846
0.8,0.4,0.8,2.0,0.06585159590793206
0.9,0.2,0.7,2.2,0.06589079746602414
0.6,0.8,0.9,1.8,0.06608320506314044
0.3,0.4,0.8,1.2,0.06616210310369967
0.6,0.8,0.3,1.8,0.0662039396750171
0.2,0.1,0.2,1.4,0.06620932214921679
0.2,0.9,0.2,2.4,0.0662116861919926
0.6,0.1,0.8,1.4,0.06625901494435468
0.5,0.1,0.5,2.8,0.06630285133293103
0.2,0.6,0.7,1.6,0.06634659567803441
0.3,0.5,0.7,1.8,0.06637280554548575
0.4,0.5,0.2,2.4,0.06641797819183941
0.1,0.9,0.7,1.4,0.06642267441751142
0.3,0.7,0.6,2.8,0.06648274606473756
0.6,0.3,0.2,2.4,0.06649464380292644
0.7,0.3,0.7,2.2,0.06652077142331332
0.5,0.9,0.3,1.6,0.06657745704920671
0.2,0.8,0.8,1.2,0.0666249284436692
0.2,0.3,0.2,1.6,0.06665190898482037
0.9,0.7,0.4,1.4,0.06665237444795
0.8,0.9,0.8,2.6,0.06669273511121682
0.8,0.1,0.8,1.6,0.0667131026711407
0.4,0.4,0.2,2.2,0.06673618043513523
0.6,0.5,0.7,2.4,0.06686885608685014
0.7,0.8,0.8,2.4,0.06691511266540866
0.4,0.8,0.9,1.4,0.06695855241833545
0.4,0.3,0.9,1.0,0.0670089385971336
0.4,0.6,0.2,2.6,0.06702233886910422
0.9,0.7,0.3,2.4,0.0670295824937953
0.3,0.1,0.6,1.8,0.06705626923823362
0.3,0.6,0.8,1.4,0.06706968970160389
0.8,0.7,0.8,2.4,0.06712328075102461
0.5,0.9,0.7,2.8,0.06712751057691564
0.9,0.9,0.5,1.0,0.06715355873130793
0.1,0.4,0.7,1.0,0.06718256143816152
0.5,0.2,0.8,1.4,0.06718358908885852
0.5,0.2,0.7,1.8,0.06730388748903082
0.8,0.1,0.2,2.2,0.06731437312778035
0.2,0.4,0.7,1.4,0.06732916990783226
0.5,0.1,0.9,1.0,0.06734760003389827
0.5,0.9,0.8,2.2,0.06739375241513891
0.9,0.1,0.9,1.4,0.0674161127276777
0.5,0.6,0.7,2.4,0.0674390140983589
0.8,0.6,0.7,2.8,0.06748916140206189
0.4,0.6,0.7,2.2,0.06752375133995916
0.8,0.8,0.3,2.4,0.06753573568877545
0.9,0.8,0.8,2.6,0.06754312862184482
0.1,0.8,0.2,1.8,0.06755728564378348
0.9,0.3,0.7,2.4,0.06765133076375265
0.1,0.2,0.6,1.4,0.0677247889225528
0.5,0.3,0.2,2.2,0.06776160615448505
0.3,0.3,0.2,1.8,0.067763742696099
0.2,0.5,0.8,1.0,0.0677823630417597
0.9,0.4,0.4,1.0,0.06784331798397579
0.1,0.5,0.6,1.8,0.06786920184239742
0.2,0.5,0.6,2.2,0.06786996751611704
0.3,0.8,0.7,2.2,0.06787186927702882
0.1,0.1,0.2,1.2,0.06788671013023789
0.6,0.4,0.8,1.8,0.06788837301014039
0.4,0.9,0.7,2.6,0.06790042872517135
0.2,0.9,0.6,2.8,0.06794638169089778
0.7,0.4,0.3,1.4,0.06804880475202435
0.3,0.8,0.8,1.6,0.06805710936228217
0.4,0.1,0.6,2.0,0.0681172387086197
0.5,0.7,0.8,2.0,0.06812537263012378
0.2,0.8,0.2,2.2,0.06814925974837863
0.5,0.4,0.2,2.4,0.06815122091926053
0.4,0.3,0.2,2.0,0.06816627666416734
0.7,0.4,0.2,2.8,0.06817989898302199
0.1,0.8,0.6,2.2,0.06818017911370952
0.8,0.7,0.9,2.0,0.06826209960644021
0.1,0.6,0.2,1.6,0.06828082524256247
0.7,0.3,0.6,2.8,0.06832965820326115
0.2,0.5,0.2,1.8,0.0683860436699009
0.4,0.7,0.2,2.8,0.06839749226216316
0.4,0.6,0.3,1.0,0.06842150760716637
0.7,0.3,0.8,1.8,0.06843354025564383
0.6,0.9,0.8,2.4,0.06844079851574725
0.2,0.2,0.7,1.2,0.06849483148623153
0.9,0.3,0.2,2.8,0.06855818477703192
0.1,0.6,0.7,1.2,0.06856474537043532
0.8,0.3,0.3,1.4,0.06857373567554037
0.5,0.2,0.2,2.0,0.0685936504653636
0.3,0.6,0.9,1.0,0.06863339661107486
0.6,0.4,0.2,2.6,0.06864216592703135
0.6,0.7,0.3,1.6,0.06866030202821696
0.5,0.3,0.9,1.2,0.06869239351966133
0.7,0.4,0.7,2.4,0.06871630010541202
0.3,0.9,0.9,1.2,0.06878962209244735
0.7,0.6,0.8,2.2,0.06879947856439916
0.4,0.3,0.7,1.8,0.06881337388090775
0.7,0.2,0.6,2.6,0.06885783198921912
0.9,0.6,0.8,2.4,0.06886871778734872
0.4,0.9,0.8,2.0,0.06888751929040832
0.8,0.5,0.9,1.8,0.06893629858142443
0.9,0.6,0.9,2.0,0.06894461634678482
0.2,0.1,0.6,1.6,0.06899523546542874
0.3,0.2,0.6,2.0,0.0689969363272784
0.4,0.7,0.8,1.8,0.06903159135925042
0.6,0.1,0.7,1.8,0.06907218862801773
0.1,0.1,0.5,2.0,0.06914696659796124
0.4,0.2,0.6,2.2,0.0691842175884655
0.8,0.9,0.9,2.2,0.06919357070183128
0.3,0.8,0.2,2.6,0.06920400859914196
0.7,0.6,0.9,1.8,0.06920717783111648
0.9,0.8,0.9,2.2,0.06923149167027381
0.7,0.8,0.9,2.0,0.06927579076326189
0.9,0.4,0.7,2.6,0.06933269954658776
0.8,0.2,0.2,2.4,0.06933345380153169
0.6,0.6,0.7,2.6,0.06937262129474704
0.1,0.2,0.5,2.2,0.0694573348179587
0.7,0.1,0.6,2.4,0.0694617311811185
0.5,0.5,0.9,1.4,0.06949558799261572
0.3,0.9,0.2,2.8,0.0695441177113153
0.8,0.1,0.7,2.0,0.06954918970321952
0.3,0.7,0.2,2.4,0.0695567225638234
0.1,0.3,0.5,2.4,0.06955926257584216
0.1,0.5,0.5,2.8,0.06956400109748585
0.1,0.4,0.5,2.6,0.06956555332583021
0.5,0.5,0.2,2.6,0.06956560884404032
0.9,0.3,0.8,2.0,0.06957215842970108
0.8,0.9,0.4,1.4,0.06960493548794877
0.6,0.7,0.8,2.2,0.06963910753528516
0.4,0.5,0.9,1.2,0.06964959570564296
0.3,0.3,0.7,1.6,0.0697257951521576
0.4,0.9,0.3,1.2,0.06980605329067362
0.1,0.8,0.7,1.4,0.06981028099158133
0.2,0.6,0.6,2.4,0.06989080881013572
0.4,0.3,0.6,2.4,0.06995814033417064
0.4,0.5,0.8,1.6,0.0699695847693305
0.8,0.5,0.8,2.2,0.07004496670709205
0.1,0.4,0.2,1.4,0.07009630197011496
0.5,0.5,0.8,1.8,0.07009992297988431
0.2,0.9,0.7,2.0,0.07012917505532026
0.5,0.7,0.7,2.6,0.0702431951671785
0.3,0.6,0.7,2.0,0.07027210622849264
0.7,0.8,0.4,1.0,0.07031528130475981
0.7,0.4,0.9,1.6,0.07035613080727736
0.5,0.7,0.9,1.6,0.07038365201459294
0.2,0.7,0.8,1.2,0.07043891289564758
0.9,0.2,0.6,2.8,0.07049095172523079
0.3,0.3,0.6,2.2,0.07050955536806404
0.5,0.3,0.7,2.0,0.07051486553417727
0.4,0.4,0.6,2.6,0.07058846577104566
0.6,0.4,0.3,1.2,0.07068280650107263
0.4,0.7,0.7,2.4,0.07069724807626213
0.3,0.6,0.2,2.2,0.0707436557910856
0.9,0.4,0.9,1.8,0.07075123088285017
0.5,0.6,0.3,1.2,0.07075986608419507
0.1,0.6,0.6,2.0,0.07077581104679094
0.7,0.5,0.7,2.6,0.07078208873400253
0.2,0.7,0.7,1.8,0.07082410956235824
0.5,0.1,0.2,1.8,0.07090043222410158
0.9,0.6,0.4,1.2,0.07090879504092998
0.4,0.2,0.2,1.8,0.07095215650125461
0.1,0.9,0.6,2.4,0.07096389986195836
0.5,0.8,0.3,1.4,0.07100483940531853
0.2,0.7,0.2,2.0,0.0710049865183813
0.9,0.5,0.7,2.8,0.07108601326260798
0.6,0.2,0.3,1.0,0.07110565307679095
0.8,0.9,0.3,2.6,0.07110928123321064
0.4,0.5,0.6,2.8,0.07119093354302058
0.8,0.3,0.9,1.6,0.07122256166031259
0.1,0.3,0.6,1.6,0.07134608655322339
0.9,0.8,0.3,2.6,0.07140175776509622
0.5,0.1,0.6,2.2,0.07140580808217968
0.7,0.9,0.8,2.6,0.07142051241287503
0.8,0.2,0.7,2.2,0.07143033068665283
0.3,0.2,0.5,2.8,0.07146527164417947
0.8,0.8,0.8,2.6,0.07149101116050008
0.3,0.9,0.7,2.4,0.0715136350639134
0.4,0.3,0.8,1.4,0.07151974453715858
0.5,0.2,0.6,2.4,0.07156420814357338
0.5,0.3,0.6,2.6,0.07158301302505084
0.5,0.4,0.6,2.8,0.0716020975572967
0.8,0.2,0.8,1.8,0.07164844054375276
0.5,0.9,0.9,1.8,0.0717008094482277
0.6,0.7,0.9,1.8,0.07173801146607205
0.3,0.4,0.6,2.4,0.07175043764195566
0.6,0.5,0.2,2.8,0.07176378756497827
0.2,0.2,0.6,1.8,0.07178656663072472
0.2,0.7,0.6,2.6,0.0717959549052674
0.4,0.7,0.9,1.4,0.07181902008218698
0.6,0.7,0.7,2.8,0.07183810603227538
0.5,0.6,0.2,2.8,0.07184533736379219
0.7,0.8,0.3,2.0,0.07184882565383813
0.9,0.1,0.6,2.6,0.07190773099322544
0.6,0.2,0.7,2.0,0.07191957645485177
0.1,0.9,0.2,1.8,0.07200867340186713
0.1,0.3,0.7,1.0,0.07201222460540384
0.6,0.5,0.9,1.6,0.07207600491968326
0.2,0.5,0.7,1.6,0.07223338712717343
0.3,0.1,0.8,1.0,0.0722451130324845
0.4,0.4,0.7,2.0,0.07228882597049105
0.9,0.9,0.8,2.8,0.07228957928273223
0.6,0.9,0.9,2.0,0.07231912813350647
0.2,0.3,0.5,2.8,0.07232450576509476
0.6,0.2,0.8,1.6,0.07233460174753503
0.9,0.1,0.3,1.2,0.07236579997095409
0.7,0.7,0.3,1.8,0.07240303489729963
0.7,0.2,0.9,1.4,0.0725203012145313
0.3,0.8,0.9,1.2,0.0725230421641104
0.3,0.2,0.2,1.6,0.07254491014487907
0.7,0.9,0.3,2.2,0.07256201351691983
0.8,0.6,0.4,1.0,0.07257174666345342
0.6,0.5,0.8,2.0,0.07258981179495755
0.2,0.4,0.8,1.0,0.07261577570263131
0.8,0.3,0.2,2.6,0.0727002618961511
0.3,0.3,0.8,1.2,0.07281736392954286
0.5,0.4,0.3,1.0,0.0728291188078522
0.7,0.6,0.7,2.8,0.07283944251718355
0.3,0.5,0.6,2.6,0.0728441503527754
0.5,0.8,0.8,2.2,0.07285593003271441
0.2,0.9,0.8,1.4,0.07286984268055449
0.7,0.4,0.8,2.0,0.07291187873374769
0.3,0.5,0.8,1.4,0.07291776539205345
0.3,0.5,0.2,2.0,0.07294329003308071
0.6,0.6,0.3,1.4,0.07295053852405098
0.9,0.7,0.8,2.6,0.07296979103487285
0.1,0.5,0.7,1.2,0.07298466988981091
0.5,0.8,0.7,2.8,0.07298548142208808
0.8,0.3,0.7,2.4,0.0729909978266912
0.7,0.7,0.8,2.4,0.07299593962762033
0.1,0.7,0.2,1.6,0.07305316672038877
0.3,0.7,0.8,1.6,0.0730991905997133
0.6,0.3,0.9,1.4,0.07314133470276242
0.5,0.4,0.7,2.2,0.07325211627411783
0.5,0.3,0.8,1.6,0.07328645646266774
0.4,0.1,0.8,1.2,0.07328649264326821
0.9,0.4,0.8,2.2,0.07335324992551558
0.3,0.5,0.9,1.0,0.07335523245525877
0.2,0.2,0.2,1.4,0.07339876965007415
0.1,0.2,0.2,1.2,0.0734291656985171
0.3,0.1,0.5,2.6,0.07342972710052648
0.1,0.7,0.6,2.2,0.07346766641543429
0.4,0.7,0.3,1.0,0.07350040857224613
0.2,0.2,0.5,2.6,0.07354206267029557
0.2,0.4,0.2,1.6,0.07357641729604478
0.2,0.8,0.6,2.8,0.07365387972327804
0.3,0.9,0.8,1.8,0.07367466676644398
0.7,0.1,0.3,1.0,0.07371871872744432
0.4,0.8,0.7,2.6,0.07372246843828248
0.1,0.7,0.7,1.4,0.07374543985360581
0.3,0.7,0.7,2.2,0.0738556860385863
0.8,0.8,0.4,1.2,0.07385932953061558
0.3,0.6,0.6,2.8,0.07388810334305736
0.3,0.1,0.7,1.4,0.07392484067236656
0.3,0.4,0.7,1.8,0.07393360448335089
0.8,0.6,0.8,2.4,0.07396453712952455
0.4,0.9,0.9,1.6,0.07398794887540622
0.6,0.8,0.8,2.4,0.07400788747239151
0.2,0.3,0.6,2.0,0.07403459411999212
0.9,0.1,0.2,2.2,0.07405761646838967
0.8,0.8,0.9,2.2,0.07411847832723202
0.4,0.8,0.8,2.0,0.07416659521276338
0.4,0.2,0.9,1.0,0.07417162244962223
0.2,0.3,0.7,1.4,0.07419024456009114
0.2,0.9,0.2,2.2,0.07420447199361915
0.6,0.3,0.7,2.2,0.07423488263827972
0.7,0.1,0.2,2.0,0.07438579517864911
0.6,0.9,0.3,1.8,0.07439660571804713
0.8,0.4,0.7,2.6,0.07442371768091716
0.1,0.4,0.6,1.8,0.07446124371402006
0.6,0.1,0.9,1.2,0.07448337157748712
0.4,0.1,0.5,2.8,0.07452620342781786
0.9,0.5,0.3,1.8,0.07454664915743184
0.7,0.6,0.3,1.6,0.07455292136733983
0.7,0.1,0.8,1.6,0.07455948587161647
0.7,0.2,0.2,2.2,0.07456242630746962
0.1,0.9,0.7,1.6,0.07463738512419361
0.9,0.2,0.9,1.6,0.07464862145795127
0.7,0.3,0.3,1.2,0.07467989169928091
0.9,0.7,0.9,2.2,0.07468233412158187
0.2,0.1,0.5,2.4,0.07476461985475112
0.9,0.9,0.4,1.6,0.07483496910798317
0.8,0.6,0.9,2.0,0.0748660441540388
0.2,0.6,0.8,1.2,0.0748729196546564
0.8,0.1,0.9,1.4,0.0748826282266618
0.6,0.3,0.6,2.8,0.07488479212230058
0.5,0.6,0.8,2.0,0.07495293851980839
0.2,0.6,0.2,1.8,0.07498148763025368
0.2,0.8,0.7,2.0,0.07499946695094022
0.9,0.6,0.3,2.0,0.07506312587017287
0.4,0.1,0.7,1.6,0.07507582072416165
0.9,0.9,0.9,2.4,0.07515467055057179
0.7,0.9,0.9,2.2,0.07518115330123239
0.1,0.5,0.2,1.4,0.07518831538724818
0.7,0.7,0.9,2.0,0.07523771526091859
0.8,0.2,0.3,1.2,0.07525322209616682
0.8,0.7,0.3,2.0,0.07527492704337652
0.8,0.6,0.3,1.8,0.07529514898333717
0.8,0.2,0.6,2.8,0.07529649721175485
0.4,0.5,0.7,2.2,0.07533673394537864
0.4,0.1,0.2,1.6,0.07542013456457104
0.4,0.6,0.8,1.8,0.0754298362625373
0.1,0.1,0.6,1.4,0.07556335822882587
0.6,0.2,0.6,2.6,0.07565185947581737
0.5,0.5,0.7,2.4,0.0756788063195633
0.8,0.3,0.8,2.0,0.07579040340376086
0.8,0.9,0.8,2.8,0.07582962005045316
0.8,0.5,0.7,2.8,0.07587845055104803
0.2,0.4,0.6,2.2,0.07589885986556766
0.9,0.4,0.3,1.6,0.07592785149449738
0.1,0.8,0.6,2.4,0.07601582098363135
0.4,0.4,0.9,1.2,0.07612778748198565
0.7,0.3,0.2,2.4,0.07619316336419889
0.6,0.4,0.7,2.4,0.07621640960273889
0.2,0.1,0.7,1.2,0.07635161084978309
0.3,0.4,0.2,1.8,0.07638612343268797
0.4,0.6,0.2,2.4,0.0764048569618135
0.7,0.1,0.7,2.0,0.07644424668524767
0.6,0.1,0.6,2.4,0.07644849264340332
0.9,0.5,0.9,2.0,0.07649406134502858
0.7,0.9,0.4,1.0,0.07656552386389598
0.9,0.2,0.2,2.4,0.07660981283443499
0.9,0.9,0.3,2.8,0.0766477913898455
0.2,0.6,0.7,1.8,0.0766513347421077
0.8,0.8,0.3,2.2,0.07665371401358709
0.5,0.6,0.9,1.6,0.07667021529770363
0.4,0.9,0.7,2.8,0.07667082892057703
0.7,0.5,0.9,1.8,0.07677365838873919
0.9,0.8,0.4,1.4,0.07682180090462011
0.2,0.8,0.8,1.4,0.07682428479279091
0.9,0.5,0.8,2.4,0.07683666389467066
0.6,0.6,0.8,2.2,0.07684846977256109
0.4,0.7,0.2,2.6,0.07685038999076738
0.3,0.7,0.9,1.2,0.0768635484995428
0.4,0.5,0.2,2.2,0.07688225659308699
0.5,0.4,0.9,1.4,0.07689901712963866
0.7,0.5,0.8,2.2,0.07690196589186181
0.8,0.1,0.6,2.6,0.076909057763396
0.3,0.9,0.2,2.6,0.07695041140327981
0.5,0.8,0.9,1.8,0.07695728392550034
0.7,0.8,0.8,2.6,0.07703687184973575
0.6,0.8,0.3,1.6,0.0770403801151309
0.8,0.5,0.3,1.6,0.07707071587776367
0.9,0.8,0.8,2.8,0.07707604196999185
0.9,0.7,0.3,2.2,0.07710437961500198
0.1,0.5,0.6,2.0,0.07719266384544544
0.3,0.8,0.7,2.4,0.07721592318655546
0.2,0.8,0.2,2.0,0.07722292671511813
0.5,0.2,0.9,1.2,0.07723998367238666
0.8,0.4,0.2,2.8,0.07726106442425912
0.5,0.9,0.8,2.4,0.07734484486237347
0.5,0.9,0.3,1.4,0.07737081291004597
0.6,0.3,0.8,1.8,0.07742623733122189
0.5,0.1,0.8,1.4,0.07747057190873899
0.3,0.8,0.2,2.4,0.07749419411041722
0.2,0.5,0.6,2.4,0.07751041102309598
0.4,0.6,0.9,1.4,0.07752217239769868
0.5,0.7,0.3,1.2,0.07752240360207302
0.8,0.4,0.9,1.8,0.07753177497682945
0.1,0.8,0.2,1.6,0.07760425825953371
0.3,0.5,0.7,2.0,0.07761509736882458
0.4,0.4,0.8,1.6,0.07763327920240676
0.1,0.2,0.7,1.0,0.07765677053249453
0.9,0.1,0.8,1.8,0.07769526079760694
0.8,0.7,0.8,2.6,0.07773899947760742
0.6,0.8,0.9,2.0,0.07782469476054064
0.5,0.6,0.7,2.6,0.07792571156884207
0.6,0.5,0.7,2.6,0.07802200818600842
0.4,0.8,0.2,2.8,0.07806135074188408
0.4,0.6,0.7,2.4,0.07809315369292387
0.1,0.4,0.7,1.2,0.07813101099167996
0.1,0.4,0.5,2.8,0.07816763418075622
0.7,0.2,0.7,2.2,0.07817944844157652
0.6,0.9,0.8,2.6,0.07821321078396008
0.2,0.3,0.8,1.0,0.07825656817388964
0.4,0.8,0.3,1.0,0.07829272942968153
0.1,0.6,0.7,1.4,0.07831625229815042
0.1,0.9,0.6,2.6,0.07847990870497397
0.4,0.4,0.2,2.0,0.07848008179729148
0.5,0.4,0.8,1.8,0.07853046830806344
0.6,0.6,0.9,1.8,0.07855075512901404
0.9,0.5,0.4,1.0,0.07857301690953712
0.1,0.8,0.7,1.6,0.07861788568749309
0.3,0.8,0.8,1.8,0.07867995010346707
0.7,0.5,0.3,1.4,0.07875173176330874
0.1,0.3,0.5,2.6,0.07879386886786216
0.3,0.2,0.7,1.6,0.0788165945561515
0.1,0.3,0.2,1.2,0.07883242240582687
0.3,0.4,0.9,1.0,0.0788634385455819
0.3,0.7,0.2,2.2,0.07887420143115469
0.6,0.3,0.2,2.2,0.07887565704188564
0.5,0.1,0.7,1.8,0.07889235792269969
0.4,0.8,0.9,1.6,0.07891097991501114
0.4,0.2,0.7,1.8,0.07891980848753637
0.2,0.9,0.7,2.2,0.07894487682443221
0.2,0.6,0.6,2.6,0.07897476680945567
0.4,0.9,0.8,2.2,0.07899339918754279
0.3,0.6,0.8,1.6,0.07900015848704238
0.7,0.4,0.2,2.6,0.07907087346252734
0.1,0.9,0.8,1.0,0.07911888204163992
0.2,0.4,0.7,1.6,0.07912978942544384
0.8,0.9,0.3,2.4,0.07916540932658578
0.1,0.2,0.6,1.6,0.07919418498197615
0.6,0.2,0.2,2.0,0.07920000505692956
0.9,0.1,0.7,2.2,0.07924092520494275
0.3,0.1,0.2,1.4,0.07927138089593766
0.8,0.4,0.8,2.2,0.07938306138414536
0.5,0.7,0.8,2.2,0.07939944132851999
0.1,0.2,0.5,2.4,0.07940027880036052
0.7,0.2,0.8,1.8,0.07942378308241328
0.7,0.3,0.7,2.4,0.07954779158547587
0.6,0.5,0.3,1.2,0.07964307496885009
0.1,0.6,0.6,2.2,0.07964696893661077
0.5,0.4,0.2,2.2,0.07969345169645649
0.8,0.9,0.9,2.4,0.07973186929196957
0.9,0.3,0.3,1.4,0.07973388423026694
0.2,0.9,0.9,1.0,0.07973731738371717
0.7,0.3,0.9,1.6,0.07976673314350213
0.6,0.6,0.7,2.8,0.07977459766409624
0.3,0.4,0.8,1.4,0.07977689007926077
0.1,0.1,0.5,2.2,0.07988013616898174
0.6,0.4,0.2,2.4,0.07990111832389256
0.9,0.2,0.7,2.4,0.07994019092135972
0.5,0.5,0.3,1.0,0.07996726814514207
0.5,0.5,0.2,2.4,0.0799832655400714
0.3,0.9,0.9,1.4,0.07999313859321236
0.2,0.5,0.8,1.2,0.08002959900354091
0.1,0.6,0.2,1.4,0.08006719853078889
0.5,0.7,0.7,2.8,0.08009547266859612
0.9,0.8,0.9,2.4,0.08017240971091155
0.9,0.6,0.8,2.6,0.08018238359980343
0.3,0.1,0.6,2.0,0.08028318199180272
0.2,0.5,0.2,1.6,0.0803455821297726
0.8,0.7,0.9,2.2,0.08036548802790959
0.2,0.7,0.6,2.8,0.08037550977998631
0.6,0.4,0.9,1.6,0.08038245825629874
0.9,0.8,0.3,2.4,0.08039380323498808
0.4,0.7,0.8,2.0,0.08040078408109219
0.6,0.3,0.3,1.0,0.08042043130680003
0.3,0.9,0.7,2.6,0.08042967850078689
0.9,0.3,0.7,2.6,0.08050041524681267
0.2,0.3,0.2,1.4,0.08051457011977868
0.7,0.6,0.8,2.4,0.08056768240041506
0.4,0.2,0.8,1.4,0.08056948427585751
0.9,0.3,0.2,2.6,0.08062019946342433
0.5,0.3,0.2,2.0,0.08063864333019245
0.3,0.2,0.8,1.2,0.08064791156283341
0.4,0.7,0.7,2.6,0.08066825766154509
0.2,0.7,0.7,2.0,0.08068755594180431
0.7,0.4,0.7,2.6,0.0807414648986827
0.9,0.3,0.9,1.8,0.0807651755461801
0.6,0.7,0.8,2.4,0.08079959627291484
0.7,0.8,0.9,2.2,0.08086952307161833
0.3,0.6,0.7,2.2,0.08090826374077546
0.7,0.9,0.8,2.8,0.08100543826338878
0.8,0.7,0.4,1.0,0.08107925043269995
0.8,0.4,0.3,1.4,0.08109871161654177
0.9,0.4,0.7,2.8,0.08110625884964746
0.7,0.2,0.6,2.8,0.08110648241039228
0.4,0.4,0.6,2.8,0.08112747551803058
0.6,0.1,0.2,1.8,0.08114999002450131
0.3,0.2,0.6,2.2,0.0812431550832475
0.3,0.6,0.2,2.0,0.08127100959434176
0.5,0.6,0.2,2.6,0.08129745094795687
0.9,0.7,0.4,1.2,0.08130079353028796
0.4,0.3,0.6,2.6,0.08134166125470252
0.9,0.2,0.8,2.0,0.08135095397213245
0.2,0.7,0.2,1.8,0.08136316109899595
0.3,0.3,0.2,1.6,0.08137814601981415
0.2,0.7,0.8,1.4,0.08141370853148194
0.4,0.3,0.2,1.8,0.08145290160477771
0.8,0.8,0.8,2.8,0.08146935795658361
0.4,0.1,0.6,2.2,0.08150771267815568
0.4,0.2,0.6,2.4,0.08151526750524637
0.6,0.7,0.3,1.4,0.08151664845611388
0.5,0.2,0.7,2.0,0.08164171393332868
0.9,0.6,0.9,2.2,0.08176263983944826
0.6,0.4,0.8,2.0,0.08177468408524592
0.7,0.9,0.3,2.0,0.0818368823507593
0.3,0.3,0.6,2.4,0.08186950022037714
0.7,0.5,0.7,2.8,0.08190989663394471
0.3,0.6,0.9,1.2,0.0819106071770672
0.1,0.7,0.6,2.4,0.08191404957997137
0.1,0.9,0.2,1.6,0.08191803827068166
0.8,0.9,0.4,1.2,0.08195902768098136
0.1,0.8,0.8,1.0,0.08197743905471612
0.4,0.3,0.7,2.0,0.08203916289406159
0.2,0.1,0.6,1.8,0.08204219397107712
0.6,0.5,0.2,2.6,0.08206177767480438
0.8,0.2,0.9,1.6,0.08209682456972124
0.1,0.3,0.6,1.8,0.08218562026009685
0.2,0.2,0.7,1.4,0.08224774449594109
0.3,0.4,0.6,2.6,0.08231425124649826
0.2,0.1,0.2,1.2,0.0823996012714658
0.7,0.6,0.9,2.0,0.08254502693828585
0.7,0.8,0.3,1.8,0.08259742370464813
0.8,0.5,0.8,2.4,0.08262741650184734
0.4,0.1,0.9,1.0,0.08263204779316874
0.8,0.1,0.2,2.0,0.08269227559915276
0.3,0.5,0.6,2.8,0.0826955369054585
0.4,0.9,0.3,1.0,0.08278803805906208
0.2,0.9,0.8,1.6,0.08283104304626382
0.3,0.3,0.7,1.8,0.08286279456190272
0.7,0.1,0.6,2.6,0.08291326681015629
0.2,0.8,0.9,1.0,0.08297506736263222
0.4,0.5,0.8,1.8,0.08298740834763899
0.5,0.3,0.6,2.8,0.08299036550950989
0.7,0.5,0.2,2.8,0.0830262559413754
0.5,0.9,0.9,2.0,0.0830894052372481
0.5,0.2,0.2,1.8,0.08308972498638581
0.6,0.2,0.9,1.4,0.08309242071128532
0.5,0.5,0.8,2.0,0.083114135070656
0.8,0.5,0.9,2.0,0.0831142674173405
0.4,0.8,0.7,2.8,0.08314961576797482
0.5,0.7,0.9,1.8,0.08318163773932774
0.2,0.9,0.2,2.0,0.0831915679485866
0.1,0.9,0.7,1.8,0.08322808418323378
0.1,0.7,0.7,1.6,0.08323485223464507
0.8,0.2,0.2,2.2,0.0833507193713534
0.7,0.3,0.8,2.0,0.08343989214227003
0.2,0.5,0.7,1.8,0.08346253398383588
0.5,0.7,0.2,2.8,0.08346653195461992
0.9,0.7,0.8,2.8,0.08351570030603787
0.6,0.9,0.9,2.2,0.08353798456930386
0.5,0.2,0.8,1.6,0.0835527719812926
0.5,0.8,0.8,2.4,0.08355336171233173
0.1,0.5,0.7,1.4,0.08362619313820918
0.4,0.3,0.9,1.2,0.0837488511270155
0.5,0.3,0.7,2.2,0.08381250554310471
0.2,0.2,0.5,2.8,0.08383038052839904
0.3,0.9,0.8,2.0,0.08389694604306656
0.3,0.7,0.7,2.4,0.08392854423509387
0.2,0.2,0.6,2.0,0.08393692778761128
0.7,0.1,0.9,1.4,0.08396366454938842
0.5,0.2,0.6,2.6,0.08397754689183105
0.5,0.8,0.3,1.2,0.08398125221399284
0.1,0.4,0.2,1.2,0.08403701697432739
0.7,0.7,0.8,2.6,0.0840412475511544
0.1,0.8,0.6,2.6,0.08406806979551952
0.5,0.5,0.9,1.6,0.08411997316370852
0.6,0.1,0.8,1.6,0.08412640985305735
0.1,0.3,0.7,1.2,0.08412677624523288
0.4,0.5,0.9,1.4,0.08421114697930913
0.1,0.1,0.7,1.0,0.08425947358800494
0.9,0.3,0.8,2.2,0.08437410122220522
0.2,0.8,0.7,2.2,0.08443540779536222
0.6,0.7,0.9,2.0,0.08444154512804063
0.3,0.8,0.9,1.4,0.08449160895344096
0.3,0.7,0.8,1.8,0.08452672587034978
0.8,0.1,0.8,1.8,0.08453956541113289
0.6,0.8,0.8,2.6,0.0845534116690259
0.1,0.1,0.2,1.0,0.08461082547326079
0.4,0.4,0.7,2.2,0.08463973148666523
0.4,0.7,0.9,1.6,0.08467371388264407
0.1,0.4,0.6,2.0,0.08469634093211895
0.3,0.1,0.5,2.8,0.08469810978611576
0.1,0.7,0.2,1.4,0.0847057658381039
0.9,0.9,0.3,2.6,0.08471704297878975
0.6,0.1,0.7,2.0,0.08480891524153512
0.2,0.2,0.8,1.0,0.08484489079445887
0.3,0.5,0.2,1.8,0.08491765970957178
0.5,0.1,0.6,2.4,0.08495090046996576
0.7,0.7,0.3,1.6,0.08496289920139366
0.7,0.2,0.3,1.0,0.08496827847425388
0.4,0.8,0.8,2.2,0.08499703029074675
0.6,0.9,0.3,1.6,0.08516328899733248
0.6,0.6,0.2,2.8,0.08518339612752929
0.3,0.9,0.2,2.4,0.08521472671262018
0.8,0.1,0.7,2.2,0.08523576968720549
0.1,0.7,0.8,1.0,0.08527451029453884
0.3,0.3,0.9,1.0,0.08529357378151262
0.9,0.1,0.6,2.8,0.08535393920506305
0.2,0.3,0.6,2.2,0.08536205469587002
0.4,0.9,0.9,1.8,0.08550724889940538
0.9,0.9,0.9,2.6,0.08551582661959035
0.8,0.8,0.9,2.4,0.08556403979274058
0.6,0.5,0.8,2.2,0.08558471661824239
0.8,0.3,0.2,2.4,0.08559095970697878
0.5,0.4,0.7,2.4,0.08560603855887101
0.7,0.4,0.3,1.2,0.08565037980449625
0.8,0.6,0.8,2.6,0.08568472185539766
0.5,0.3,0.9,1.4,0.08568497213138339
0.8,0.2,0.7,2.4,0.08577892501455418
0.3,0.5,0.8,1.6,0.08590253624478814
0.9,0.4,0.2,2.8,0.08593058962024286
0.8,0.1,0.3,1.0,0.08594916919342516
0.2,0.1,0.5,2.6,0.08596064939042193
0.7,0.4,0.9,1.8,0.08598966806523183
0.2,0.4,0.8,1.2,0.08602957462345155
0.9,0.4,0.9,2.0,0.086048323744152
0.8,0.3,0.7,2.6,0.08613947637638877
0.4,0.2,0.2,1.6,0.0861398808046765
0.1,0.9,0.6,2.8,0.0861692460573574
0.7,0.9,0.9,2.4,0.0862099700769454
0.3,0.4,0.7,2.0,0.08626791592644661
0.4,0.7,0.2,2.4,0.08634294217603536
0.6,0.2,0.7,2.2,0.08641002437668222
0.2,0.4,0.6,2.4,0.08647875189570883
0.8,0.4,0.7,2.8,0.0864996292353308
0.4,0.8,0.2,2.6,0.08658815719851536
0.4,0.3,0.8,1.6,0.08669323887737773
0.2,0.7,0.9,1.0,0.08671191793632384
0.9,0.7,0.9,2.4,0.08671649047939534
0.6,0.5,0.9,1.8,0.08672282804449598
0.2,0.6,0.8,1.4,0.08673980146650236
0.9,0.2,0.3,1.2,0.08674857958323356
0.3,0.8,0.7,2.6,0.08677049719919709
0.3,0.8,0.2,2.2,0.08679720970756133
0.5,0.6,0.3,1.0,0.08680807089376867
0.9,0.9,0.4,1.4,0.08682626799035867
0.7,0.4,0.8,2.2,0.08685685657248873
0.1,0.5,0.6,2.2,0.0868611455235188
0.2,0.6,0.2,1.6,0.08688910016171353
0.4,0.5,0.7,2.4,0.08688952213065368
0.9,0.4,0.8,2.4,0.0870113809983452
0.4,0.6,0.2,2.2,0.08702023069022416
0.5,0.5,0.7,2.6,0.08718231071226827
0.2,0.3,0.7,1.6,0.0872047791101052
0.5,0.6,0.8,2.2,0.08720786391689145
0.8,0.8,0.3,2.0,0.0872804474873485
0.2,0.6,0.7,2.0,0.08732439688907555
0.5,0.1,0.9,1.2,0.0874038114587087
0.5,0.1,0.2,1.6,0.08740928254964653
0.2,0.5,0.6,2.6,0.0874154216956284
0.7,0.8,0.8,2.8,0.08742675251833988
0.9,0.1,0.9,1.6,0.0874465813937656
0.2,0.4,0.2,1.4,0.08745752876015125
0.2,0.8,0.8,1.6,0.0874702133046533
0.2,0.8,0.2,1.8,0.08748497158890393
0.8,0.7,0.3,1.8,0.08750102988961705
0.5,0.9,0.8,2.6,0.08750872093170772
0.4,0.9,0.2,2.8,0.08759484230292662
0.6,0.3,0.7,2.4,0.0876005850061636
0.4,0.6,0.8,2.0,0.08774892027488855
0.3,0.5,0.9,1.2,0.08778110709337293
0.1,0.8,0.7,1.8,0.08780973323773797
0.3,0.3,0.8,1.4,0.08781854892874681
0.7,0.7,0.9,2.2,0.0878318926249521
0.2,0.9,0.7,2.4,0.08797523215557791
0.8,0.2,0.8,2.0,0.08808703862010668
0.8,0.3,0.3,1.2,0.08810452764132151
0.8,0.3,0.9,1.8,0.08813009834538181
0.6,0.2,0.6,2.8,0.088150716540163
0.8,0.6,0.9,2.2,0.08816694175214404
0.6,0.9,0.8,2.8,0.08819773689239399
0.2,0.6,0.6,2.8,0.08827287068813429
0.1,0.3,0.5,2.8,0.08829684452528776
0.3,0.2,0.2,1.4,0.08833888034218246
0.6,0.6,0.3,1.2,0.08838383291920705
0.1,0.1,0.6,1.6,0.0884070803003321
0.8,0.9,0.3,2.2,0.08847130286165737
0.1,0.9,0.8,1.2,0.08855312772848542
0.6,0.4,0.7,2.6,0.08857288053783495
0.9,0.6,0.3,1.8,0.08857521179869861
0.5,0.3,0.8,1.8,0.08858871948726427
0.1,0.6,0.7,1.6,0.08858878946387098
0.5,0.6,0.7,2.8,0.08866621039093732
0.8,0.7,0.8,2.8,0.08868122858275997
0.1,0.6,0.6,2.4,0.08879166986738994
0.4,0.5,0.2,2.0,0.08882270414752123
0.4,0.6,0.7,2.6,0.08892309705122932
0.6,0.2,0.8,1.8,0.08893020793918723
0.9,0.7,0.3,2.0,0.08893188048009647
0.1,0.5,0.2,1.2,0.0890024939680607
0.6,0.6,0.8,2.4,0.08902510243026063
0.1,0.6,0.8,1.0,0.08907942389107364
0.1,0.8,0.2,1.4,0.08908845224545897
0.5,0.8,0.9,2.0,0.08915997975690507
0.9,0.6,0.4,1.0,0.08918110905643246
0.8,0.4,0.2,2.6,0.08919475007436198
0.3,0.5,0.7,2.2,0.08920445831587645
0.8,0.8,0.4,1.0,0.08926496255646996
0.4,0.9,0.8,2.4,0.0893166659055724
0.7,0.6,0.3,1.4,0.0893884640599637
0.3,0.7,0.2,2.0,0.08939825403053375
0.9,0.5,0.8,2.6,0.0894603820818197
0.6,0.5,0.7,2.8,0.08947636049617304
0.8,0.6,0.3,1.6,0.08949982098996379
0.3,0.9,0.7,2.8,0.0895103503082627
0.3,0.1,0.7,1.6,0.08955862006368377
0.6,0.4,0.3,1.0,0.08957513406373527
0.3,0.8,0.8,2.0,0.08960904237763286
0.7,0.2,0.2,2.0,0.08965622981900706
0.1,0.2,0.5,2.6,0.0896658267427277
0.2,0.2,0.2,1.2,0.08971117452057968
0.3,0.7,0.9,1.4,0.08971191080821528
0.1,0.4,0.7,1.4,0.08979651661441217
0.6,0.8,0.3,1.4,0.08980580227138796
0.7,0.3,0.2,2.2,0.0898528347669353
0.3,0.1,0.8,1.2,0.08985634672410373
0.7,0.5,0.8,2.4,0.08987839467362788
0.6,0.8,0.9,2.2,0.08988390495379753
0.5,0.9,0.3,1.2,0.09010358130801521
0.3,0.4,0.2,1.6,0.09012236338514638
0.1,0.2,0.2,1.0,0.09013136168253666
0.6,0.1,0.6,2.6,0.09014360366536728
0.9,0.5,0.3,1.6,0.09016018242139154
0.6,0.3,0.9,1.6,0.09033040587059646
0.5,0.6,0.9,1.8,0.09053762163007222
0.8,0.1,0.6,2.8,0.09055360535555024
0.8,0.9,0.9,2.6,0.09056800471824479
0.1,0.7,0.6,2.6,0.09057874464816322
0.9,0.1,0.2,2.0,0.09060337623510799
0.9,0.5,0.9,2.2,0.09074060664847548
0.2,0.7,0.7,2.2,0.09083335482131663
0.9,0.8,0.3,2.2,0.09083816978103862
0.4,0.7,0.7,2.8,0.09084647784243459
0.2,0.9,0.9,1.2,0.09088102770629955
0.4,0.1,0.7,1.8,0.0909443742004102
0.5,0.7,0.8,2.4,0.09095337429175505
0.8,0.3,0.8,2.2,0.09095601402226001
0.1,0.1,0.5,2.4,0.09100452155355612
0.2,0.6,0.9,1.0,0.09102703514928535
0.1,0.2,0.7,1.2,0.09111615664096351
0.7,0.2,0.9,1.6,0.09116360845253499
0.4,0.8,0.9,1.8,0.0912232369294603
0.1,0.2,0.6,1.8,0.09122982851328536
0.7,0.1,0.2,1.8,0.09123809664859962
0.4,0.1,0.8,1.4,0.0912802469912233
0.3,0.6,0.8,1.8,0.09135101455011535
0.4,0.6,0.9,1.6,0.09141462025243238
0.2,0.4,0.7,1.8,0.09141860466211485
0.7,0.5,0.9,2.0,0.0914279377680529
0.9,0.8,0.9,2.6,0.09148538961963992
0.9,0.8,0.4,1.2,0.09149332736448836
0.7,0.4,0.2,2.4,0.09153121052502268
0.3,0.9,0.9,1.6,0.0915856028357784
0.2,0.1,0.7,1.4,0.09170440479378371
0.9,0.2,0.2,2.2,0.09172776358078683
0.3,0.6,0.7,2.4,0.09181440439298914
0.5,0.5,0.2,2.2,0.09183131838330359
0.9,0.6,0.8,2.8,0.09187597114484196
0.4,0.4,0.8,1.8,0.091897632283728
0.5,0.6,0.2,2.4,0.09195391953924155
0.4,0.4,0.2,1.8,0.09201167962192912
0.4,0.4,0.9,1.4,0.0920523372012068
0.4,0.7,0.8,2.2,0.0920620672995931
0.1,0.8,0.8,1.2,0.09207082489154317
0.1,0.9,0.7,2.0,0.09211018719063137
0.6,0.7,0.8,2.6,0.09223180384846816
0.1,0.8,0.6,2.8,0.09229525378563991
0.6,0.6,0.9,2.0,0.09236034839339997
0.7,0.1,0.7,2.2,0.09242476972148121
0.2,0.1,0.8,1.0,0.09254489459498391
0.7,0.9,0.3,1.8,0.09259884372144674
0.7,0.6,0.8,2.6,0.09266750540802475
0.4,0.2,0.9,1.2,0.09270901188380813
0.7,0.8,0.9,2.4,0.09277057168747013
0.7,0.1,0.8,1.8,0.09277648391532511
0.6,0.4,0.2,2.2,0.09280392651657257
0.3,0.2,0.9,1.0,0.09280437358083898
0.7,0.2,0.7,2.4,0.09281772656498961
0.5,0.4,0.8,2.0,0.09283052149286099
0.6,0.3,0.8,2.0,0.09283539705963047
0.2,0.7,0.8,1.6,0.09284516645436552
0.8,0.7,0.9,2.4,0.09285417210318346
0.2,0.5,0.8,1.4,0.09292161714073348
0.5,0.4,0.9,1.6,0.09293015971210454
0.5,0.4,0.2,2.0,0.09295143445512666
0.7,0.3,0.7,2.6,0.09298574849324161
0.4,0.1,0.2,1.4,0.09301041256721315
0.2,0.3,0.8,1.2,0.0930140924935297
0.4,0.3,0.6,2.8,0.09301416647930567
0.5,0.7,0.2,2.6,0.09309862376413601
0.7,0.4,0.7,2.8,0.09310907219792411
0.1,0.7,0.7,1.8,0.09311559799995107
0.2,0.9,0.8,1.8,0.09311892503068969
0.3,0.4,0.6,2.8,0.09312836559516562
0.2,0.7,0.2,1.6,0.0931577380284622
0.9,0.2,0.9,1.8,0.09318669050862396
0.1,0.9,0.2,1.4,0.09320860281877805
0.6,0.3,0.2,2.0,0.09322808582889873
0.3,0.6,0.2,1.8,0.09325106062450918
0.8,0.4,0.9,2.0,0.09327476121541446
0.5,0.7,0.3,1.0,0.09330531739143966
0.2,0.9,0.2,1.8,0.09331691875530848
0.3,0.2,0.7,1.8,0.09338564990477091
0.8,0.4,0.8,2.4,0.0933936568983005
0.1,0.3,0.6,2.0,0.09346351566506884
0.1,0.5,0.8,1.0,0.0934738226367156
0.3,0.3,0.6,2.6,0.09353424594433155
0.4,0.2,0.7,2.0,0.09361826438719727
0.1,0.6,0.2,1.2,0.09370356928926116
0.6,0.5,0.2,2.4,0.09374442294429071
0.9,0.3,0.7,2.8,0.09377694170477342
0.8,0.5,0.3,1.4,0.09378401852117002
0.3,0.2,0.6,2.4,0.09386364501854197
0.3,0.4,0.8,1.6,0.09397169502473697
0.3,0.1,0.6,2.2,0.09397505244470346
0.8,0.5,0.2,2.8,0.09398400374028312
0.9,0.9,0.3,2.4,0.09400149239396434
0.2,0.8,0.7,2.4,0.09408891978539301
0.2,0.5,0.2,1.4,0.0941548543386356
0.4,0.2,0.6,2.6,0.09419350481391094
0.3,0.7,0.7,2.6,0.09421259639229566
0.9,0.4,0.3,1.4,0.09423502117089555
0.3,0.9,0.8,2.2,0.09434669776198754
0.3,0.9,0.2,2.2,0.09444763630453021
0.7,0.5,0.2,2.6,0.09446074986344141
0.5,0.8,0.8,2.6,0.09446599293510677
0.9,0.2,0.7,2.6,0.09448980067824345
0.9,0.3,0.2,2.4,0.0945601028197544
0.3,0.4,0.9,1.2,0.09461190818522604
0.5,0.9,0.9,2.2,0.09472163992855813
0.1,0.5,0.7,1.6,0.094797136313379
0.2,0.8,0.9,1.2,0.0948680402788767
0.5,0.1,0.7,2.0,0.09496501801763635
0.6,0.1,0.9,1.4,0.09499299846076716
0.6,0.9,0.9,2.4,0.0949933511531764
0.9,0.6,0.9,2.4,0.09504286659287657
0.2,0.5,0.7,2.0,0.09506183699728442
0.5,0.8,0.2,2.8,0.0950888454647454
0.7,0.8,0.3,1.6,0.09517882171472929
0.9,0.1,0.7,2.4,0.09521697729278235
0.1,0.4,0.6,2.2,0.09527554266186718
0.6,0.8,0.8,2.8,0.09531224101162963
0.6,0.2,0.2,1.8,0.0953135901711243
0.4,0.1,0.6,2.4,0.0953192863992216
0.7,0.7,0.8,2.8,0.09535195538544203
0.8,0.1,0.9,1.6,0.09535844198695628
0.1,0.3,0.2,1.0,0.09541420471922028
0.8,0.5,0.8,2.6,0.09559715085089435
0.5,0.3,0.2,1.8,0.09559812698799285
0.2,0.1,0.6,2.0,0.09559986618770484
0.4,0.3,0.7,2.2,0.0956725389401625
0.3,0.6,0.9,1.4,0.09576957777091405
0.5,0.1,0.8,1.6,0.09577780899259764
0.6,0.6,0.2,2.6,0.09581865975575442
0.9,0.1,0.8,2.0,0.09592123944833149
0.2,0.5,0.9,1.0,0.09601357245548255
0.4,0.8,0.8,2.4,0.09604792800838219
0.5,0.2,0.9,1.4,0.09608611810823242
0.6,0.4,0.8,2.2,0.09609594666786926
0.4,0.8,0.2,2.4,0.09610860826844707
0.1,0.7,0.8,1.2,0.09612519113639403
0.4,0.9,0.2,2.6,0.09612602878137809
0.9,0.9,0.9,2.8,0.09617183031742513
0.7,0.2,0.8,2.0,0.09622332232779457
0.7,0.3,0.3,1.0,0.09622624312121772
0.3,0.7,0.8,2.0,0.09626510679580672
0.7,0.6,0.9,2.2,0.09628593066682585
0.5,0.7,0.9,2.0,0.09631928804599396
0.4,0.5,0.8,2.0,0.09639368988299904
0.3,0.3,0.7,2.0,0.09644345187245808
0.5,0.2,0.7,2.2,0.09645028132648541
0.6,0.4,0.9,1.8,0.09648181616262681
0.2,0.2,0.6,2.2,0.0964896697801018
0.5,0.5,0.8,2.2,0.09648987467000797
0.3,0.8,0.7,2.8,0.09649062281151831
0.7,0.5,0.3,1.2,0.09652070603999427
0.2,0.2,0.7,1.6,0.09665330255158448
0.5,0.2,0.6,2.8,0.09671106107042862
0.7,0.1,0.6,2.8,0.09675454876908789
0.1,0.5,0.6,2.4,0.09680254654456807
0.6,0.7,0.3,1.2,0.09681430271212568
0.2,0.3,0.2,1.2,0.09681817154990754
0.3,0.8,0.9,1.6,0.096859600670729
0.4,0.3,0.2,1.6,0.09693401468048504
0.1,0.3,0.7,1.4,0.09696885501282426
0.2,0.3,0.6,2.4,0.09701086811596676
0.4,0.7,0.2,2.2,0.09701267149802735
0.8,0.9,0.4,1.0,0.09706768433338273
0.7,0.3,0.9,1.8,0.0971222902409452
0.2,0.9,0.7,2.6,0.09717346569018424
0.3,0.2,0.8,1.4,0.09724060679269196
0.3,0.8,0.2,2.0,0.09725203528819311
0.4,0.9,0.9,2.0,0.09728442143117161
0.1,0.8,0.7,2.0,0.0972981069016851
0.3,0.3,0.2,1.4,0.09730472777241758
0.8,0.8,0.9,2.6,0.09730931212062341
0.4,0.4,0.7,2.4,0.097311425193525
0.2,0.4,0.6,2.6,0.09731785062717611
0.4,0.2,0.8,1.6,0.09738019082165504
0.2,0.1,0.5,2.8,0.09744997458942564
0.6,0.7,0.9,2.2,0.09746592887432752
0.7,0.9,0.9,2.6,0.09747278364491628
0.5,0.3,0.7,2.4,0.09748506110227023
0.2,0.5,0.6,2.8,0.09753096951255011
0.8,0.6,0.8,2.8,0.0977207651446003
0.6,0.9,0.3,1.4,0.09775240284073967
0.8,0.5,0.9,2.2,0.0977784608814751
0.5,0.9,0.8,2.8,0.09783797338531121
0.3,0.1,0.2,1.2,0.09786520841451275
0.4,0.7,0.9,1.8,0.09789558317071417
0.9,0.3,0.9,2.0,0.09790506561089211
0.9,0.2,0.8,2.2,0.09805111679696409
0.1,0.7,0.2,1.2,0.09812677416077575
0.1,0.6,0.6,2.6,0.09815441721088931
0.9,0.1,0.3,1.0,0.09820286712671636
0.5,0.4,0.7,2.6,0.09826204941858256
0.2,0.6,0.7,2.2,0.09828100150274256
0.2,0.8,0.8,1.8,0.09844964738882496
0.7,0.6,0.2,2.8,0.09845395098726568
0.6,0.5,0.3,1.0,0.09845402003424948
0.1,0.9,0.8,1.4,0.09848195103502502
0.1,0.4,0.8,1.0,0.09855378433873581
0.3,0.5,0.2,1.6,0.09866290861525222
0.4,0.5,0.7,2.6,0.09869712096848676
0.6,0.7,0.2,2.8,0.0988402383238545
0.9,0.4,0.2,2.6,0.09887299353539916
0.5,0.1,0.6,2.6,0.09887421034017116
0.6,0.5,0.8,2.4,0.09891846371762195
0.5,0.5,0.7,2.8,0.09893113306757297
0.3,0.4,0.7,2.2,0.09894416600500049
0.7,0.3,0.8,2.2,0.09894809738759719
0.4,0.6,0.2,2.0,0.09904354944677525
0.2,0.6,0.8,1.6,0.09907134095389436
0.9,0.7,0.9,2.6,0.09911708428427997
0.2,0.8,0.2,1.6,0.09911952004240576
0.8,0.2,0.3,1.0,0.09920091353305766
0.8,0.9,0.3,2.0,0.09921225520646332
0.5,0.5,0.9,1.8,0.09921336962934597
0.1,0.6,0.7,1.8,0.09925797977106561
0.1,0.1,0.7,1.2,0.09926742448919243
0.4,0.5,0.9,1.6,0.09929434483049986
0.3,0.5,0.8,1.8,0.09931046050758816
0.1,0.7,0.6,2.8,0.09941844909844297
0.5,0.8,0.3,1.0,0.09943128720044152
0.6,0.1,0.2,1.6,0.0994580489086366
0.2,0.7,0.9,1.2,0.09946483538918362
0.9,0.7,0.4,1.0,0.0995280419340024
0.8,0.3,0.7,2.8,0.09965688883559597
0.8,0.8,0.3,1.8,0.09965842939158578
0.9,0.3,0.8,2.4,0.09969738506536352
0.5,0.6,0.8,2.4,0.09974025563854788
0.8,0.2,0.2,2.0,0.09978371385962928
0.4,0.9,0.8,2.6,0.09980614073591848
0.7,0.7,0.3,1.4,0.09981592596587781
0.4,0.6,0.7,2.8,0.09995658722258989
0.2,0.4,0.8,1.4,0.10009807054154793
0.5,0.2,0.2,1.6,0.10014964078569571
0.1,0.2,0.5,2.8,0.10018930654561374
0.4,0.6,0.8,2.2,0.10035993618147192
0.1,0.4,0.2,1.0,0.10042379172065642
0.8,0.3,0.2,2.2,0.10050241177719059
0.5,0.2,0.8,1.8,0.10053561544696589
0.2,0.6,0.2,1.4,0.10055596493409752
0.8,0.2,0.7,2.6,0.10056175843271602
0.2,0.3,0.7,1.8,0.10070503851702262
0.7,0.7,0.9,2.4,0.10073300977963293
0.3,0.8,0.8,2.2,0.10076894349064824
0.1,0.6,0.8,1.2,0.10079959739288372
0.8,0.1,0.2,1.8,0.10099623694228248
0.8,0.2,0.9,1.8,0.10103164660665749
0.3,0.5,0.7,2.4,0.10106012343993476
0.6,0.1,0.7,2.2,0.10106500835063272
0.8,0.4,0.3,1.2,0.10108463610018377
0.9,0.4,0.8,2.6,0.10109823594711889
0.2,0.2,0.8,1.2,0.10114777500975676
0.2,0.7,0.7,2.4,0.10119768830812813
0.7,0.4,0.8,2.4,0.10119873212213767
0.6,0.4,0.7,2.8,0.10121333305602749
0.1,0.9,0.7,2.2,0.101218025449154
0.4,0.3,0.9,1.4,0.10123764471843977
0.3,0.7,0.2,1.8,0.10130618229455722
0.6,0.3,0.7,2.6,0.10130972935363637
0.6,0.2,0.7,2.4,0.10131987050233893
0.9,0.9,0.4,1.2,0.10137369614293172
0.8,0.1,0.7,2.4,0.10143968252883549
0.6,0.6,0.8,2.6,0.10146799599473609
0.3,0.1,0.9,1.0,0.1015805632081003
0.9,0.3,0.3,1.2,0.101603191089795
0.5,0.8,0.9,2.2,0.10161051085541015
0.8,0.9,0.9,2.8,0.10163797474708768
0.2,0.4,0.9,1.0,0.10178098442098758
0.6,0.5,0.9,2.0,0.10179707225214339
0.1,0.1,0.6,1.8,0.10180899845424636
0.8,0.6,0.9,2.4,0.1018448514706576
0.8,0.7,0.3,1.6,0.10189275835716603
0.9,0.4,0.9,2.2,0.10190299399253193
0.2,0.1,0.2,1.0,0.10190996496657255
0.1,0.4,0.7,1.6,0.1019967107854767
0.7,0.4,0.9,2.0,0.10214142756844927
0.6,0.8,0.9,2.4,0.10218247567555933
0.6,0.2,0.9,1.6,0.10218491420049278
0.1,0.8,0.2,1.2,0.10226761217697898
0.4,0.3,0.8,1.8,0.10238047491718155
0.1,0.1,0.5,2.6,0.1024370243295213
0.9,0.5,0.8,2.8,0.10244059716640759
0.4,0.5,0.2,1.8,0.10246591191559151
0.2,0.9,0.9,1.4,0.10247184722047738
0.3,0.3,0.9,1.2,0.10256247422857144
0.1,0.8,0.8,1.4,0.1026698131831906
0.6,0.1,0.8,1.8,0.10269915574146804
0.5,0.7,0.8,2.6,0.1027213070555409
0.3,0.5,0.9,1.4,0.10279940211551147
0.9,0.7,0.3,1.8,0.10280758958258021
0.8,0.4,0.2,2.4,0.10283684171534917
0.3,0.6,0.7,2.6,0.10292929317489942
0.9,0.8,0.3,2.0,0.10295919744778924
0.3,0.7,0.9,1.6,0.1029681350878685
0.8,0.1,0.8,2.0,0.10306258523256737
0.9,0.8,0.9,2.8,0.10309080061743764
0.7,0.5,0.8,2.6,0.10317243452299042
0.4,0.1,0.9,1.2,0.10323310756593622
0.1,0.7,0.7,2.0,0.10329649343154196
0.5,0.3,0.9,1.6,0.10332489815415612
0.3,0.3,0.8,1.6,0.10339813963260529
0.3,0.9,0.9,1.8,0.10345999603069386
0.2,0.4,0.2,1.2,0.1036484520223935
0.2,0.9,0.8,2.0,0.10365120906077831
0.1,0.2,0.6,2.0,0.10369696722335325
0.4,0.8,0.9,2.0,0.10379831147898089
0.6,0.7,0.8,2.8,0.10387418922864682
0.5,0.7,0.2,2.4,0.10388315413305911
0.2,0.8,0.7,2.6,0.10391123681798416
0.4,0.7,0.8,2.4,0.10394387831348653
0.5,0.6,0.2,2.2,0.10397894740854101
0.3,0.6,0.8,2.0,0.10401407754767653
0.4,0.2,0.2,1.4,0.10406602684524552
0.2,0.4,0.7,2.0,0.10407491650283443
0.6,0.1,0.6,2.8,0.10417442643642846
0.5,0.3,0.8,2.0,0.10435010245072124
0.1,0.3,0.8,1.0,0.10443221782325426
0.9,0.5,0.2,2.8,0.10448150755260983
0.2,0.7,0.8,1.8,0.10461511837126766
0.9,0.6,0.3,1.6,0.10462472561119103
0.3,0.7,0.7,2.8,0.10466074282075183
0.9,0.9,0.3,2.2,0.10467435001187866
0.5,0.6,0.9,2.0,0.10474527507607846
0.2,0.9,0.2,1.6,0.10475624861381753
0.2,0.6,0.9,1.2,0.104766310675541
0.3,0.9,0.2,2.0,0.10478101689705442
0.5,0.8,0.2,2.6,0.10480595213795771
0.7,0.1,0.9,1.6,0.10484872252885274
0.6,0.8,0.3,1.2,0.10486989095265992
0.7,0.8,0.9,2.6,0.10490634737596671
0.3,0.9,0.8,2.4,0.10496755471849516
0.7,0.6,0.8,2.8,0.1050234256754221
0.8,0.2,0.8,2.2,0.1050740371837483
0.1,0.3,0.6,2.2,0.10508008065078715
0.7,0.9,0.3,1.6,0.10509344730304344
0.1,0.5,0.2,1.0,0.10513950082133665
0.5,0.9,0.3,1.0,0.10517295250768993
0.1,0.2,0.7,1.4,0.10530793724855786
0.5,0.5,0.2,2.0,0.105320531704389
0.9,0.5,0.9,2.4,0.1054268272528831
0.3,0.3,0.6,2.8,0.10543598362813583
0.5,0.8,0.8,2.8,0.10554374191346957
0.4,0.9,0.2,2.4,0.10560644152696638
0.8,0.3,0.9,2.0,0.10563646790771355
0.8,0.7,0.9,2.6,0.10563772601705294
0.7,0.3,0.2,2.0,0.10567598138873277
0.4,0.6,0.9,1.8,0.10567757842561631
0.3,0.1,0.7,1.8,0.10575614421212946
0.7,0.4,0.2,2.2,0.10579629986808399
0.3,0.4,0.2,1.4,0.106049433762654
0.6,0.2,0.8,2.0,0.10605788413429715
0.1,0.4,0.6,2.4,0.10612358118545144
0.1,0.9,0.2,1.2,0.10612821662838816
0.1,0.5,0.8,1.2,0.10619173361186614
0.2,0.5,0.8,1.6,0.10628308664594491
0.1,0.5,0.7,1.8,0.10636745349282305
0.8,0.6,0.3,1.4,0.10642615557512282
0.7,0.5,0.9,2.2,0.1064737620643085
0.6,0.6,0.9,2.2,0.10648766599896614
0.2,0.9,0.7,2.8,0.10650184412388176
0.5,0.9,0.9,2.4,0.10653409355724833
0.8,0.5,0.2,2.6,0.10654236651659243
0.4,0.4,0.8,2.0,0.10654323998147412
0.8,0.3,0.8,2.4,0.10656225000130685
0.5,0.9,0.2,2.8,0.10656623344226111
0.6,0.9,0.9,2.6,0.10662691218222789
0.2,0.7,0.2,1.4,0.10662845688457837
0.7,0.3,0.7,2.8,0.10673549563013893
0.4,0.8,0.2,2.2,0.10675220497943573
0.3,0.2,0.6,2.6,0.10677048059604144
0.3,0.6,0.2,1.6,0.10691391878461297
0.2,0.5,0.7,2.2,0.10694240751157601
0.1,0.5,0.6,2.6,0.10695907137149178
0.6,0.6,0.3,1.0,0.10697170157398136
0.6,0.5,0.2,2.2,0.10700878127268712
0.1,0.8,0.7,2.2,0.10701488910417299
0.3,0.2,0.2,1.2,0.10705558027754021
0.5,0.1,0.2,1.4,0.10713055589682316
0.4,0.2,0.6,2.8,0.10713788755904391
0.7,0.6,0.3,1.2,0.10714645812047756
0.2,0.8,0.9,1.4,0.10721875844088677
0.4,0.8,0.8,2.6,0.10726540913568966
0.4,0.1,0.7,2.0,0.10730744453523225
0.7,0.4,0.3,1.0,0.10731689139893323
0.7,0.2,0.2,1.8,0.1073761436779868
0.7,0.5,0.2,2.4,0.10741624193147306
0.5,0.4,0.8,2.2,0.10747985348555263
0.1,0.7,0.8,1.4,0.10749157516396411
0.6,0.4,0.2,2.0,0.10760500885972825
0.4,0.4,0.2,1.6,0.10762984319984788
0.1,0.6,0.6,2.8,0.10769019765815817
0.2,0.1,0.7,1.6,0.10769842396725222
0.8,0.4,0.8,2.6,0.10776353461134323
0.6,0.6,0.2,2.4,0.10778507762884888
0.7,0.2,0.7,2.6,0.10782540980509929
0.3,0.1,0.6,2.4,0.1080159801250388
0.6,0.3,0.9,1.8,0.10808150630584443
0.5,0.4,0.2,1.8,0.10820033434705757
0.3,0.7,0.8,2.2,0.10823509981128465
0.3,0.1,0.8,1.4,0.10826933820880799
0.9,0.1,0.9,1.8,0.10833798099343306
0.2,0.4,0.6,2.8,0.10835982742602421
0.5,0.1,0.9,1.4,0.10836377323120205
0.3,0.2,0.7,2.0,0.10838215217526455
0.2,0.3,0.8,1.4,0.1084305250266019
0.2,0.3,0.9,1.0,0.1084575821054341
0.4,0.4,0.9,1.6,0.10849787315253721
0.3,0.4,0.8,1.8,0.10858655310841525
0.6,0.3,0.8,2.2,0.10865453803437433
0.9,0.6,0.9,2.6,0.10867407172229836
0.4,0.2,0.7,2.2,0.10870161592600529
0.1,0.9,0.8,1.6,0.10877572952649893
0.7,0.1,0.7,2.4,0.10884799493977407
0.8,0.5,0.8,2.8,0.1088628179094255
0.2,0.3,0.6,2.6,0.10890821590280962
0.7,0.9,0.9,2.8,0.10891494280422764
0.9,0.5,0.3,1.4,0.10897217329086452
0.1,0.9,0.9,1.0,0.10897418864928103
0.4,0.7,0.2,2.0,0.10902380327909073
0.3,0.8,0.2,1.8,0.10902621603840416
0.2,0.2,0.2,1.0,0.10914789935867197
0.4,0.9,0.9,2.2,0.1092488934493418
0.8,0.8,0.9,2.8,0.10928618490076274
0.2,0.2,0.6,2.4,0.10934916350583172
0.9,0.2,0.7,2.8,0.10941196480049123
0.5,0.4,0.9,1.8,0.10942279767305968
0.4,0.1,0.6,2.6,0.10944691466667199
0.9,0.2,0.2,2.0,0.10945202970950516
0.2,0.6,0.7,2.4,0.10945442704850053
0.8,0.4,0.9,2.2,0.109476973233063
0.9,0.8,0.4,1.0,0.10950639855337456
0.3,0.8,0.9,1.8,0.10951482805872624
0.2,0.1,0.6,2.2,0.1095402644118008
0.1,0.6,0.2,1.0,0.10955218198194448
0.4,0.3,0.7,2.4,0.10961003049658284
0.2,0.8,0.8,2.0,0.10967682970773202
0.6,0.7,0.2,2.6,0.10969075691439954
0.5,0.7,0.9,2.2,0.10970510033601549
0.6,0.3,0.2,1.8,0.10988617054033771
0.7,0.8,0.3,1.4,0.10992275591784716
0.4,0.1,0.8,1.6,0.10995349153535208
0.3,0.6,0.9,1.6,0.11004172319451995
0.4,0.5,0.8,2.2,0.1100863274423549
0.5,0.5,0.8,2.4,0.11013430087247139
0.2,0.5,0.2,1.2,0.11015282763930287
0.4,0.4,0.7,2.6,0.11022591622379917
0.1,0.6,0.7,2.0,0.11022882277885046
0.7,0.6,0.2,2.6,0.11028607684151982
0.9,0.1,0.2,1.8,0.11030278662445803
0.7,0.6,0.9,2.4,0.11032595930583891
0.1,0.3,0.7,1.6,0.11034627285442461
0.3,0.3,0.7,2.2,0.11035370289208146
0.4,0.9,0.8,2.8,0.11042072212483377
0.7,0.2,0.9,1.8,0.11046202889379507
0.1,0.9,0.7,2.4,0.11049991620466289
0.2,0.1,0.8,1.2,0.11062135724560451
0.9,0.3,0.2,2.2,0.11068314663256358
0.4,0.5,0.7,2.8,0.11069981120068675
0.6,0.7,0.9,2.4,0.11072780758325651
0.6,0.4,0.8,2.4,0.11073795756349569
0.2,0.5,0.9,1.2,0.11088347264205577
0.3,0.4,0.9,1.4,0.11095791118856031
0.5,0.4,0.7,2.8,0.1111478448246129
0.1,0.2,0.8,1.0,0.11124151898774952
0.7,0.1,0.2,1.6,0.111327686083712
0.4,0.7,0.9,2.0,0.11138205111339725
0.8,0.6,0.2,2.8,0.11142005433288041
0.5,0.3,0.7,2.6,0.11143806938415603
0.5,0.1,0.7,2.2,0.111468368461056
0.2,0.2,0.7,1.8,0.11153403886699446
0.7,0.1,0.8,2.0,0.11157799144002577
0.5,0.2,0.7,2.4,0.11160413251156931
0.8,0.9,0.3,1.8,0.11161326780622752
0.9,0.1,0.7,2.6,0.11162165186455522
0.2,0.7,0.7,2.6,0.11172967799999665
0.2,0.6,0.8,1.8,0.11174369742477738
0.9,0.7,0.9,2.8,0.11180005828308183
0.3,0.2,0.9,1.2,0.11181746522831477
0.3,0.4,0.7,2.4,0.11187757160171587
0.4,0.2,0.9,1.4,0.11198635825183978
0.3,0.8,0.8,2.4,0.11210059211709898
0.2,0.8,0.2,1.4,0.11235441178593122
0.1,0.8,0.9,1.0,0.11237494022449154
0.9,0.2,0.9,2.0,0.11237654011278618
0.1,0.4,0.8,1.2,0.11241589795600083
0.5,0.6,0.8,2.6,0.11248061154572776
0.8,0.3,0.3,1.0,0.11250563341942181
0.6,0.5,0.8,2.6,0.11250569443347348
0.6,0.9,0.3,1.2,0.11250826521423703
0.6,0.8,0.2,2.8,0.11253052239742724
0.2,0.7,0.9,1.4,0.1126846123142618
0.4,0.6,0.2,1.8,0.11268640956937577
0.8,0.5,0.9,2.4,0.11280038866812629
0.6,0.4,0.9,2.0,0.11299321304214326
0.5,0.3,0.2,1.6,0.11300653534147878
0.3,0.5,0.8,2.0,0.11302742121823324
0.1,0.6,0.8,1.4,0.11304401962503338
0.5,0.1,0.6,2.8,0.11308071147039313
0.3,0.5,0.7,2.6,0.11311793128786879
0.4,0.6,0.8,2.4,0.11318743008429014
0.7,0.2,0.8,2.2,0.11347930700643956
0.9,0.2,0.3,1.0,0.11350476106488336
0.1,0.8,0.8,1.6,0.11364032134349683
0.1,0.7,0.2,1.0,0.11366124814120526
0.9,0.4,0.2,2.4,0.11366401991945542
0.1,0.7,0.7,2.2,0.11370675512650891
0.2,0.8,0.7,2.8,0.1138630496715476
0.7,0.7,0.9,2.6,0.11386395095447992
0.8,0.5,0.3,1.2,0.11398695930217305
0.8,0.8,0.3,1.6,0.11408657670383324
0.4,0.1,0.2,1.2,0.11408779138232608
0.1,0.1,0.5,2.8,0.11411071428320085
0.6,0.6,0.8,2.8,0.11411234215102914
0.3,0.6,0.7,2.8,0.11420364663139754
0.7,0.7,0.2,2.8,0.11420372179894421
0.5,0.8,0.9,2.4,0.11424169749678885
0.6,0.2,0.2,1.6,0.11426885240452737
0.2,0.9,0.8,2.2,0.11436451261966876
0.2,0.9,0.9,1.6,0.11438142716449931
0.3,0.2,0.8,1.6,0.11439947361520662
0.3,0.5,0.2,1.4,0.11448374163501451
0.2,0.3,0.7,2.0,0.11456397956671675
0.1,0.4,0.7,1.8,0.11459529104592941
0.2,0.4,0.8,1.6,0.11463610949109845
0.5,0.5,0.9,2.0,0.11464057349975151
0.5,0.7,0.8,2.8,0.11465043120935245
0.6,0.8,0.9,2.6,0.11465845758518885
0.5,0.1,0.8,1.8,0.11465857726544965
0.4,0.2,0.8,1.8,0.11468344453642279
0.9,0.1,0.8,2.2,0.11470773168985575
0.4,0.5,0.9,1.8,0.11474564104924585
0.3,0.7,0.2,1.6,0.11481439536216961
0.7,0.3,0.8,2.4,0.11481966552239607
0.7,0.3,0.9,2.0,0.11496379660002795
0.1,0.1,0.7,1.4,0.11500431634202235
0.4,0.3,0.2,1.4,0.11501277109117247
0.6,0.7,0.3,1.0,0.11506920245088054
0.9,0.2,0.8,2.4,0.11520947464618027
0.6,0.3,0.7,2.8,0.11527592045278702
0.9,0.3,0.8,2.6,0.11540192471902247
0.9,0.4,0.8,2.8,0.11550628663421479
0.3,0.9,0.9,2.0,0.1155357543755825
0.9,0.3,0.9,2.2,0.11555192560835423
0.5,0.2,0.9,1.6,0.11555584758998419
0.5,0.8,0.2,2.4,0.1156236250291123
0.1,0.1,0.6,2.0,0.11562756991259307
0.8,0.2,0.7,2.8,0.11566498924639555
0.3,0.9,0.8,2.6,0.11571485563692711
0.8,0.6,0.9,2.6,0.11580432947605743
0.7,0.4,0.8,2.6,0.11583381954894488
0.5,0.7,0.2,2.2,0.11597387637873022
0.4,0.7,0.8,2.6,0.11598951455914142
0.3,0.3,0.2,1.2,0.11599038523588302
0.2,0.3,0.2,1.0,0.11606394621535868
0.4,0.9,0.2,2.2,0.11615840281411696
0.2,0.2,0.9,1.0,0.11619328191992606
0.6,0.1,0.9,1.6,0.11623698040566573
0.1,0.7,0.9,1.0,0.11627594151236274
0.5,0.9,0.2,2.6,0.11628764598629028
0.2,0.6,0.2,1.2,0.11630080608011371
0.3,0.9,0.2,1.8,0.1163738523163477
0.1,0.2,0.6,2.2,0.11649129176490822
0.3,0.7,0.9,1.8,0.11651428855345933
0.6,0.2,0.7,2.6,0.11653660880987299
0.8,0.1,0.9,1.8,0.11655452683593372
0.4,0.8,0.9,2.2,0.11656180167163405
0.2,0.7,0.8,2.0,0.11663398952001153
0.9,0.4,0.3,1.2,0.1166626624313904
0.7,0.5,0.8,2.8,0.1167051707344251
0.3,0.6,0.8,2.2,0.11690605792146691
0.1,0.8,0.7,2.4,0.11690647390617494
0.9,0.9,0.3,2.0,0.1169440879263879
0.1,0.3,0.6,2.4,0.11695679290059588
0.2,0.4,0.7,2.2,0.11700551946041171
0.9,0.8,0.3,1.8,0.11703078273532541
0.6,0.5,0.9,2.2,0.11717760194665619
0.1,0.4,0.6,2.6,0.11718029706282536
0.7,0.8,0.9,2.8,0.11721878222945327
0.1,0.5,0.6,2.8,0.11728394571111513
0.7,0.7,0.3,1.2,0.11741597827019029
0.1,0.8,0.2,1.0,0.11747230378462477
0.5,0.6,0.2,2.0,0.11756921473632898
0.6,0.1,0.7,2.4,0.11769143660298685
0.2,0.9,0.2,1.4,0.11772714447976684
0.8,0.3,0.2,2.0,0.11777410630777434
0.2,0.4,0.9,1.2,0.11794586062743655
0.5,0.2,0.8,2.0,0.11794685733168188
0.8,0.1,0.7,2.6,0.11801404821198683
0.4,0.5,0.2,1.6,0.11808958258575214
0.7,0.5,0.3,1.0,0.118100456154822
0.2,0.2,0.8,1.4,0.11810535502721795
0.9,0.5,0.2,2.6,0.11813805101090762
0.9,0.4,0.9,2.4,0.11815999225274364
0.3,0.5,0.9,1.6,0.1182315865371856
0.1,0.5,0.7,2.0,0.118237979200592
0.6,0.9,0.9,2.8,0.11839199588335209
0.4,0.3,0.8,2.0,0.1184322295742797
0.8,0.4,0.2,2.2,0.11844944259783174
0.5,0.9,0.9,2.6,0.11847668702766247
0.4,0.8,0.8,2.8,0.11860627344406026
0.8,0.7,0.9,2.8,0.11864413703831973
0.7,0.4,0.9,2.2,0.11866083938678179
0.4,0.8,0.2,2.0,0.11867345431016457
0.8,0.7,0.3,1.4,0.11885611770295341
0.2,0.6,0.9,1.4,0.11897916806734705
0.2,0.5,0.7,2.4,0.11903448262045757
0.9,0.9,0.4,1.0,0.11903796262793959
0.8,0.2,0.2,1.8,0.1190800836811583
0.9,0.7,0.3,1.6,0.1190984684401362
0.1,0.1,0.8,1.0,0.11913644310369274
0.5,0.6,0.9,2.2,0.11919609228841416
0.1,0.7,0.8,1.6,0.11923451531555575
0.4,0.3,0.9,1.6,0.11923635622046534
0.1,0.9,0.8,1.8,0.11933835058464276
0.3,0.3,0.8,1.8,0.11938657665565426
0.1,0.5,0.8,1.4,0.1194399916513516
0.1,0.3,0.8,1.2,0.11960551429278304
0.7,0.9,0.3,1.4,0.11962640241646941
0.3,0.2,0.6,2.8,0.11989350721912753
0.2,0.8,0.9,1.6,0.11989367310434967
0.1,0.9,0.7,2.6,0.11991471115634991
0.2,0.5,0.8,1.8,0.11998391833687212
0.1,0.2,0.7,1.6,0.12002910521626402
0.4,0.6,0.9,2.0,0.12020247153091926
0.3,0.1,0.2,1.0,0.12023990477019354
0.5,0.2,0.2,1.4,0.12027324944601284
0.3,0.7,0.8,2.4,0.12037477762105726
0.3,0.3,0.9,1.4,0.12042579846279365
0.9,0.5,0.9,2.6,0.12043691799757485
0.5,0.3,0.8,2.2,0.12043771034431516
0.1,0.9,0.9,1.2,0.12047314309525702
0.8,0.2,0.9,2.0,0.12050640977753824
0.5,0.5,0.2,1.8,0.12070673070902044
0.1,0.6,0.9,1.0,0.12075325299045994
0.8,0.5,0.2,2.4,0.12076304724928509
0.2,0.6,0.7,2.6,0.12079158805566081
0.6,0.6,0.9,2.4,0.12084432301077908
0.1,0.9,0.2,1.0,0.12099525939693913
0.2,0.3,0.6,2.8,0.12099558061311838
0.2,0.8,0.8,2.2,0.12108571132469333
0.6,0.6,0.2,2.2,0.12126685443445917
0.6,0.1,0.2,1.4,0.12133236067055378
0.4,0.9,0.9,2.4,0.12134578529049145
0.5,0.3,0.9,1.8,0.1214063660240099
0.1,0.6,0.7,2.2,0.12142765509546523
0.4,0.4,0.8,2.2,0.12146241756635316
0.6,0.1,0.8,2.0,0.12175030660074723
0.6,0.2,0.9,1.8,0.12180103957822545
0.7,0.5,0.9,2.4,0.12180144522629088
0.6,0.7,0.2,2.4,0.12181615825297452
0.8,0.1,0.8,2.2,0.1220603431100934
0.2,0.7,0.2,1.2,0.12207670006775119
0.6,0.5,0.2,2.0,0.12209215879171685
0.7,0.5,0.2,2.2,0.12211353933731071
0.7,0.4,0.2,2.0,0.12215182432940998
0.3,0.1,0.6,2.6,0.12231512159035103
0.3,0.8,0.2,1.6,0.122324194228152
0.3,0.1,0.7,2.0,0.12235253514804592
0.3,0.8,0.9,2.0,0.12237286009611745
0.5,0.4,0.8,2.4,0.12238087507083682
0.2,0.7,0.7,2.8,0.12238837165133187
0.8,0.4,0.8,2.8,0.12239864301484857
0.2,0.2,0.6,2.6,0.12243972906714377
0.8,0.2,0.8,2.4,0.12244616280523994
0.8,0.3,0.8,2.6,0.1224862583949782
0.3,0.6,0.2,1.4,0.12254454824386492
0.9,0.6,0.9,2.8,0.12256843115264357
0.4,0.7,0.2,1.8,0.12257452505387523
0.3,0.1,0.9,1.2,0.12258912678729302
0.2,0.4,0.2,1.0,0.12261434178425247
0.6,0.8,0.3,1.0,0.12270978973401125
0.8,0.1,0.2,1.6,0.12282945844685685
0.7,0.2,0.7,2.8,0.12310194980614848
0.5,0.7,0.9,2.4,0.12326796008256413
0.4,0.4,0.7,2.8,0.12332095470565163
0.6,0.8,0.2,2.6,0.12348848595558577
0.3,0.4,0.8,2.0,0.12350109241934376
0.6,0.2,0.8,2.2,0.1235553138165126
0.3,0.8,0.8,2.6,0.1235572421298014
0.8,0.3,0.9,2.2,0.1235580633928838
0.7,0.6,0.2,2.4,0.1235842122480412
0.3,0.2,0.7,2.2,0.123686553272831
0.9,0.6,0.3,1.4,0.12371497298352872
0.2,0.1,0.6,2.4,0.12376392530422645
0.4,0.3,0.7,2.6,0.1237703878023399
0.4,0.1,0.6,2.8,0.12380767824002648
0.9,0.6,0.2,2.8,0.12389687095571185
0.5,0.5,0.8,2.6,0.12397438959751635
0.4,0.5,0.8,2.4,0.12398592068941956
0.4,0.1,0.7,2.2,0.12401922460793723
0.7,0.3,0.2,1.8,0.12403875489531678
0.4,0.2,0.7,2.4,0.12406209295558848
0.1,0.3,0.7,1.8,0.12411592119319513
0.2,0.1,0.7,1.8,0.1241462107751751
0.6,0.7,0.9,2.6,0.12416154848144598
0.1,0.7,0.7,2.4,0.12429071839223343
0.2,0.3,0.8,1.6,0.12430990347548167
0.8,0.6,0.2,2.6,0.12444819855857495
0.3,0.3,0.7,2.4,0.12450485889040559
0.4,0.1,0.9,1.4,0.12454646961129132
0.3,0.4,0.2,1.2,0.12458054353204642
0.7,0.6,0.9,2.6,0.12458367997121157
0.3,0.6,0.9,1.8,0.1246027846764798
0.6,0.4,0.2,1.8,0.12461538173435566
0.1,0.8,0.9,1.2,0.12461772512495203
0.2,0.6,0.8,2.0,0.12466314048232724
0.6,0.3,0.8,2.4,0.12476459313113517
0.1,0.8,0.8,1.8,0.12488283502115764
0.3,0.4,0.7,2.6,0.12500110072536716
0.4,0.7,0.9,2.2,0.12505461743682209
0.2,0.1,0.9,1.0,0.12516246325293173
0.2,0.9,0.8,2.4,0.1252093658276676
0.4,0.2,0.2,1.2,0.12528931991234304
0.4,0.4,0.9,1.8,0.1253011395224301
0.3,0.5,0.7,2.8,0.12532643573541538
0.5,0.6,0.8,2.8,0.1253734482005915
0.7,0.1,0.7,2.6,0.12558387511983657
0.5,0.3,0.7,2.8,0.12559675165175435
0.6,0.4,0.8,2.6,0.12561160631111878
0.8,0.4,0.3,1.0,0.1256596195436691
0.1,0.6,0.8,1.6,0.12566781690575626
0.4,0.4,0.2,1.4,0.12570702207154869
0.5,0.4,0.2,1.6,0.1257794508691555
0.1,0.5,0.9,1.0,0.12589593023099807
0.8,0.9,0.3,1.6,0.1259509170854127
0.8,0.4,0.9,2.4,0.1260044578520929
0.6,0.9,0.2,2.8,0.12608260591302628
0.2,0.3,0.9,1.2,0.12610413049488955
0.4,0.6,0.8,2.6,0.12617182508549096
0.6,0.3,0.9,2.0,0.12621520491410065
0.2,0.5,0.9,1.4,0.12623007193494898
0.2,0.7,0.9,1.6,0.12623183399528778
0.5,0.4,0.9,2.0,0.1262334255697128
0.6,0.5,0.8,2.8,0.1262786383656579
0.7,0.7,0.2,2.6,0.12629927576976485
0.7,0.1,0.9,1.8,0.12632037569335708
0.2,0.9,0.9,1.8,0.12651531782445685
0.3,0.9,0.8,2.8,0.12655287575046845
0.8,0.6,0.3,1.2,0.12664053661606708
0.2,0.2,0.7,2.0,0.1267564264707461
0.1,0.4,0.8,1.4,0.12681077221843426
0.1,0.8,0.7,2.6,0.12693019733210248
0.3,0.5,0.8,2.2,0.12696587638445617
0.5,0.8,0.9,2.6,0.12700060585223263
0.5,0.2,0.7,2.6,0.12700582467756863
0.5,0.9,0.2,2.4,0.12705890628152536
0.7,0.7,0.9,2.8,0.12716333535710866
0.3,0.1,0.8,1.6,0.1272218579788977
0.7,0.8,0.3,1.2,0.12724731824002794
0.6,0.8,0.9,2.8,0.1272624183789884
0.2,0.8,0.2,1.2,0.12747621100951764
0.1,0.4,0.7,2.0,0.12748860774130072
0.5,0.8,0.2,2.2,0.12768608682748192
0.3,0.4,0.9,1.6,0.12771196393366613
0.3,0.9,0.9,2.2,0.12775130445322078
0.1,0.2,0.8,1.2,0.127915830717064
0.4,0.9,0.2,2.0,0.1279277914594877
0.8,0.5,0.9,2.6,0.12808031524631258
0.4,0.7,0.8,2.8,0.12815363049290318
0.4,0.6,0.2,1.6,0.1282075967657461
0.7,0.2,0.2,1.6,0.12822792566446586
0.5,0.1,0.7,2.4,0.1282732908497215
0.9,0.1,0.7,2.8,0.12832930130488407
0.1,0.4,0.6,2.8,0.12839715569703317
0.7,0.6,0.3,1.0,0.12847068035534964
0.2,0.3,0.7,2.2,0.12868399574437867
0.2,0.5,0.2,1.0,0.1287738816343802
0.2,0.7,0.8,2.2,0.12883285880199385
0.9,0.3,0.3,1.0,0.12893115329894994
0.1,0.3,0.6,2.6,0.12903114344912575
0.4,0.1,0.8,1.8,0.1290817208683097
0.6,0.3,0.2,1.6,0.1292658816766781
0.8,0.7,0.2,2.8,0.12928876204771414
0.3,0.2,0.2,1.0,0.12932400029826435
0.2,0.1,0.8,1.4,0.12933633180778534
0.9,0.3,0.2,2.0,0.1293651847033796
0.1,0.7,0.9,1.2,0.1293683828758718
0.3,0.9,0.2,1.6,0.12942016963766828
0.1,0.9,0.7,2.8,0.12942932488624173
0.4,0.8,0.9,2.4,0.1294559318459435
0.2,0.4,0.8,1.8,0.12950681684507295
0.1,0.2,0.6,2.4,0.1295310618633393
0.5,0.7,0.2,2.0,0.1295545868177755
0.1,0.1,0.6,2.2,0.12975393648434316
0.9,0.1,0.9,2.0,0.12978622965051834
0.6,0.4,0.9,2.2,0.1297888061549061
0.6,0.9,0.3,1.0,0.1298748636269861
0.5,0.1,0.9,1.6,0.12990203487692203
0.3,0.6,0.8,2.4,0.129962033872793
0.8,0.6,0.9,2.8,0.12996991393816626
0.7,0.8,0.2,2.8,0.13004557863673005
0.1,0.9,0.8,2.0,0.13009718944696125
0.2,0.4,0.7,2.4,0.13013755074782893
0.3,0.7,0.2,1.4,0.1301907019479937
0.7,0.2,0.9,2.0,0.13019445585016665
0.3,0.7,0.9,2.0,0.1302617324470429
0.9,0.2,0.2,1.8,0.13027820230676124
0.5,0.5,0.9,2.2,0.13029884630162586
0.1,0.5,0.7,2.2,0.1303319763924165
0.4,0.5,0.9,2.0,0.13045013252180346
0.5,0.9,0.9,2.8,0.13050950888371357
0.9,0.4,0.2,2.2,0.13059391131610096
0.7,0.4,0.8,2.8,0.13068057008596798
0.5,0.1,0.2,1.2,0.13076608980695212
0.7,0.1,0.8,2.2,0.130770734339917
0.8,0.8,0.3,1.4,0.13093859194760388
0.7,0.3,0.8,2.6,0.13094784703325607
0.7,0.2,0.8,2.4,0.13104962490153813
0.9,0.9,0.3,1.8,0.13106434493963903
0.1,0.7,0.8,1.8,0.13125071690697462
0.1,0.1,0.7,1.6,0.13125547464485937
0.2,0.5,0.7,2.6,0.13128272528195287
0.9,0.3,0.8,2.8,0.13137930038786028
0.3,0.2,0.9,1.4,0.13141015627440136
0.9,0.5,0.3,1.2,0.1316929975108696
0.4,0.2,0.9,1.6,0.13174841750289712
0.1,0.4,0.9,1.0,0.13180816420032807
0.3,0.2,0.8,1.8,0.13194511236873616
0.6,0.2,0.7,2.8,0.13197223433592187
0.9,0.2,0.9,2.2,0.13200152024985892
0.4,0.8,0.2,1.8,0.1320586615056951
0.2,0.6,0.7,2.8,0.13224985396994815
0.4,0.2,0.8,2.0,0.13232217077778455
0.1,0.9,0.9,1.4,0.132343236300895
0.2,0.9,0.2,1.2,0.13250353074758994
0.2,0.8,0.8,2.4,0.13262476923585428
0.3,0.7,0.8,2.6,0.13263522146262965
0.9,0.2,0.8,2.6,0.13268563153681576
0.3,0.5,0.2,1.2,0.13276403975300782
0.6,0.5,0.9,2.4,0.1327712119569767
0.2,0.8,0.9,1.8,0.13279445863963887
0.1,0.6,0.7,2.4,0.1327966315580996
0.5,0.6,0.2,1.8,0.13296280076221148
0.1,0.5,0.8,1.6,0.13306728922837588
0.7,0.3,0.9,2.2,0.13313401814750894
0.5,0.3,0.2,1.4,0.13332440175468263
0.9,0.8,0.3,1.6,0.13339151782782036
0.2,0.6,0.9,1.6,0.13351961012266678
0.4,0.9,0.9,2.6,0.13353196432184927
0.9,0.3,0.9,2.4,0.1335469979974621
0.9,0.5,0.2,2.4,0.13360133569034793
0.5,0.6,0.9,2.4,0.13381496162013326
0.9,0.1,0.2,1.6,0.13382389716160414
0.9,0.1,0.8,2.4,0.1338695679511659
0.5,0.1,0.8,2.0,0.1339194283435286
0.2,0.5,0.8,2.0,0.13392591771419407
0.3,0.5,0.9,1.8,0.13394652796176454
0.2,0.6,0.2,1.0,0.1345318677200471
0.6,0.1,0.7,2.6,0.1345741503274662
0.2,0.4,0.9,1.4,0.13458528834953032
0.9,0.4,0.9,2.6,0.1347004126644524
0.4,0.3,0.8,2.2,0.1347354506393311
0.1,0.6,0.9,1.2,0.1348157519600848
0.8,0.1,0.7,2.8,0.13484609482228313
0.4,0.6,0.9,2.2,0.13490649794189288
0.1,0.7,0.7,2.6,0.13500412499617778
0.3,0.8,0.8,2.8,0.13510155128168608
0.1,0.2,0.7,1.8,0.1351293036399143
0.1,0.3,0.8,1.4,0.13530861411959197
0.7,0.1,0.2,1.4,0.13535218348021896
0.6,0.6,0.9,2.6,0.1353611124442147
0.3,0.8,0.9,2.2,0.13536921436021418
0.6,0.7,0.2,2.2,0.13538855887575793
0.5,0.2,0.9,1.8,0.13543107299489554
0.7,0.4,0.9,2.4,0.13543325859799388
0.2,0.2,0.8,1.6,0.13551002947993787
0.2,0.2,0.9,1.2,0.1355327121600212
0.5,0.2,0.8,2.2,0.13564788399406333
0.3,0.3,0.8,2.0,0.1356571125176269
0.6,0.8,0.2,2.4,0.1356640178228635
0.9,0.5,0.9,2.8,0.1356802859458364
0.2,0.2,0.6,2.8,0.13570092512561965
0.4,0.5,0.2,1.4,0.13603875808810187
0.2,0.9,0.8,2.6,0.1361467314966581
0.4,0.3,0.2,1.2,0.1362018216317571
0.1,0.1,0.1,2.8,0.13623723836573395
0.1,0.8,0.8,2.0,0.13632212675648228
0.8,0.4,0.2,2.0,0.13635201451150047
0.6,0.6,0.2,2.0,0.13648509347960208
0.4,0.4,0.8,2.4,0.1365719426081439
0.7,0.9,0.3,1.2,0.1365845809007966
0.6,0.2,0.2,1.4,0.13663585657325622
0.5,0.3,0.8,2.4,0.13674976179334608
0.3,0.1,0.6,2.8,0.13680060573628364
0.8,0.5,0.2,2.2,0.1368926548555421
0.5,0.7,0.9,2.6,0.1369520228109355
0.1,0.8,0.7,2.8,0.13705177665903784
0.6,0.9,0.2,2.6,0.13705484591485848
0.1,0.8,0.9,1.4,0.13723697442933372
0.7,0.5,0.9,2.6,0.13732573373677853
0.3,0.8,0.2,1.4,0.13739893739594683
0.5,0.4,0.8,2.6,0.1374573808309135
0.1,0.1,0.8,1.2,0.13752671740020092
0.4,0.3,0.9,1.8,0.13757175317579862
0.6,0.7,0.9,2.8,0.1377150055383478
0.2,0.6,0.8,2.2,0.13775769192164541
0.8,0.3,0.2,1.8,0.13782724808722877
0.4,0.7,0.2,1.6,0.1379068936302592
0.6,0.1,0.9,1.8,0.13794323903321723
0.5,0.5,0.8,2.8,0.13795218387589495
0.3,0.3,0.2,1.0,0.1380118205765979
0.4,0.5,0.8,2.6,0.13803008295262506
0.4,0.3,0.7,2.8,0.13808922701991136
0.9,0.6,0.2,2.6,0.1381058025558407
0.1,0.3,0.7,2.0,0.13816941976203254
0.2,0.1,0.6,2.6,0.13819273465521628
0.8,0.1,0.9,2.0,0.1382064895623211
0.3,0.4,0.7,2.8,0.1382612771339468
0.9,0.7,0.3,1.4,0.13826692384501962
0.5,0.5,0.2,1.6,0.13830421188807854
0.7,0.7,0.3,1.0,0.1383514566234418
0.8,0.5,0.3,1.0,0.13849610666372264
0.7,0.6,0.2,2.2,0.138554847921704
0.1,0.6,0.8,1.8,0.13856351652543555
0.1,0.3,0.9,1.0,0.13861167934757587
0.3,0.4,0.8,2.2,0.1386234480469647
0.8,0.3,0.8,2.8,0.13863266033752014
0.3,0.3,0.9,1.6,0.13868225069606124
0.2,0.9,0.9,2.0,0.1388027358033679
0.7,0.5,0.2,2.0,0.13881942598953356
0.3,0.3,0.7,2.6,0.13882724320904657
0.4,0.7,0.9,2.4,0.13885247798357242
0.8,0.7,0.3,1.2,0.13890917711396641
0.7,0.6,0.9,2.8,0.13899469853095966
0.5,0.9,0.2,2.2,0.13901564457820134
0.8,0.6,0.2,2.4,0.13908394040631902
0.3,0.2,0.7,2.4,0.13920663065717565
0.3,0.1,0.7,2.2,0.13922335717526374
0.4,0.6,0.8,2.8,0.13926565782302305
0.6,0.5,0.2,1.8,0.13928344089318268
0.3,0.6,0.9,2.0,0.1393596020990044
0.4,0.1,0.2,1.0,0.13945276868324316
0.4,0.2,0.7,2.6,0.13961581461828595
0.5,0.3,0.9,2.0,0.139777892095691
0.7,0.7,0.2,2.4,0.1398013751048347
0.5,0.8,0.9,2.8,0.13984515273232412
0.2,0.7,0.2,1.0,0.13988858591910328
0.2,0.7,0.9,1.8,0.14000389865877583
0.3,0.9,0.9,2.4,0.14005899772994787
0.8,0.2,0.8,2.6,0.14007953350396393
0.8,0.2,0.9,2.2,0.1403328827698526
0.3,0.6,0.2,1.2,0.14050149269908072
0.2,0.3,0.8,1.8,0.14050814072316964
0.1,0.4,0.7,2.2,0.14059670461177362
0.6,0.4,0.8,2.8,0.14064671647968774
0.2,0.1,0.7,2.0,0.14090793083429973
0.7,0.4,0.2,1.8,0.14094849183281588
0.4,0.1,0.7,2.4,0.14096862569468838
0.1,0.9,0.8,2.2,0.14099651125154702
0.3,0.5,0.8,2.4,0.14105786122477415
0.1,0.5,0.9,1.2,0.14106544030825896
0.6,0.3,0.8,2.6,0.14107356317364056
0.4,0.9,0.2,1.8,0.14109045081645663
0.6,0.1,0.8,2.2,0.14111303982132709
0.2,0.7,0.8,2.4,0.1411580354341608
0.5,0.8,0.2,2.0,0.1411655033573019
0.1,0.3,0.6,2.8,0.14125291763805303
0.6,0.2,0.8,2.4,0.14129989031441964
0.8,0.1,0.8,2.4,0.14136904556949662
0.1,0.4,0.8,1.6,0.1415799398441147
0.6,0.2,0.9,2.0,0.14175300110438288
0.8,0.3,0.9,2.4,0.14175718493963327
0.8,0.2,0.2,1.6,0.14180711715036978
0.2,0.5,0.9,1.6,0.14190004927307387
0.2,0.2,0.7,2.2,0.14221857549455663
0.7,0.8,0.2,2.6,0.14228370158728876
0.4,0.4,0.9,2.0,0.14234077086928773
0.4,0.8,0.9,2.6,0.1424353724903089
0.7,0.1,0.7,2.8,0.1425322113435028
0.8,0.9,0.3,1.4,0.14256998459282075
0.5,0.2,0.7,2.8,0.14257895818610677
0.1,0.5,0.7,2.4,0.14258932920742093
0.8,0.7,0.2,2.6,0.1426414363267343
0.1,0.2,0.6,2.6,0.1427515557069388
0.8,0.4,0.9,2.6,0.14275432756579218
0.1,0.7,0.9,1.4,0.14284077636806544
0.2,0.3,0.7,2.4,0.14298919532268897
0.3,0.6,0.8,2.6,0.1431308769698616
0.5,0.4,0.9,2.2,0.14325385223065276
0.2,0.4,0.7,2.6,0.14341346041178757
0.1,0.7,0.8,2.0,0.14346211885872287
0.8,0.5,0.9,2.8,0.14354008028036405
0.2,0.5,0.7,2.8,0.14364284479252484
0.9,0.7,0.2,2.8,0.14387904347464356
0.1,0.1,0.6,2.4,0.14410336495775536
0.5,0.2,0.2,1.2,0.14410337363109824
0.3,0.7,0.9,2.2,0.14414288814719065
0.3,0.1,0.9,1.4,0.14414633171634725
0.3,0.9,0.2,1.4,0.14416013433611324
0.2,0.3,0.9,1.4,0.14421559288800942
0.6,0.4,0.2,1.6,0.1442200639021782
0.9,0.4,0.3,1.0,0.14425005063765003
0.2,0.8,0.8,2.6,0.14425338131812837
0.1,0.6,0.7,2.6,0.14428984163036854
0.1,0.9,0.9,1.6,0.14447088327689717
0.6,0.3,0.9,2.2,0.14459782041294797
0.2,0.4,0.8,2.0,0.14460729972717126
0.3,0.4,0.9,1.8,0.14473561822264822
0.5,0.7,0.2,1.8,0.1448473238866805
0.2,0.8,0.2,1.0,0.14485234870658628
0.3,0.7,0.8,2.8,0.14497744199992835
0.1,0.2,0.8,1.4,0.14510936323582008
0.5,0.1,0.7,2.6,0.14528064291024018
0.7,0.3,0.2,1.6,0.14541177314388753
0.4,0.9,0.9,2.8,0.1457732298047449
0.7,0.9,0.2,2.8,0.1457809038987412
0.1,0.7,0.7,2.8,0.14581145657995312
0.2,0.8,0.9,2.0,0.14584742951870963
0.4,0.6,0.2,1.4,0.14592797900330048
0.5,0.5,0.9,2.4,0.1461091949989153
0.5,0.4,0.2,1.4,0.14611309113317297
0.3,0.4,0.2,1.0,0.14624717019784494
0.4,0.1,0.9,1.6,0.1463007763673147
0.4,0.5,0.9,2.2,0.14632063708084359
0.2,0.1,0.9,1.2,0.14643241672219656
0.1,0.2,0.9,1.0,0.14644836817547902
0.9,0.6,0.3,1.2,0.14649514698901603
0.3,0.1,0.8,1.8,0.1465249207195455
0.4,0.4,0.2,1.2,0.14671484619081526
0.6,0.4,0.9,2.4,0.14677111451766123
0.1,0.5,0.8,1.8,0.14696157701694754
0.4,0.8,0.2,1.6,0.14713520422464593
0.2,0.9,0.8,2.8,0.14714552054689328
0.7,0.3,0.8,2.8,0.14724955695326608
0.8,0.8,0.2,2.8,0.14733546192588826
0.9,0.9,0.3,1.6,0.14734753158900174
0.6,0.1,0.2,1.2,0.1475778948165232
0.7,0.8,0.3,1.0,0.1476928842869111
0.3,0.7,0.2,1.2,0.14777187480776927
0.1,0.1,0.7,1.8,0.14786306254483841
0.1,0.8,0.8,2.2,0.14790046475689253
0.2,0.5,0.8,2.2,0.1480339134577617
0.7,0.1,0.9,2.0,0.14815114689759779
0.1,0.4,0.9,1.2,0.14824031281328742
0.2,0.6,0.9,1.8,0.1482803541484825
0.3,0.8,0.9,2.4,0.14845404670497073
0.2,0.1,0.8,1.6,0.14847007227033876
0.4,0.1,0.8,2.0,0.1485009638714528
0.6,0.5,0.9,2.6,0.1485054538060354
0.5,0.6,0.9,2.6,0.14854318652712956
0.7,0.2,0.8,2.6,0.1488260749137348
0.8,0.1,0.2,1.4,0.14897618576509533
0.6,0.9,0.2,2.4,0.1491877326302544
0.6,0.8,0.2,2.2,0.14921806557038045
0.1,0.6,0.9,1.4,0.14925908226233703
0.2,0.9,0.2,1.0,0.14943708691710858
0.4,0.6,0.9,2.4,0.14972577096836165
0.3,0.2,0.8,2.0,0.14974459749613286
0.3,0.5,0.9,2.0,0.14984630251477973
0.6,0.6,0.9,2.8,0.14998337045617952
0.9,0.4,0.2,2.0,0.15001804470891394
0.1,0.8,0.9,1.6,0.1501152994213013
0.4,0.2,0.8,2.2,0.15017856147681016
0.7,0.2,0.9,2.2,0.150198984237888
0.7,0.1,0.8,2.4,0.15021134417539528
0.9,0.2,0.8,2.8,0.15037229172795685
0.5,0.6,0.2,1.6,0.15045137918146323
0.1,0.1,0.1,2.6,0.1504789834637635
0.1,0.2,0.7,2.0,0.15049531247911405
0.1,0.2,0.1,2.8,0.15053014353476923
0.4,0.2,0.2,1.0,0.15053810917951022
0.6,0.7,0.2,2.0,0.1506140180744204
0.8,0.8,0.3,1.2,0.15068938901859902
0.5,0.7,0.9,2.8,0.15071305681341768
0.8,0.6,0.3,1.0,0.1508841052817727
0.2,0.6,0.8,2.4,0.1509714104635181
0.9,0.3,0.2,1.8,0.1510750586944845
0.9,0.5,0.2,2.2,0.151145574280681
0.2,0.9,0.9,2.2,0.15118984351379305
0.4,0.3,0.8,2.4,0.1512034771625724
0.3,0.2,0.9,1.6,0.15136879708824116
0.1,0.3,0.8,1.6,0.15137519316142803
0.9,0.4,0.9,2.8,0.15143225158892973
0.7,0.3,0.9,2.4,0.15151465736771222
0.2,0.4,0.9,1.6,0.15153790354108254
0.9,0.1,0.9,2.2,0.15157466728584168
0.6,0.1,0.7,2.8,0.15162500093277556
0.1,0.6,0.8,2.0,0.15164999703377086
0.9,0.3,0.9,2.6,0.15177022983501584
0.5,0.1,0.9,1.8,0.15178961692758633
0.4,0.4,0.8,2.6,0.1518068534965992
0.4,0.2,0.9,1.8,0.15181220586438227
0.6,0.3,0.2,1.4,0.15189267466977543
0.9,0.2,0.9,2.4,0.151902181359246
0.1,0.9,0.8,2.4,0.15199299085329504
0.3,0.3,0.8,2.2,0.15211369229152802
0.4,0.5,0.8,2.8,0.1521693723830942
0.5,0.9,0.2,2.0,0.15231963392384468
0.7,0.4,0.9,2.6,0.15237046278132999
0.3,0.9,0.9,2.6,0.15242158306089462
0.1,0.3,0.7,2.2,0.1524235365354999
0.9,0.8,0.3,1.4,0.15246600344852054
0.5,0.4,0.8,2.8,0.15264934329259705
0.4,0.7,0.9,2.6,0.15272806574313588
0.2,0.1,0.6,2.8,0.15276479956110547
0.7,0.2,0.2,1.4,0.15285902950228225
0.7,0.5,0.9,2.8,0.15297976880202988
0.2,0.1,0.1,2.8,0.1530601407603159
0.5,0.3,0.8,2.6,0.1532075051469985
0.2,0.2,0.8,1.8,0.15321028677162749
0.3,0.3,0.7,2.8,0.15326563918724911
0.9,0.1,0.8,2.6,0.15326882924135413
0.5,0.1,0.8,2.2,0.15341755500648052
0.5,0.2,0.8,2.4,0.1535337096339467
0.2,0.7,0.8,2.6,0.153567260271466
0.6,0.6,0.2,1.8,0.15370803544066772
0.1,0.4,0.7,2.4,0.1538571625484178
0.3,0.4,0.8,2.4,0.15388269424628157
0.2,0.7,0.9,2.0,0.1539239900724475
0.3,0.5,0.2,1.0,0.1539964943139322
0.9,0.6,0.2,2.4,0.1540689574204475
0.3,0.6,0.9,2.2,0.15424136031267652
0.3,0.8,0.2,1.2,0.15456858042262034
0.9,0.2,0.2,1.6,0.15483832720775226
0.3,0.2,0.7,2.6,0.15487052323568984
0.7,0.7,0.2,2.2,0.15490279128678355
0.1,0.5,0.7,2.6,0.15496245419272126
0.8,0.5,0.2,2.0,0.15523028366107924
0.3,0.5,0.8,2.6,0.15525008445753413
0.4,0.2,0.7,2.8,0.155296915810063
0.2,0.2,0.9,1.4,0.1553170102173268
0.4,0.7,0.2,1.4,0.1553206471778133
0.7,0.6,0.2,2.0,0.15544650599300588
0.4,0.8,0.9,2.8,0.15546425582007878
0.1,0.1,0.9,1.0,0.15548311282784216
0.5,0.2,0.9,2.0,0.15555326117533125
0.8,0.6,0.2,2.2,0.155558310758514
0.1,0.7,0.8,2.2,0.15580886006937278
0.4,0.9,0.2,1.6,0.15586094742618908
0.7,0.8,0.2,2.4,0.15586642460582753
0.1,0.6,0.7,2.8,0.1558705173635721
0.2,0.8,0.8,2.8,0.15593923425206987
0.1,0.2,0.6,2.8,0.15610107542315554
0.4,0.3,0.9,2.0,0.15611618767293625
0.5,0.8,0.2,1.8,0.15626958397595417
0.3,0.1,0.7,2.4,0.15627357610097684
0.3,0.6,0.8,2.8,0.15637197504857567
0.1,0.1,0.8,1.4,0.15641505171190867
0.7,0.9,0.3,1.0,0.15646707741946267
0.1,0.3,0.9,1.2,0.15648298116839313
0.1,0.7,0.9,1.6,0.15657146969146174
0.1,0.4,0.8,1.8,0.15660640647855326
0.1,0.5,0.9,1.4,0.15661300236328757
0.4,0.5,0.2,1.2,0.15674902166689186
0.1,0.9,0.9,1.8,0.15677286347781097
0.2,0.4,0.7,2.8,0.15678739845505932
0.2,0.3,0.8,2.0,0.15691755121963707
0.8,0.4,0.2,1.8,0.15693858489854218
0.5,0.3,0.2,1.2,0.1571401872957768
0.3,0.3,0.9,1.8,0.15718583529793612
0.2,0.3,0.7,2.6,0.157419980849482
0.6,0.3,0.8,2.8,0.15750972180448974
0.8,0.7,0.2,2.4,0.15754057809478547
0.2,0.5,0.9,1.8,0.15778106252771465
0.2,0.2,0.7,2.4,0.1578418308697541
0.7,0.5,0.2,1.8,0.15785983241478474
0.2,0.1,0.7,2.2,0.15787782891564445
0.8,0.2,0.8,2.8,0.15787918151493954
0.7,0.9,0.2,2.6,0.1580551600826555
0.4,0.1,0.7,2.6,0.158070129252576
0.3,0.7,0.9,2.4,0.15810563101020284
0.5,0.3,0.9,2.2,0.1583264276645894
0.9,0.7,0.2,2.6,0.15848580796375367
0.5,0.5,0.2,1.4,0.15850449997001734
0.1,0.1,0.6,2.6,0.1586092337641099
0.6,0.5,0.2,1.6,0.15893865704844584
0.2,0.8,0.9,2.2,0.15899656900955447
0.6,0.2,0.8,2.6,0.15919800593380795
0.5,0.1,0.2,1.0,0.1592448088949831
0.9,0.5,0.3,1.0,0.15926592888085753
0.4,0.4,0.9,2.2,0.15952532630636024
0.1,0.8,0.8,2.4,0.1595729892073346
0.8,0.4,0.9,2.8,0.1596468094643479
0.2,0.4,0.8,2.2,0.15985914831290862
0.6,0.1,0.9,2.0,0.15991792123071494
0.8,0.1,0.9,2.2,0.16012491551775526
0.8,0.3,0.9,2.6,0.1601293861308818
0.8,0.2,0.9,2.4,0.1603719540658126
0.5,0.4,0.9,2.4,0.16040157608827219
0.6,0.1,0.8,2.4,0.16066311762173255
0.8,0.1,0.8,2.6,0.16086622663765468
0.8,0.8,0.2,2.6,0.1608792459211086
0.3,0.9,0.2,1.2,0.16089596360774622
0.9,0.7,0.3,1.2,0.1609056035253697
0.1,0.5,0.8,2.0,0.16103847079919184
0.4,0.3,0.2,1.0,0.16116558023399732
0.8,0.3,0.2,1.6,0.16119188037156013
0.3,0.6,0.2,1.0,0.1612443833871124
0.3,0.8,0.9,2.6,0.16158844751441834
0.6,0.2,0.9,2.2,0.16190277847523585
0.8,0.9,0.3,1.2,0.161907351807599
0.3,0.4,0.9,2.0,0.16192608100921912
0.5,0.5,0.9,2.6,0.16201029852480828
0.9,0.1,0.2,1.4,0.16204181129652176
0.5,0.7,0.2,1.6,0.16212356392468363
0.2,0.5,0.8,2.4,0.1622496896822003
0.4,0.5,0.9,2.4,0.16229026031448165
0.5,0.1,0.7,2.8,0.1624136008225786
0.2,0.3,0.9,1.6,0.162621943953335
0.7,0.4,0.2,1.6,0.16262247217849532
0.6,0.9,0.2,2.2,0.1626320410152734
0.1,0.2,0.8,1.6,0.16264734566872655
0.8,0.7,0.3,1.0,0.1627260077071007
0.1,0.9,0.8,2.6,0.1630525899325899
0.6,0.3,0.9,2.4,0.1631285678471034
0.6,0.2,0.2,1.2,0.1631527473203914
0.1,0.8,0.9,1.8,0.1631666295171366
0.2,0.6,0.9,2.0,0.16318124650272164
0.5,0.6,0.9,2.8,0.16333452095703
0.2,0.9,0.9,2.4,0.16363519797428963
0.6,0.4,0.9,2.6,0.16386507301857936
0.1,0.6,0.9,1.6,0.16395683878833403
0.9,0.8,0.2,2.8,0.1641516344890516
0.4,0.8,0.2,1.4,0.16418447200234657
0.7,0.1,0.2,1.2,0.16423019130505875
0.2,0.6,0.8,2.6,0.16426038580588828
0.6,0.5,0.9,2.8,0.16432354196562093
0.6,0.8,0.2,2.0,0.1643429447217042
0.4,0.6,0.9,2.6,0.16461052811287438
0.1,0.1,0.7,2.0,0.16470913892995806
0.1,0.3,0.1,2.8,0.1647286238765759
0.3,0.9,0.9,2.8,0.1648096950187297
0.1,0.6,0.8,2.2,0.16486515366209173
0.1,0.2,0.1,2.6,0.16495322251676142
0.1,0.4,0.9,1.4,0.1650426618528315
0.8,0.9,0.2,2.8,0.16533463628717474
0.3,0.5,0.9,2.2,0.16585680670421832
0.1,0.2,0.9,1.2,0.16595844652368358
0.3,0.1,0.9,1.6,0.166026189505742
0.2,0.7,0.8,2.8,0.16602698686381812
0.3,0.1,0.8,2.0,0.1660400882665359
0.1,0.2,0.7,2.2,0.1660407140891113
0.1,0.1,0.1,2.4,0.16617628497705078
0.9,0.9,0.3,1.4,0.1661839256728805
0.4,0.6,0.2,1.2,0.16625178378199165
0.4,0.7,0.9,2.8,0.1666438668983404
0.7,0.2,0.8,2.8,0.16672549438550158
0.1,0.3,0.7,2.4,0.16681361147424578
0.6,0.4,0.2,1.4,0.1669026144757196
0.4,0.4,0.8,2.8,0.16711602633995407
0.5,0.9,0.2,1.8,0.16716589724869135
0.1,0.4,0.7,2.6,0.1672207661895
0.1,0.5,0.7,2.8,0.16741336005707014
0.1,0.3,0.8,1.8,0.16768302356518722
0.3,0.2,0.8,2.2,0.16769811830650255
0.6,0.7,0.2,1.8,0.1677418597876423
0.4,0.3,0.8,2.6,0.16776924122632816
0.2,0.1,0.8,1.8,0.16786379226234466
0.2,0.7,0.9,2.2,0.16793379659804844
0.3,0.7,0.2,1.0,0.16798948767635585
0.4,0.1,0.8,2.2,0.16808979210166236
0.2,0.1,0.9,1.4,0.16811304619785455
0.4,0.2,0.8,2.4,0.16816324943163571
0.1,0.7,0.8,2.4,0.16824448034625517
0.4,0.1,0.9,1.8,0.16830424520132362
0.3,0.1,0.1,2.8,0.16866448666811457
0.3,0.3,0.8,2.4,0.1686827068886263
0.2,0.4,0.9,1.8,0.16868600219774021
0.8,0.2,0.2,1.4,0.16869620439939217
0.2,0.1,0.1,2.6,0.1687833405385074
0.1,0.9,0.9,2.0,0.16918710130102874
0.3,0.6,0.9,2.4,0.16919362635844967
0.3,0.4,0.8,2.6,0.16922355121181862
0.7,0.4,0.9,2.8,0.1694039742754692
0.3,0.5,0.8,2.8,0.16950041859467282
0.5,0.4,0.2,1.2,0.16974058910884332
0.5,0.3,0.8,2.8,0.1697494994672633
0.7,0.1,0.8,2.6,0.1697922553050811
0.2,0.2,0.1,2.8,0.16984435859597538
0.7,0.3,0.9,2.6,0.170015786873906
0.9,0.3,0.9,2.8,0.1701299252949607
0.7,0.1,0.9,2.2,0.1701772704549391
0.7,0.2,0.9,2.4,0.17035554631775682
0.7,0.3,0.2,1.4,0.17039307057541925
0.5,0.6,0.2,1.4,0.17039724323818256
0.1,0.7,0.9,1.8,0.1704712775468657
0.3,0.2,0.7,2.8,0.17062177195263764
0.7,0.8,0.2,2.2,0.17097364002650206
0.2,0.2,0.8,2.0,0.1710937862457988
0.9,0.5,0.2,2.0,0.1711047480942211
0.4,0.4,0.2,1.0,0.17126185881484343
0.1,0.8,0.8,2.6,0.17130448243656954
0.5,0.2,0.8,2.6,0.17152403316452108
0.3,0.2,0.9,1.8,0.17153996983048136
0.7,0.9,0.2,2.4,0.17161134384193555
0.1,0.4,0.8,2.0,0.1718023787875862
0.7,0.7,0.2,2.0,0.17183479059381535
0.2,0.3,0.7,2.8,0.17192916399626593
0.9,0.2,0.9,2.6,0.1719597377723556
0.9,0.6,0.2,2.2,0.1720440112267522
0.4,0.2,0.9,2.0,0.17204443580513074
0.3,0.7,0.9,2.6,0.17210937674584037
0.2,0.8,0.9,2.4,0.17219879701491916
0.9,0.4,0.2,1.8,0.17237698492817163
0.1,0.5,0.9,1.6,0.17240695895067926
0.5,0.2,0.2,1.0,0.17248362324954425
0.4,0.9,0.2,1.4,0.17250480778493002
0.9,0.1,0.8,2.8,0.1728016700271069
0.5,0.1,0.8,2.4,0.17304627259075286
0.1,0.1,0.6,2.8,0.17321872026587806
0.5,0.8,0.2,1.6,0.173251959156703
0.6,0.6,0.2,1.6,0.17326508055927128
0.3,0.1,0.7,2.6,0.17342991028636243
0.2,0.3,0.8,2.2,0.17345659045464992
0.9,0.1,0.9,2.4,0.17354656641727423
0.2,0.2,0.7,2.6,0.17356489413780024
0.2,0.5,0.9,2.0,0.17378946747660862
0.9,0.6,0.3,1.0,0.17382005448404986
0.5,0.1,0.9,2.0,0.17386265342829116
0.8,0.8,0.3,1.0,0.17395424798217968
0.1,0.9,0.8,2.8,0.1741483307151366
0.8,0.6,0.2,2.0,0.17415027621968562
0.8,0.7,0.2,2.2,0.17420197191794823
0.3,0.8,0.2,1.0,0.1742409566085312
0.7,0.6,0.2,1.8,0.1745615599169811
0.1,0.3,0.9,1.4,0.17470968147361374
0.3,0.8,0.9,2.8,0.17474180138372908
0.4,0.3,0.9,2.2,0.17477438026067924
0.9,0.7,0.2,2.4,0.17478581402297463
0.9,0.8,0.3,1.2,0.17479561425454967
0.2,0.1,0.7,2.4,0.17497502610300672
0.4,0.7,0.2,1.2,0.17519294320530482
0.2,0.4,0.8,2.4,0.17520194441758094
0.1,0.5,0.8,2.2,0.1752335461349966
0.4,0.1,0.7,2.8,0.17525734681383995
0.2,0.2,0.9,1.6,0.17536709404305492
0.1,0.1,0.8,1.6,0.1756178670742704
0.5,0.2,0.9,2.2,0.17580561925854254
0.3,0.3,0.9,2.0,0.17582901339489657
0.8,0.8,0.2,2.4,0.17590413656440843
0.2,0.9,0.9,2.6,0.17610658755278716
0.8,0.5,0.2,1.8,0.1761428629535235
0.1,0.8,0.9,2.0,0.17632675359290895
0.9,0.3,0.2,1.6,0.17640637904383538
0.2,0.5,0.8,2.6,0.17652773334327024
0.4,0.4,0.9,2.4,0.17678517218425416
0.1,0.1,0.9,1.2,0.1768568090852243
0.5,0.3,0.9,2.4,0.17696668090366813
0.6,0.2,0.8,2.8,0.17717757795940986
0.6,0.9,0.2,2.0,0.1775676926908898
0.2,0.6,0.8,2.8,0.17758987021686629
0.5,0.4,0.9,2.6,0.17761311097703256
0.5,0.5,0.9,2.8,0.17795418660812928
0.1,0.6,0.8,2.4,0.1781608861602956
0.2,0.6,0.9,2.2,0.1781616015196805
0.4,0.5,0.9,2.6,0.1783072124392075
0.6,0.3,0.2,1.2,0.17844188650990989
0.8,0.3,0.9,2.8,0.17859472288061404
0.1,0.4,0.1,2.8,0.17866759779667185
0.1,0.6,0.9,1.8,0.1788164595686834
0.8,0.9,0.2,2.6,0.17894964410480393
0.9,0.8,0.2,2.6,0.1790114319924342
0.3,0.4,0.9,2.2,0.17920605572267032
0.1,0.3,0.1,2.6,0.17922553622248835
0.6,0.1,0.2,1.0,0.17926968484712913
0.4,0.6,0.9,2.8,0.1795217128139773
0.7,0.5,0.2,1.6,0.1796380037025827
0.3,0.9,0.2,1.0,0.1800154464208952
0.6,0.1,0.8,2.6,0.18030706043027941
0.1,0.2,0.8,1.8,0.18040218363046898
0.8,0.1,0.8,2.8,0.18045941272088833
0.8,0.1,0.2,1.2,0.18047813699797993
0.8,0.2,0.9,2.6,0.18051967863784998
0.1,0.4,0.7,2.8,0.18064838932412272
0.8,0.4,0.2,1.6,0.1807017772719215
0.1,0.7,0.8,2.6,0.18073256244373728
0.1,0.2,0.1,2.4,0.18077212683200694
0.4,0.5,0.2,1.0,0.18078062823520327
0.6,0.4,0.9,2.8,0.1810124223384138
0.2,0.3,0.9,1.8,0.18119996738666602
0.6,0.8,0.2,1.8,0.1812708981130094
0.1,0.3,0.7,2.6,0.1812889330939941
0.6,0.5,0.2,1.4,0.18150282444854268
0.1,0.9,0.9,2.2,0.18166662415517978
0.1,0.2,0.7,2.4,0.18169881501739904
0.1,0.1,0.7,2.2,0.18170441451286654
0.5,0.7,0.2,1.4,0.18171983847201448
0.6,0.3,0.9,2.6,0.18173074815938461
0.5,0.5,0.2,1.2,0.18180323305686913
0.3,0.5,0.9,2.4,0.1819213663095677
0.2,0.7,0.9,2.4,0.18198856020522813
0.6,0.1,0.9,2.2,0.18202090692075637
0.1,0.4,0.9,1.6,0.18207782556491536
0.7,0.2,0.2,1.2,0.1821142220274484
0.6,0.2,0.9,2.4,0.1821477659439046
0.8,0.1,0.9,2.4,0.18217223838161042
0.1,0.8,0.8,2.8,0.18306706240651172
0.4,0.1,0.1,2.8,0.18339454396568236
0.1,0.1,0.1,2.2,0.18352060414708518
0.4,0.8,0.2,1.2,0.18356037696411356
0.5,0.9,0.2,1.6,0.1837924173337198
0.9,0.2,0.2,1.4,0.1839533010920592
0.1,0.3,0.8,2.0,0.18414086014369613
0.3,0.6,0.9,2.6,0.18417418644957403
0.4,0.3,0.8,2.8,0.1843804407255201
0.9,0.9,0.2,2.8,0.1844638426264332
0.1,0.7,0.9,2.0,0.1844737138524054
0.8,0.9,0.3,1.0,0.18452735156707345
0.3,0.4,0.8,2.8,0.1846026042355595
0.5,0.3,0.2,1.0,0.18522069011083828
0.3,0.3,0.8,2.6,0.18530724385190403
0.2,0.8,0.9,2.6,0.18542067491775693
0.3,0.1,0.8,2.2,0.1856646450295469
0.3,0.2,0.8,2.4,0.18572993407984176
0.3,0.1,0.1,2.6,0.18579465467568734
0.2,0.2,0.1,2.6,0.1857987600259692
0.1,0.2,0.9,1.4,0.1857997129618478
0.2,0.4,0.9,2.0,0.18594239767800305
0.3,0.7,0.9,2.8,0.18612228986497045
0.2,0.1,0.1,2.4,0.18612428331596592
0.4,0.2,0.8,2.6,0.1862078305432509
0.2,0.3,0.1,2.8,0.18658123186780995
0.7,0.9,0.2,2.2,0.18661746344954402
0.6,0.7,0.2,1.6,0.18707741586346865
0.1,0.4,0.8,2.2,0.18710110532959962
0.2,0.1,0.8,2.0,0.18740098631356775
0.7,0.4,0.2,1.4,0.18772438670157665
0.4,0.1,0.8,2.4,0.18775730460198722
0.9,0.7,0.3,1.0,0.1877893871970545
0.7,0.8,0.2,2.0,0.18782061560028
0.3,0.2,0.1,2.8,0.18786550006413405
0.3,0.1,0.9,1.8,0.18806853275499344
0.9,0.9,0.3,1.2,0.18806915190746415
0.1,0.5,0.9,1.8,0.1883511348834249
0.8,0.3,0.2,1.4,0.18854599264962565
0.7,0.3,0.9,2.8,0.18856848902653506
0.2,0.9,0.9,2.8,0.1885787837960212
0.2,0.2,0.8,2.2,0.18907617963244314
0.2,0.2,0.7,2.8,0.18933962459991494
0.7,0.1,0.8,2.8,0.18943204636512662
0.1,0.5,0.8,2.4,0.18949706859732135
0.1,0.8,0.9,2.2,0.18954710077294493
0.5,0.2,0.8,2.8,0.1895569585068246
0.4,0.6,0.2,1.0,0.1896978786696909
0.2,0.5,0.9,2.2,0.18986219236089255
0.2,0.1,0.9,1.6,0.1900162183457625
0.2,0.3,0.8,2.4,0.19006285762195904
0.4,0.1,0.9,2.0,0.19041922495454636
0.7,0.2,0.9,2.6,0.19057422329635354
0.2,0.4,0.8,2.6,0.19058871685271925
0.3,0.1,0.7,2.8,0.19063541692351083
0.2,0.5,0.8,2.8,0.190832190329971
0.7,0.7,0.2,1.8,0.1908778063759943
0.4,0.9,0.2,1.2,0.19135605410994128
0.1,0.6,0.8,2.6,0.19149958785193644
0.3,0.2,0.9,2.0,0.1918118622495857
0.9,0.2,0.9,2.8,0.19208485806093556
0.2,0.1,0.7,2.6,0.19213711366442554
0.1,0.5,0.1,2.8,0.19221682031305323
0.7,0.1,0.9,2.4,0.19227940381475078
0.9,0.6,0.2,2.0,0.19234328159169106
0.4,0.2,0.9,2.2,0.192346821673735
0.5,0.8,0.2,1.4,0.19242665833411182
0.8,0.8,0.2,2.2,0.19261133947474215
0.5,0.1,0.8,2.6,0.19272514528020368
0.8,0.7,0.2,2.0,0.19288518317884362
0.9,0.7,0.2,2.2,0.1930201743938857
0.1,0.4,0.1,2.6,0.19314716618557534
0.1,0.3,0.9,1.6,0.19314826973378404
0.2,0.6,0.9,2.4,0.1931749867892082
0.1,0.7,0.8,2.8,0.19324433095946691
0.5,0.6,0.2,1.2,0.193257662649226
0.6,0.4,0.2,1.2,0.1932806065816383
0.4,0.3,0.9,2.4,0.19347449799093558
0.1,0.6,0.9,2.0,0.19376906530162363
0.9,0.5,0.2,1.8,0.19389050505043975
0.8,0.9,0.2,2.4,0.19397819192048493
0.4,0.4,0.9,2.6,0.19406683953063056
0.1,0.9,0.9,2.4,0.1941754788343262
0.6,0.9,0.2,1.8,0.19421168497321406
0.4,0.5,0.9,2.8,0.19433111693758184
0.3,0.3,0.9,2.2,0.19453161538079253
0.6,0.2,0.2,1.0,0.19479584893816784
0.5,0.4,0.9,2.8,0.1948392581336341
0.1,0.1,0.8,1.8,0.19500233376981263
0.1,0.3,0.1,2.4,0.19505844353151647
0.8,0.6,0.2,1.8,0.1952004513845405
0.9,0.8,0.2,2.4,0.19549727827425772
0.2,0.2,0.9,1.8,0.1955543461723703
0.6,0.6,0.2,1.4,0.19556640596423494
0.9,0.1,0.9,2.6,0.1955872421794753
0.5,0.3,0.9,2.6,0.19563375842945746
0.1,0.3,0.7,2.8,0.19580942007461358
0.5,0.1,0.9,2.2,0.19600236137879903
0.2,0.7,0.9,2.6,0.19605362447995053
0.5,0.2,0.9,2.4,0.1961012184977802
0.9,0.1,0.2,1.2,0.19612933398507756
0.7,0.6,0.2,1.6,0.19627247100782352
0.3,0.4,0.9,2.4,0.19651683970354816
0.5,0.1,0.1,2.8,0.19727127243439999
0.5,0.4,0.2,1.0,0.1973607368509861
0.1,0.2,0.7,2.6,0.1974176815262428
0.3,0.5,0.9,2.6,0.19799627823234536
0.4,0.7,0.2,1.0,0.19800739220436012
0.1,0.2,0.1,2.2,0.19816605528406347
0.9,0.4,0.2,1.6,0.19822470563182762
0.1,0.2,0.8,2.0,0.19827930919369388
0.1,0.1,0.9,1.4,0.19852491376210107
0.1,0.7,0.9,2.2,0.19852855166750505
0.2,0.8,0.9,2.8,0.1986360602271969
0.1,0.1,0.7,2.4,0.19878057970501573
0.3,0.6,0.9,2.8,0.19915007705194418
0.7,0.1,0.2,1.0,0.19920060095430234
0.1,0.4,0.9,1.8,0.19924584056793637
0.9,0.9,0.2,2.6,0.19944386084981583
0.7,0.3,0.2,1.2,0.19975646720858495
0.2,0.3,0.9,2.0,0.1998590523294317
0.6,0.1,0.8,2.8,0.19997397992608193
0.8,0.5,0.2,1.6,0.20008644751083676
0.6,0.8,0.2,1.6,0.20028578730017244
0.6,0.3,0.9,2.8,0.20034557388186758
0.1,0.3,0.8,2.2,0.20067972927109506
0.8,0.2,0.9,2.8,0.2006977367528267
0.8,0.2,0.2,1.2,0.20070952272471076
0.9,0.8,0.3,1.0,0.20108422920973687
0.4,0.1,0.1,2.6,0.2018864763109248
0.3,0.3,0.8,2.8,0.20194299444418382
0.6,0.2,0.9,2.6,0.2024110253603315
0.1,0.4,0.8,2.4,0.20245129698105171
0.5,0.9,0.2,1.4,0.20249369504605724
0.2,0.3,0.1,2.6,0.2026434063825035
0.1,0.1,0.1,2.0,0.20274048446590953
0.1,0.8,0.9,2.4,0.20279052587634092
0.2,0.4,0.1,2.8,0.20307342829923694
0.2,0.4,0.9,2.2,0.20324173087210906
0.7,0.9,0.2,2.0,0.20327418641683145
0.2,0.2,0.1,2.4,0.20330652531822704
0.3,0.2,0.8,2.6,0.2037820994044744
0.1,0.5,0.8,2.6,0.20379030085348565
0.5,0.7,0.2,1.2,0.20406006289807876
0.6,0.1,0.9,2.4,0.20414982785166788
0.8,0.1,0.9,2.6,0.2042475269517077
0.4,0.2,0.8,2.8,0.20425958652233772
0.1,0.5,0.9,2.0,0.20437418394978246
0.7,0.5,0.2,1.4,0.20466011425501338
0.3,0.1,0.1,2.4,0.204705517267293
0.1,0.6,0.8,2.8,0.20485163325216385
0.4,0.2,0.1,2.8,0.20497254987711425
0.1,0.6,0.1,2.8,0.20527786480074886
0.3,0.2,0.1,2.6,0.2052910775138452
0.2,0.1,0.1,2.2,0.20530062067664792
0.3,0.1,0.8,2.4,0.20532163204435752
0.4,0.8,0.2,1.0,0.20571662250240372
0.1,0.2,0.9,1.6,0.20582230279394725
0.2,0.5,0.9,2.4,0.20595120650052656
0.2,0.4,0.8,2.8,0.20598269264226238
0.9,0.3,0.2,1.4,0.2061237977585008
0.1,0.5,0.1,2.6,0.2066034884092103
0.7,0.8,0.2,1.8,0.20666770362334322
0.1,0.9,0.9,2.6,0.20668589847131627
0.2,0.3,0.8,2.6,0.20668820786005462
0.2,0.1,0.8,2.2,0.20699515787370493
0.2,0.2,0.8,2.4,0.20709351546362298
0.3,0.3,0.1,2.8,0.20709912776598838
0.4,0.1,0.8,2.6,0.20743489763083264
0.6,0.5,0.2,1.2,0.2075413707301095
0.2,0.6,0.9,2.6,0.2081855850897399
0.8,0.4,0.2,1.4,0.20826715360352413
0.1,0.6,0.9,2.2,0.20876274665563546
0.5,0.5,0.2,1.0,0.20883981527123377
0.1,0.4,0.1,2.4,0.2089041399920928
0.6,0.7,0.2,1.4,0.20899982198385444
0.2,0.1,0.7,2.8,0.2093155994981889
0.6,0.3,0.2,1.0,0.20979932341441657
0.2,0.7,0.9,2.8,0.2101019753528756
0.3,0.1,0.9,2.0,0.21015824489856094
0.6,0.1,0.1,2.8,0.21024342136017127
0.8,0.9,0.2,2.2,0.2106078196490755
0.7,0.2,0.9,2.8,0.21078718782622916
0.8,0.8,0.2,2.0,0.2112421185856677
0.4,0.4,0.9,2.8,0.2113290182790547
0.1,0.3,0.9,1.8,0.21169493621942492
0.2,0.1,0.9,1.8,0.2120084366425816
0.3,0.2,0.9,2.2,0.2121020733049935
0.4,0.3,0.9,2.6,0.21216198223894872
0.7,0.7,0.2,1.6,0.2123760561069782
0.5,0.1,0.8,2.8,0.2123931169308465
0.1,0.3,0.1,2.2,0.21239534178064656
0.4,0.1,0.9,2.2,0.2125457907402645
0.1,0.7,0.9,2.4,0.21259744975051445
0.4,0.2,0.9,2.4,0.21264622884553563
0.6,0.9,0.2,1.6,0.212828921643841
0.4,0.9,0.2,1.0,0.21284309425360448
0.1,0.2,0.7,2.8,0.21315658531519768
0.3,0.3,0.9,2.4,0.2132333333723484
0.9,0.7,0.2,2.0,0.21347986290113488
0.9,0.9,0.3,1.0,0.21364489920771135
0.3,0.4,0.9,2.6,0.21381351932270368
0.9,0.8,0.2,2.2,0.21383411823694817
0.8,0.7,0.2,1.8,0.21390585552979072
0.3,0.5,0.9,2.8,0.21404763461446907
0.5,0.8,0.2,1.2,0.21418881727437103
0.5,0.3,0.9,2.8,0.21427798409855656
0.7,0.1,0.9,2.6,0.2143698115419724
0.1,0.1,0.8,2.0,0.214470955410174
0.9,0.6,0.2,1.8,0.21534968340432736
0.2,0.2,0.9,2.0,0.21578511362734562
0.1,0.1,0.7,2.6,0.2158849439448459
0.9,0.9,0.2,2.4,0.21597873501379533
0.1,0.8,0.9,2.6,0.21602837934280142
0.1,0.2,0.8,2.2,0.2162078032330014
0.5,0.2,0.9,2.6,0.216374877907805
0.1,0.4,0.9,2.0,0.21647289980742507
0.7,0.4,0.2,1.2,0.2169615024444858
0.5,0.1,0.1,2.6,0.21707978497082472
0.7,0.2,0.2,1.0,0.21712080565670244
0.1,0.3,0.8,2.4,0.217246978974536
0.1,0.2,0.1,2.0,0.2173483671963087
0.9,0.1,0.9,2.8,0.21761207989187933
0.1,0.7,0.1,2.8,0.21778045769315163
0.1,0.4,0.8,2.6,0.2178132185836789
0.1,0.5,0.8,2.8,0.21808285980332673
0.5,0.1,0.9,2.4,0.21812184411571142
0.2,0.3,0.9,2.2,0.2185318219806918
0.9,0.2,0.2,1.2,0.21871242454295634
0.8,0.1,0.2,1.0,0.21875495955149768
0.8,0.6,0.2,1.6,0.21913001333100554
0.2,0.4,0.1,2.6,0.21913654079152053
0.2,0.5,0.1,2.8,0.21916039439989513
0.1,0.9,0.9,2.8,0.21917629261922703
0.1,0.6,0.1,2.6,0.21951055025843025
0.5,0.6,0.2,1.0,0.2196207415566009
0.9,0.5,0.2,1.6,0.22001714958990104
0.2,0.3,0.1,2.4,0.22019297003334437
0.1,0.1,0.9,1.6,0.22033127613509954
0.1,0.5,0.9,2.2,0.22042254220622487
0.2,0.4,0.9,2.4,0.22053456052494683
0.8,0.3,0.2,1.2,0.2207735057353261
0.7,0.6,0.2,1.4,0.22104457660350862
0.6,0.6,0.2,1.2,0.22113109411623097
0.5,0.2,0.1,2.8,0.2211758617639361
0.6,0.8,0.2,1.4,0.22173940843461348
0.3,0.2,0.8,2.8,0.22181001886310125
0.7,0.9,0.2,1.8,0.22182374779073988
0.2,0.5,0.9,2.6,0.22201966224054237
0.1,0.5,0.1,2.4,0.2222112061311595
0.7,0.1,0.1,2.8,0.22226802172097654
0.4,0.1,0.1,2.4,0.22232504014208035
0.2,0.2,0.1,2.2,0.2225710672148655
0.6,0.2,0.9,2.8,0.22263451845729035
0.2,0.6,0.9,2.8,0.22316560183836345
0.2,0.3,0.8,2.8,0.22329526658060406
0.5,0.9,0.2,1.2,0.22364016465936998
0.1,0.6,0.9,2.4,0.22375799901016855
0.4,0.2,0.1,2.6,0.22383780869456224
0.1,0.1,0.1,1.8,0.2241115528637082
0.6,0.4,0.2,1.0,0.22415843385559456
0.3,0.2,0.1,2.4,0.22443031374001748
0.3,0.3,0.1,2.6,0.22468169981154057
0.3,0.1,0.8,2.6,0.22495298042672016
0.2,0.2,0.8,2.6,0.2250969530694443
0.3,0.1,0.1,2.2,0.22564245750385398
0.1,0.2,0.9,1.8,0.22591869962178526
0.1,0.4,0.1,2.2,0.22609640897664704
0.3,0.4,0.1,2.8,0.22613628726805393
0.6,0.1,0.9,2.6,0.22622934860429927
0.8,0.1,0.9,2.8,0.22627621206734574
0.2,0.1,0.1,2.0,0.22657301272264954
0.2,0.1,0.8,2.4,0.22658152661235326
0.1,0.7,0.9,2.6,0.2266509071019278
0.4,0.3,0.1,2.8,0.22669435086048112
0.4,0.1,0.8,2.8,0.22707050235681034
0.8,0.5,0.2,1.4,0.2276364154113369
0.7,0.8,0.2,1.6,0.2278336155741223
0.9,0.4,0.2,1.4,0.22826927184512422
0.8,0.9,0.2,2.0,0.22906284337437854
0.1,0.8,0.9,2.8,0.22923842494259009
0.1,0.8,0.1,2.8,0.2296784870828068
0.5,0.7,0.2,1.0,0.22968839415062872
0.1,0.3,0.9,2.0,0.23027354997067104
0.4,0.3,0.9,2.8,0.2307951877596949
0.3,0.4,0.9,2.8,0.23106155478551596
0.6,0.1,0.1,2.6,0.23131516959337348
0.1,0.3,0.1,2.0,0.23143586373193198
0.1,0.7,0.1,2.6,0.23181110437078703
0.3,0.3,0.9,2.6,0.23188851375139227
0.8,0.8,0.2,1.8,0.23208889096094307
0.3,0.1,0.9,2.2,0.23221176886623712
0.3,0.2,0.9,2.4,0.23234940029337223
0.4,0.2,0.9,2.6,0.23288790471246285
0.1,0.1,0.7,2.8,0.23297661240188902
0.1,0.4,0.8,2.8,0.23315589385096513
0.8,0.1,0.1,2.8,0.23332941630345716
0.7,0.5,0.2,1.2,0.23357230130856255
0.1,0.4,0.9,2.2,0.23370389932806293
0.6,0.9,0.2,1.4,0.23374733137512155
0.1,0.3,0.8,2.6,0.23380211722558034
0.1,0.1,0.8,2.2,0.2339513940875369
0.6,0.7,0.2,1.2,0.2339874894965555
0.2,0.1,0.9,2.0,0.23399377320503942
0.1,0.2,0.8,2.4,0.2341340064635021
0.9,0.9,0.2,2.2,0.23427797765706362
0.9,0.8,0.2,2.0,0.23429239491815
0.7,0.3,0.2,1.0,0.23452482146032727
0.4,0.1,0.9,2.4,0.2346108485040973
0.2,0.6,0.1,2.8,0.234716571300379
0.1,0.6,0.1,2.4,0.23491083922918093
0.2,0.5,0.1,2.6,0.23513417119164842
0.2,0.2,0.9,2.2,0.23599052094343848
0.7,0.1,0.9,2.8,0.236383635287023
0.6,0.2,0.1,2.8,0.23640081446566347
0.1,0.5,0.9,2.4,0.23645563230748926
0.9,0.7,0.2,1.8,0.23651995791108707
0.5,0.2,0.9,2.8,0.23657749447912765
0.2,0.4,0.1,2.4,0.2366212189216215
0.7,0.7,0.2,1.4,0.23675799417911092
0.2,0.3,0.9,2.4,0.23716777538378428
0.8,0.7,0.2,1.6,0.2376526028325039
0.9,0.1,0.2,1.0,0.23770204611375223
0.2,0.4,0.9,2.6,0.23778324659012134
0.6,0.5,0.2,1.0,0.23778666050733976
0.2,0.5,0.9,2.8,0.23803914707957563
0.1,0.2,0.1,1.8,0.23857569392181482
0.1,0.6,0.9,2.6,0.23872454021842554
0.5,0.1,0.1,2.4,0.23900311737691526
0.5,0.8,0.2,1.0,0.2390451717277241
0.8,0.2,0.2,1.0,0.2391435878317502
0.1,0.5,0.1,2.2,0.23918883407784433
0.2,0.3,0.1,2.2,0.23942011960417095
0.5,0.1,0.9,2.6,0.2401571661183155
0.8,0.4,0.2,1.2,0.24044362121883633
0.1,0.7,0.9,2.8,0.24066609603275474
0.1,0.9,0.1,2.8,0.2409459711530502
0.9,0.3,0.2,1.2,0.24123239234945743
0.5,0.2,0.1,2.6,0.24144798401895293
0.9,0.6,0.2,1.6,0.24153885606978454
0.1,0.1,0.9,1.8,0.2421651243688659
0.7,0.9,0.2,1.6,0.24256212101663535
0.2,0.2,0.8,2.8,0.24304900706578753
0.9,0.1,0.1,2.8,0.24343885230523618
0.1,0.8,0.1,2.6,0.24347045675249795
0.3,0.4,0.1,2.6,0.24375343852556658
0.2,0.2,0.1,2.0,0.24383522214182982
0.3,0.3,0.1,2.4,0.24390743536706674
0.3,0.1,0.8,2.8,0.24451467887016887
0.7,0.1,0.1,2.6,0.2445407967285243
0.4,0.2,0.1,2.4,0.24458210418233528
0.3,0.5,0.1,2.8,0.24478479000311612
0.1,0.4,0.1,2.0,0.24491133725106218
0.4,0.1,0.1,2.2,0.24498529115743461
0.5,0.3,0.1,2.8,0.24536420836740885
0.3,0.2,0.1,2.2,0.24551254689373667
0.4,0.3,0.1,2.6,0.24578089434092348
0.1,0.2,0.9,2.0,0.24601078786526165
0.6,0.8,0.2,1.2,0.24607483366724395
0.2,0.1,0.8,2.6,0.2461112885224875
0.8,0.6,0.2,1.4,0.24646736798136554
0.1,0.7,0.1,2.4,0.24695922377155702
0.5,0.9,0.2,1.0,0.24770683143679895
0.1,0.1,0.1,1.6,0.24797011894492924
0.6,0.1,0.9,2.8,0.24820380552577898
0.4,0.4,0.1,2.8,0.24830073767227484
0.1,0.3,0.9,2.2,0.24882771417389116
0.3,0.1,0.1,2.0,0.24890043976195284
0.7,0.6,0.2,1.2,0.2494688771043995
0.8,0.9,0.2,1.8,0.24961444096757457
0.2,0.7,0.1,2.8,0.2496485621103408
0.9,0.5,0.2,1.4,0.2501373500009733
0.2,0.1,0.1,1.8,0.2502569305668909
0.1,0.3,0.8,2.8,0.25031384061158113
0.3,0.3,0.9,2.8,0.25046246926380283
0.2,0.6,0.1,2.6,0.25052666642134325
0.7,0.2,0.1,2.8,0.2505809223538138
0.6,0.6,0.2,1.0,0.2506286405909394
0.1,0.4,0.9,2.4,0.2508973673582578
0.7,0.4,0.2,1.0,0.25126102181825727
0.1,0.6,0.1,2.2,0.2516195823116971
0.7,0.8,0.2,1.4,0.25171396467490587
0.1,0.2,0.8,2.6,0.25201706269522983
0.1,0.3,0.1,1.8,0.2524196547822592
0.1,0.5,0.9,2.6,0.2524425197586439
0.2,0.5,0.1,2.4,0.25246523235010937
0.3,0.2,0.9,2.6,0.252508172320319
0.4,0.2,0.9,2.8,0.2530307273156489
0.1,0.1,0.8,2.4,0.25338956702216575
0.1,0.6,0.9,2.8,0.25363904490025413
0.3,0.1,0.9,2.4,0.2541680891981233
0.1,0.9,0.1,2.6,0.25447239598723514
0.9,0.9,0.2,2.0,0.2545926921873338
0.6,0.1,0.1,2.4,0.2546703597792475
0.2,0.4,0.9,2.8,0.2549590226001277
0.8,0.8,0.2,1.6,0.25551042291090353
0.2,0.4,0.1,2.2,0.25570558556814915
0.2,0.3,0.9,2.6,0.2557288695893965
0.2,0.1,0.9,2.2,0.25590271886268684
0.2,0.2,0.9,2.4,0.2561195861630977
0.4,0.1,0.9,2.6,0.25656071444042994
0.8,0.1,0.1,2.6,0.25673391061735146
0.9,0.8,0.2,1.8,0.2572008137866715
0.6,0.9,0.2,1.2,0.2573795070174086
0.1,0.5,0.1,2.0,0.25771286448425695
0.6,0.2,0.1,2.6,0.2580367305669635
0.1,0.8,0.1,2.4,0.2583332728204115
0.8,0.3,0.2,1.0,0.25905311123665925
0.8,0.5,0.2,1.2,0.259531419063002
0.2,0.3,0.1,2.0,0.2605513426129602
0.9,0.2,0.2,1.0,0.26059873835593506
0.5,0.1,0.9,2.8,0.2620611793429303
0.1,0.2,0.1,1.6,0.2621603020646585
0.3,0.5,0.1,2.6,0.2623308313908415
0.9,0.7,0.2,1.6,0.26257928729845686
0.6,0.7,0.2,1.0,0.2626556292990699
0.3,0.6,0.1,2.8,0.2628890985224467
0.3,0.4,0.1,2.4,0.26294190069430246
0.6,0.3,0.1,2.8,0.26300672984461326
0.5,0.1,0.1,2.2,0.26334786029052826
0.1,0.7,0.1,2.2,0.263358595212563
0.9,0.4,0.2,1.2,0.2634331477339877
0.8,0.2,0.1,2.8,0.26368137404205766
0.5,0.2,0.1,2.4,0.26376902732694685
0.2,0.8,0.1,2.8,0.26389156242591005
0.1,0.1,0.9,2.0,0.26394699561901236
0.7,0.7,0.2,1.2,0.2645656460351161
0.8,0.7,0.2,1.4,0.2646107177934951
0.3,0.3,0.1,2.2,0.264990503364996
0.2,0.7,0.1,2.6,0.26523544433027296
0.2,0.1,0.8,2.8,0.2655475598223538
0.1,0.4,0.1,1.8,0.26557353374004866
0.7,0.9,0.2,1.4,0.2658560087298525
0.5,0.3,0.1,2.6,0.26593624098139607
0.1,0.2,0.9,2.2,0.2660413190758126
0.4,0.3,0.1,2.4,0.26667326402597236
0.7,0.5,0.2,1.0,0.26721580372980375
0.1,0.3,0.9,2.4,0.26731536873163436
0.2,0.2,0.1,1.8,0.2673919094057532
0.4,0.2,0.1,2.2,0.26746287802013524
0.4,0.4,0.1,2.6,0.26747110880550434
0.2,0.6,0.1,2.4,0.2676323405061618
0.9,0.1,0.1,2.6,0.2679010906746397
0.1,0.4,0.9,2.6,0.2680219308793003
0.1,0.5,0.9,2.8,0.268359532365289
0.3,0.2,0.1,2.0,0.268812419606366
0.1,0.9,0.1,2.4,0.2690265712669068
0.7,0.1,0.1,2.4,0.269263963889002
0.5,0.4,0.1,2.8,0.2695501224556231
0.4,0.5,0.1,2.8,0.2695676814714691
0.1,0.6,0.1,2.0,0.26980369692623996
0.1,0.2,0.8,2.8,0.2698257459150435
0.4,0.1,0.1,2.0,0.27019923162343124
0.2,0.5,0.1,2.2,0.2713208090703681
0.9,0.6,0.2,1.4,0.2715105443258999
0.3,0.2,0.9,2.8,0.27254425845293384
0.8,0.9,0.2,1.6,0.2725944426717622
0.1,0.1,0.8,2.6,0.2727448512554286
0.7,0.2,0.1,2.6,0.2735261138498774
0.6,0.8,0.2,1.0,0.2738607868175137
0.2,0.3,0.9,2.8,0.27418638635083314
0.1,0.8,0.1,2.2,0.27439449134113103
0.1,0.1,0.1,1.4,0.27473204975361726
0.3,0.1,0.1,1.8,0.2748378929373784
0.1,0.3,0.1,1.6,0.2756377246943865
0.9,0.2,0.1,2.8,0.27569993668347487
0.3,0.1,0.9,2.6,0.275982555628657
0.2,0.2,0.9,2.6,0.27613445717724855
0.2,0.4,0.1,2.0,0.2766013472675765
0.2,0.1,0.1,1.6,0.2767387707917445
0.9,0.9,0.2,1.8,0.27722707986824335
0.2,0.9,0.1,2.8,0.27740538374979107
0.2,0.1,0.9,2.4,0.277684693261096
0.8,0.6,0.2,1.2,0.27788670521554476
0.1,0.5,0.1,1.8,0.277994695027419
0.8,0.4,0.2,1.0,0.27829976899797204
0.4,0.1,0.9,2.8,0.2783559505513745
0.7,0.8,0.2,1.2,0.27880781618260525
0.2,0.8,0.1,2.6,0.27920906823744335
0.7,0.3,0.1,2.8,0.2795267039158931
0.3,0.6,0.1,2.6,0.28027510232218183
0.3,0.7,0.1,2.8,0.2803287466974539
0.6,0.1,0.1,2.2,0.280648655835788
0.1,0.7,0.1,2.0,0.2811677387603783
0.3,0.5,0.1,2.4,0.2813767584751724
0.6,0.2,0.1,2.4,0.281894199716568
0.8,0.8,0.2,1.4,0.281953095006879
0.2,0.7,0.1,2.4,0.2820594792831275
0.7,0.6,0.2,1.0,0.2823105964967708
0.8,0.1,0.1,2.4,0.2827520458087017
0.9,0.8,0.2,1.6,0.2829638747012605
0.9,0.3,0.2,1.0,0.2830853814183591
0.2,0.3,0.1,1.8,0.2838591237197483
0.3,0.4,0.1,2.2,0.2839017686349253
0.6,0.9,0.2,1.0,0.2842546019030879
0.1,0.9,0.1,2.2,0.28473058550430674
0.6,0.3,0.1,2.6,0.28503397200471486
0.1,0.4,0.9,2.8,0.2850538023536576
0.9,0.5,0.2,1.2,0.2850945419293044
0.1,0.1,0.9,2.2,0.2856195041696212
0.1,0.3,0.9,2.6,0.2857050358226161
0.1,0.2,0.9,2.4,0.28596813093037726
0.2,0.6,0.1,2.2,0.2861910950247018
0.8,0.2,0.1,2.6,0.2878714409276561
0.3,0.3,0.1,2.0,0.28818658252586876
0.1,0.4,0.1,1.6,0.288355379513027
0.4,0.4,0.1,2.4,0.2883708477608917
0.5,0.2,0.1,2.2,0.28842673705208854
0.5,0.3,0.1,2.4,0.2884833493763121
0.1,0.2,0.1,1.4,0.2884872154039728
0.4,0.5,0.1,2.6,0.28870049890849003
0.4,0.3,0.1,2.2,0.2896118998052319
0.1,0.6,0.1,1.8,0.28966303458525705
0.6,0.4,0.1,2.8,0.28975256903999996
0.5,0.4,0.1,2.6,0.2902708123366796
0.4,0.6,0.1,2.8,0.2903077616177271
0.5,0.1,0.1,2.0,0.290485746032848
0.1,0.8,0.1,2.0,0.29180528675893713
0.2,0.5,0.1,2.0,0.29189939646087043
0.1,0.1,0.8,2.8,0.29198668430610775
0.7,0.9,0.2,1.2,0.29216716139876714
0.9,0.7,0.2,1.4,0.2922081227005242
0.2,0.9,0.1,2.6,0.29241908188890003
0.4,0.2,0.1,2.0,0.292789539366428
0.5,0.5,0.1,2.8,0.2934791653433534
0.2,0.2,0.1,1.6,0.2935986387276936
0.3,0.2,0.1,1.8,0.29466232977426726
0.8,0.3,0.1,2.8,0.2948643089104929
0.9,0.1,0.1,2.4,0.29513474494250497
0.8,0.7,0.2,1.2,0.29539628681859437
0.2,0.8,0.1,2.4,0.2957089985280411
0.2,0.2,0.9,2.8,0.2960070472656149
0.7,0.7,0.2,1.0,0.2964979124257503
0.8,0.5,0.2,1.0,0.2967393126578688
0.7,0.1,0.1,2.2,0.2968113454182129
0.3,0.8,0.1,2.8,0.2970156495066888
0.3,0.7,0.1,2.6,0.2974819588112233
0.3,0.1,0.9,2.8,0.29762256325868536
0.4,0.1,0.1,1.8,0.2983721271936336
0.8,0.9,0.2,1.4,0.2984145976221358
0.7,0.2,0.1,2.4,0.29886604869022343
0.3,0.6,0.1,2.4,0.29909141927895105
0.2,0.1,0.9,2.6,0.29930289262471654
0.2,0.4,0.1,1.8,0.2995627127122059
0.2,0.7,0.1,2.2,0.3002695388729959
0.1,0.5,0.1,1.6,0.30029048611643655
0.1,0.7,0.1,1.8,0.3005764504999405
0.9,0.2,0.1,2.6,0.3010630871711245
0.1,0.3,0.1,1.4,0.30144815108321804
0.1,0.9,0.1,2.0,0.3017291965265205
0.3,0.5,0.1,2.2,0.3021098104850759
0.9,0.9,0.2,1.6,0.3025542001004466
0.7,0.3,0.1,2.6,0.3029651925495645
0.3,0.1,0.1,1.6,0.3038957604517016
0.1,0.3,0.9,2.8,0.3039731547041622
0.1,0.1,0.1,1.2,0.3049195922166474
0.9,0.4,0.2,1.0,0.3049455811732107
0.1,0.2,0.9,2.6,0.3057601383377237
0.9,0.6,0.2,1.2,0.3060342678549877
0.2,0.6,0.1,2.0,0.3063897187515459
0.2,0.1,0.1,1.4,0.3064983208403719
0.3,0.4,0.1,2.0,0.30687132928213295
0.1,0.1,0.9,2.4,0.307141116188045
0.6,0.2,0.1,2.2,0.3082932440046119
0.2,0.9,0.1,2.4,0.3085643633114809
0.7,0.4,0.1,2.8,0.30877995759650617
0.9,0.3,0.1,2.8,0.30899791151683015
0.6,0.3,0.1,2.4,0.3092105725593874
0.4,0.6,0.1,2.6,0.30929851370825434
0.4,0.5,0.1,2.4,0.3094851124084923
0.6,0.1,0.1,2.0,0.3096638523214484
0.2,0.3,0.1,1.6,0.30967512855342083
0.7,0.8,0.2,1.0,0.3097568205945098
0.4,0.7,0.1,2.8,0.31037013665314334
0.1,0.8,0.1,1.8,0.31074671690097144
0.4,0.4,0.1,2.2,0.3112243332133305
0.1,0.6,0.1,1.6,0.31143969495736507
0.8,0.1,0.1,2.2,0.31179237552911965
0.8,0.8,0.2,1.2,0.3119814066930159
0.6,0.4,0.1,2.6,0.31200805183609387
0.9,0.8,0.2,1.4,0.312086478333866
0.5,0.4,0.1,2.4,0.31288729420428346
0.3,0.9,0.1,2.8,0.31289061000799934
0.5,0.3,0.1,2.2,0.3132746703760366
0.2,0.8,0.1,2.2,0.31353260919954834
0.1,0.4,0.1,1.4,0.31359158736015696
0.3,0.3,0.1,1.8,0.3138041043267071
0.3,0.8,0.1,2.6,0.31387839782299254
0.5,0.5,0.1,2.6,0.31421187390975025
0.8,0.6,0.2,1.0,0.3142654097830457
0.2,0.5,0.1,1.8,0.3144390237474162
0.8,0.2,0.1,2.4,0.3146277517009546
0.4,0.3,0.1,2.0,0.3148847101462448
0.5,0.2,0.1,2.0,0.31576834442083124
0.3,0.7,0.1,2.4,0.3159988246300257
0.6,0.5,0.1,2.8,0.31635663847481055
0.5,0.6,0.1,2.8,0.3169316685465319
0.1,0.2,0.1,1.2,0.3180384921259298
0.3,0.6,0.1,2.2,0.3195136928658651
0.8,0.3,0.1,2.6,0.31965752742812376
0.2,0.7,0.1,2.0,0.32004210405423256
0.1,0.9,0.1,1.8,0.3201958774967408
0.2,0.1,0.9,2.8,0.3207306724467394
0.5,0.1,0.1,1.8,0.3208727959404235
0.4,0.2,0.1,1.8,0.3209380267047978
0.1,0.7,0.1,1.6,0.3218146775745648
0.7,0.9,0.2,1.0,0.32208821593503856
0.2,0.2,0.1,1.4,0.32289766806152626
0.3,0.2,0.1,1.6,0.32346944116554815
0.3,0.5,0.1,2.0,0.3247525511354939
0.2,0.4,0.1,1.6,0.32489849333686466
0.1,0.5,0.1,1.4,0.32491480046669086
0.1,0.2,0.9,2.8,0.3253944969036368
0.9,0.1,0.1,2.2,0.3255831548785194
0.2,0.9,0.1,2.2,0.32597578334987964
0.9,0.5,0.2,1.0,0.3260022826532505
0.9,0.7,0.2,1.2,0.3261082201817439
0.8,0.4,0.1,2.8,0.32654210002076295
0.7,0.2,0.1,2.2,0.32695461562257583
0.8,0.9,0.2,1.2,0.3275941683398938
0.7,0.1,0.1,2.0,0.3276405848885041
0.2,0.6,0.1,1.8,0.32845202622861625
0.1,0.1,0.9,2.6,0.3284818531058143
0.7,0.3,0.1,2.4,0.3287302325403441
0.4,0.7,0.1,2.6,0.3291312718779475
0.9,0.2,0.1,2.4,0.32916019984036793
0.3,0.9,0.1,2.6,0.3294188542811436
0.4,0.8,0.1,2.8,0.32963913795134586
0.4,0.6,0.1,2.4,0.32986419452178783
0.4,0.1,0.1,1.6,0.3300050311074497
0.1,0.3,0.1,1.2,0.3302983221366951
0.8,0.7,0.2,1.0,0.3308067272975146
0.9,0.9,0.2,1.4,0.33103802570875146
0.1,0.8,0.1,1.6,0.33143824488454326
0.3,0.8,0.1,2.4,0.3320417735858883
0.4,0.5,0.1,2.2,0.3321310047189826
0.3,0.4,0.1,1.8,0.3321372976222608
0.7,0.4,0.1,2.6,0.332539365624014
0.2,0.8,0.1,2.0,0.33284734316433134
0.9,0.3,0.1,2.6,0.3350791141042538
0.1,0.6,0.1,1.4,0.33543092781617645
0.6,0.3,0.1,2.2,0.3358366793739645
0.3,0.7,0.1,2.2,0.33604462992331097
0.4,0.4,0.1,2.0,0.3362994192931734
0.6,0.4,0.1,2.4,0.3363328941759357
0.3,0.1,0.1,1.4,0.33662420312100716
0.5,0.5,0.1,2.4,0.3367580480540335
0.5,0.6,0.1,2.6,0.3375559282822622
0.6,0.2,0.1,2.0,0.3376217527800048
0.5,0.4,0.1,2.2,0.33765076572585495
0.7,0.5,0.1,2.8,0.3380363678093454
0.2,0.3,0.1,1.4,0.33840848417913544
0.6,0.5,0.1,2.6,0.33868971087555305
0.1,0.1,0.1,1.0,0.33920055183397085
0.2,0.5,0.1,1.6,0.3392284721590015
0.5,0.7,0.1,2.8,0.3397243750576988
0.2,0.1,0.1,1.2,0.34014083968909786
0.1,0.9,0.1,1.6,0.34034105684428223
0.5,0.3,0.1,2.0,0.34063360918951885
0.2,0.7,0.1,1.8,0.3415885680941516
0.1,0.4,0.1,1.2,0.34169982304539903
0.3,0.6,0.1,2.0,0.3417504333396191
0.3,0.3,0.1,1.6,0.3422195662188714
0.6,0.1,0.1,1.8,0.3422262679897347
0.6,0.6,0.1,2.8,0.34256847973875915
0.4,0.3,0.1,1.8,0.34284013084828335
0.9,0.4,0.1,2.8,0.3429920179203651
0.8,0.2,0.1,2.2,0.34433917245223516
0.8,0.1,0.1,2.0,0.34435753297962385
0.2,0.9,0.1,2.0,0.3448128807162633
0.1,0.7,0.1,1.4,0.3451648314242237
0.9,0.8,0.2,1.2,0.3452093344230324
0.9,0.6,0.2,1.0,0.346117826196623
0.5,0.2,0.1,1.8,0.3462176134370253
0.8,0.8,0.2,1.0,0.34632302197614173
0.8,0.3,0.1,2.4,0.34695506591662173
0.3,0.9,0.1,2.4,0.34718875775546026
0.4,0.9,0.1,2.8,0.3480317011340926
0.4,0.8,0.1,2.6,0.34809951476274037
0.4,0.7,0.1,2.4,0.3493926279506306
0.3,0.5,0.1,1.8,0.3495722717067705
0.1,0.1,0.9,2.8,0.3496202662278412
0.1,0.2,0.1,1.0,0.35142860487286776
0.3,0.8,0.1,2.2,0.3516618771691023
0.8,0.4,0.1,2.6,0.3517596935238481
0.4,0.6,0.1,2.2,0.35220068270215826
0.1,0.5,0.1,1.2,0.35225993594747584
0.4,0.2,0.1,1.6,0.3523707977284326
0.2,0.6,0.1,1.6,0.3526493583891885
0.2,0.4,0.1,1.4,0.35298886476639263
0.2,0.8,0.1,1.8,0.353853778156169
0.1,0.8,0.1,1.4,0.3541495858506863
0.5,0.1,0.1,1.6,0.35507593858147063
0.3,0.2,0.1,1.4,0.35573941671290976
0.2,0.2,0.1,1.2,0.35584468751309645
0.4,0.5,0.1,2.0,0.3568876415591397
0.7,0.3,0.1,2.2,0.3571550148535026
0.3,0.7,0.1,2.0,0.3578154329604846
0.7,0.2,0.1,2.0,0.3582227661601861
0.8,0.5,0.1,2.8,0.35839346623227913
0.7,0.4,0.1,2.4,0.3585469378301754
0.9,0.1,0.1,2.0,0.35979440365057724
0.5,0.6,0.1,2.4,0.3599104511662453
0.3,0.4,0.1,1.6,0.36004873117350633
0.5,0.7,0.1,2.6,0.36013674508844473
0.9,0.2,0.1,2.2,0.36041570348098456
0.8,0.9,0.2,1.0,0.36080061987103135
0.5,0.5,0.1,2.2,0.3613519501511398
0.5,0.8,0.1,2.8,0.3617106027759077
0.7,0.5,0.1,2.6,0.3619540269115524
0.1,0.6,0.1,1.2,0.3620074464836137
0.7,0.1,0.1,1.8,0.36231919633733534
0.1,0.9,0.1,1.4,0.36242359944237257
0.1,0.3,0.1,1.0,0.36275732140991535
0.6,0.5,0.1,2.4,0.36300687101157936
0.6,0.4,0.1,2.2,0.3630076554509772
0.9,0.9,0.2,1.2,0.36326508478292285
0.9,0.3,0.1,2.4,0.36384066555512506
0.4,0.4,0.1,1.8,0.3639192261751524
0.6,0.6,0.1,2.6,0.36484315410738216
0.5,0.4,0.1,2.0,0.36486197775480494
0.2,0.7,0.1,1.6,0.3651651557463076
0.9,0.7,0.2,1.0,0.36519244659559574
0.2,0.9,0.1,1.8,0.36526683580225966
0.6,0.3,0.1,2.0,0.3652743972035908
0.4,0.1,0.1,1.4,0.36572656696384626
0.3,0.6,0.1,1.8,0.36605173548932085
0.4,0.9,0.1,2.6,0.36613551284487306
0.3,0.9,0.1,2.2,0.3663483154669581
0.2,0.5,0.1,1.4,0.36662281167346783
0.7,0.6,0.1,2.8,0.3670179245689719
0.4,0.8,0.1,2.4,0.36798864750399757
0.6,0.7,0.1,2.8,0.36817209003129314
0.9,0.4,0.1,2.6,0.36960909839935085
0.6,0.2,0.1,1.8,0.37035542482764194
0.2,0.3,0.1,1.2,0.370571736551436
0.5,0.3,0.1,1.8,0.37095305262529715
0.1,0.7,0.1,1.2,0.37097930015343733
0.4,0.7,0.1,2.2,0.3713378134571807
0.3,0.8,0.1,2.0,0.37292380326047814
0.1,0.4,0.1,1.0,0.3732107349131882
0.3,0.1,0.1,1.2,0.37372096037705976
0.3,0.3,0.1,1.4,0.37389882760625326
0.4,0.3,0.1,1.6,0.3739049753573667
0.4,0.6,0.1,2.0,0.37654082031059377
0.2,0.8,0.1,1.6,0.3767950759010846
0.3,0.5,0.1,1.6,0.3768937607341194
0.8,0.3,0.1,2.2,0.3771247819906177
0.9,0.5,0.1,2.8,0.37735014988063964
0.8,0.2,0.1,2.0,0.37748154320303956
0.2,0.1,0.1,1.0,0.37844416943662407
0.6,0.1,0.1,1.6,0.37897412542759207
0.1,0.8,0.1,1.2,0.37921759671207783
0.2,0.6,0.1,1.4,0.37931513457246946
0.8,0.4,0.1,2.4,0.37940722278843014
0.5,0.2,0.1,1.6,0.38029837920877085
0.8,0.1,0.1,1.8,0.38107431394321245
0.3,0.7,0.1,1.8,0.38154622016331596
0.5,0.8,0.1,2.6,0.38182480997431345
0.5,0.7,0.1,2.4,0.3821971500511032
0.5,0.9,0.1,2.8,0.382778994818477
0.1,0.5,0.1,1.0,0.3828241103079206
0.9,0.8,0.2,1.0,0.383161421824224
0.8,0.5,0.1,2.6,0.38386332475588353
0.4,0.5,0.1,1.8,0.38405520445972025
0.5,0.6,0.1,2.2,0.38421379786134846
0.2,0.4,0.1,1.2,0.38430914536675637
0.4,0.9,0.1,2.4,0.3856005928571295
0.1,0.9,0.1,1.2,0.3867672208170687
0.3,0.9,0.1,2.0,0.3870730099878075
0.7,0.4,0.1,2.2,0.3871149760870441
0.2,0.9,0.1,1.6,0.3875695415648428
0.4,0.2,0.1,1.4,0.38766486474766365
0.7,0.5,0.1,2.4,0.3880337874459577
0.5,0.5,0.1,2.0,0.38827320924381387
0.7,0.3,0.1,2.0,0.38864326097198354
0.6,0.6,0.1,2.4,0.3890137966480875
0.4,0.8,0.1,2.2,0.38947918524295005
0.6,0.5,0.1,2.2,0.38956981460266477
0.8,0.6,0.1,2.8,0.3901175611780377
0.6,0.7,0.1,2.6,0.3902686612962102
0.7,0.6,0.1,2.6,0.3909436071496461
0.3,0.4,0.1,1.4,0.3910363425026188
0.2,0.7,0.1,1.4,0.3910866858065252
0.1,0.6,0.1,1.0,0.3916401764546117
0.3,0.2,0.1,1.2,0.3921103420072448
0.6,0.4,0.1,2.0,0.39236940004623116
0.3,0.6,0.1,1.6,0.39272111549315025
0.6,0.8,0.1,2.8,0.3929877599868008
0.2,0.2,0.1,1.0,0.39315078446516594
0.7,0.2,0.1,1.8,0.3932017774652822
0.5,0.1,0.1,1.4,0.39381086582189406
0.4,0.4,0.1,1.6,0.3944782086093643
0.5,0.4,0.1,1.8,0.3948848760111162
0.4,0.7,0.1,2.0,0.3951848119333608
0.9,0.2,0.1,2.0,0.3953514896031782
0.7,0.7,0.1,2.8,0.39547743428700594
0.9,0.3,0.1,2.2,0.39568622044326585
0.3,0.8,0.1,1.8,0.3960493364679151
0.2,0.5,0.1,1.2,0.3970654436069934
0.6,0.3,0.1,1.8,0.3979655423065875
0.9,0.1,0.1,1.8,0.39845576059695464
0.9,0.4,0.1,2.4,0.3988384462546286
0.1,0.7,0.1,1.0,0.39970609097997706
0.9,0.9,0.2,1.0,0.3999911957473733
0.7,0.1,0.1,1.6,0.4015613835930816
0.2,0.8,0.1,1.4,0.4019701144417638
0.5,0.9,0.1,2.6,0.4025254179501925
0.4,0.6,0.1,1.8,0.4031642705839778
0.5,0.8,0.1,2.4,0.40350728232769184
0.9,0.5,0.1,2.6,0.4043244812723565
0.5,0.3,0.1,1.6,0.40471626017801604
0.5,0.7,0.1,2.2,0.40610981212975
0.4,0.1,0.1,1.2,0.4063389260481224
0.4,0.9,0.1,2.2,0.40658987171573496
0.2,0.3,0.1,1.0,0.4068187453210475
0.1,0.8,0.1,1.0,0.40707108119872365
0.6,0.2,0.1,1.6,0.4070854952018133
0.3,0.5,0.1,1.4,0.4071170115702416
0.3,0.7,0.1,1.6,0.40752198502094145
0.4,0.3,0.1,1.4,0.4086093551876048
0.2,0.6,0.1,1.2,0.4088655161239039
0.3,0.3,0.1,1.2,0.40942744558517036
0.3,0.9,0.1,1.8,0.40957313122200967
0.8,0.4,0.1,2.2,0.40983080643628417
0.8,0.3,0.1,2.0,0.4106144677511019
0.5,0.6,0.1,2.0,0.4107262327360476
0.8,0.5,0.1,2.4,0.41167863574250146
0.9,0.6,0.1,2.8,0.41175434410919987
0.2,0.9,0.1,1.4,0.41200623607990045
0.4,0.8,0.1,2.0,0.41277594603713524
0.1,0.9,0.1,1.0,0.4137846760232564
0.4,0.5,0.1,1.6,0.41399919047128736
0.6,0.7,0.1,2.4,0.41417243277771015
0.8,0.2,0.1,1.8,0.414644678590845
0.6,0.8,0.1,2.6,0.4148037197601249
0.6,0.6,0.1,2.2,0.41532430484868454
0.8,0.6,0.1,2.6,0.4156772545600438
0.3,0.1,0.1,1.0,0.41608806224344197
0.7,0.5,0.1,2.2,0.4165673950876576
0.6,0.9,0.1,2.8,0.4168724148673456
0.7,0.6,0.1,2.4,0.41694020904558043
0.5,0.5,0.1,1.8,0.4178591360684692
0.7,0.4,0.1,2.0,0.41862015143321546
0.5,0.2,0.1,1.4,0.41866777327048404
0.6,0.5,0.1,2.0,0.4186918142879167
0.7,0.7,0.1,2.6,0.4192756413456767
0.2,0.4,0.1,1.0,0.419464482707254
0.2,0.7,0.1,1.2,0.4197461437254991
0.6,0.1,0.1,1.4,0.42071858169804655
0.4,0.7,0.1,1.8,0.4211951195264498
0.3,0.8,0.1,1.6,0.4213074158081863
0.8,0.7,0.1,2.8,0.42143934245525194
0.3,0.6,0.1,1.4,0.4221319246168967
0.8,0.1,0.1,1.6,0.4227365859525982
0.7,0.8,0.1,2.8,0.42320192687046077
0.7,0.3,0.1,1.8,0.4236899392565194
0.5,0.9,0.1,2.4,0.4237639011974508
0.6,0.4,0.1,1.8,0.4248275410767806
0.3,0.4,0.1,1.2,0.42563995468465415
0.5,0.8,0.1,2.2,0.4269493098005527
0.4,0.2,0.1,1.2,0.42755209715159925
0.5,0.4,0.1,1.6,0.42816525575388303
0.4,0.4,0.1,1.4,0.42846451832971066
0.4,0.9,0.1,2.0,0.42929657582175657
0.2,0.8,0.1,1.2,0.4297522031868157
0.9,0.4,0.1,2.2,0.43106164818366866
0.9,0.3,0.1,2.0,0.43110949993236125
0.2,0.5,0.1,1.0,0.4311202653970364
0.5,0.7,0.1,2.0,0.4321174892875596
0.4,0.6,0.1,1.6,0.4324109152920751
0.7,0.2,0.1,1.6,0.432555850664334
0.3,0.2,0.1,1.0,0.4334026011778323
0.9,0.5,0.1,2.4,0.4338306062399073
0.3,0.9,0.1,1.6,0.4341037441428962
0.6,0.3,0.1,1.6,0.434456162852774
0.9,0.2,0.1,1.8,0.4346180357349955
0.3,0.7,0.1,1.4,0.4360931015745083
0.5,0.1,0.1,1.2,0.4379973073979476
0.4,0.8,0.1,1.8,0.43812446398128685
0.6,0.9,0.1,2.6,0.43832264077572136
0.6,0.8,0.1,2.4,0.43833934660782226
0.9,0.6,0.1,2.6,0.43891390758099824
0.2,0.9,0.1,1.2,0.43893355052712163
0.5,0.6,0.1,1.8,0.4397609319056413
0.6,0.7,0.1,2.2,0.440110803930506
0.3,0.5,0.1,1.2,0.440742376143729
0.2,0.6,0.1,1.0,0.4418295965485735
0.8,0.5,0.1,2.2,0.4421636266467684
0.9,0.1,0.1,1.6,0.44244326508605464
0.5,0.3,0.1,1.4,0.4425261758275823
0.8,0.4,0.1,2.0,0.44344970005405593
0.8,0.6,0.1,2.4,0.44349035762335387
0.6,0.6,0.1,2.0,0.4440657760865198
0.7,0.7,0.1,2.4,0.44505092194128504
0.7,0.6,0.1,2.2,0.4452796982289618
0.9,0.7,0.1,2.8,0.44590651072584114
0.7,0.1,0.1,1.4,0.44628140204642125
0.5,0.9,0.1,2.2,0.4466741835157039
0.7,0.8,0.1,2.6,0.4467535675440091
0.8,0.7,0.1,2.6,0.44693890382186724
0.4,0.5,0.1,1.4,0.4471706922776554
0.4,0.3,0.1,1.2,0.44762232765960697
0.7,0.5,0.1,2.0,0.4479052814377168
0.8,0.3,0.1,1.8,0.44797596187518984
0.6,0.2,0.1,1.4,0.4485581756411133
0.3,0.8,0.1,1.4,0.44902867427952997
0.3,0.3,0.1,1.0,0.44955511444509116
0.4,0.7,0.1,1.6,0.44968616259690547
0.7,0.9,0.1,2.8,0.4500146763158991
0.5,0.5,0.1,1.6,0.4505215142845514
0.6,0.5,0.1,1.8,0.4507519246833273
0.2,0.7,0.1,1.0,0.45164333483871594
0.8,0.8,0.1,2.8,0.45211425004027395
0.5,0.8,0.1,2.0,0.45237800188358285
0.4,0.1,0.1,1.0,0.4528864354174238
0.7,0.4,0.1,1.8,0.45352194709566884
0.4,0.9,0.1,1.8,0.45395229107688645
0.3,0.6,0.1,1.2,0.4547506695083637
0.8,0.2,0.1,1.6,0.4565705288549956
0.5,0.7,0.1,1.8,0.46051176728098203
0.2,0.8,0.1,1.0,0.46061655200310353
0.6,0.4,0.1,1.6,0.46088560297546327
0.3,0.9,0.1,1.4,0.46097856252881425
0.6,0.9,0.1,2.4,0.46140774938349566
0.5,0.2,0.1,1.2,0.4621643302023557
0.7,0.3,0.1,1.6,0.4629100706752265
0.6,0.8,0.1,2.2,0.46380697501282414
0.3,0.4,0.1,1.0,0.4645486410073735
0.4,0.6,0.1,1.4,0.46469944978143846
0.5,0.4,0.1,1.4,0.4652568182708559
0.4,0.8,0.1,1.6,0.46582261077139064
0.9,0.5,0.1,2.2,0.4662273448588117
0.4,0.4,0.1,1.2,0.46649188689861953
0.9,0.4,0.1,2.0,0.46674304089053414
0.3,0.7,0.1,1.2,0.46769718855675474
0.6,0.7,0.1,2.0,0.4683545430390894
0.6,0.1,0.1,1.2,0.4685101571579595
0.9,0.6,0.1,2.4,0.468514774983077
0.2,0.9,0.1,1.0,0.46880608112133204
0.8,0.1,0.1,1.4,0.47036813132691613
0.9,0.3,0.1,1.8,0.47072222402056674
0.5,0.9,0.1,2.0,0.4714695082141059
0.5,0.6,0.1,1.6,0.471699237777075
0.7,0.8,0.1,2.4,0.4721880053462343
0.4,0.2,0.1,1.0,0.4729788528695725
0.7,0.7,0.1,2.2,0.47305659173106346
0.9,0.7,0.1,2.6,0.4730889535397468
0.7,0.9,0.1,2.6,0.47321803834942655
0.8,0.6,0.1,2.2,0.4738595849749563
0.8,0.7,0.1,2.4,0.4745948552489982
0.6,0.3,0.1,1.4,0.4754311597911266
0.6,0.6,0.1,1.8,0.47558932860281455
0.8,0.5,0.1,2.0,0.4757092526853847
0.7,0.6,0.1,2.0,0.47628759024581335
0.7,0.2,0.1,1.4,0.4771288933971126
0.8,0.8,0.1,2.6,0.47741852086141845
0.3,0.5,0.1,1.0,0.47840731604729975
0.9,0.2,0.1,1.6,0.4790387903013338
0.9,0.8,0.1,2.8,0.4795339481103001
0.3,0.8,0.1,1.2,0.47962615107876755
0.5,0.8,0.1,1.8,0.4800658257521501
0.8,0.4,0.1,1.8,0.4807777679758163
0.4,0.9,0.1,1.6,0.48083793913264183
0.4,0.7,0.1,1.4,0.48104853438600575
0.8,0.9,0.1,2.8,0.4819317872138788
0.7,0.5,0.1,1.8,0.4824730201515018
0.4,0.5,0.1,1.2,0.4841352579620535
0.5,0.3,0.1,1.2,0.4851475880020807
0.6,0.5,0.1,1.6,0.4862144136507263
0.6,0.9,0.1,2.2,0.48632648725125255
0.5,0.5,0.1,1.4,0.4867699823899025
0.5,0.1,0.1,1.0,0.4888422655076926
0.8,0.3,0.1,1.6,0.48989893755665676
0.3,0.9,0.1,1.2,0.4905897556199035
0.3,0.6,0.1,1.0,0.4911711007163756
0.6,0.8,0.1,2.0,0.49145899392809833
0.5,0.7,0.1,1.6,0.4916470560927312
0.4,0.3,0.1,1.0,0.491804356799763
0.7,0.4,0.1,1.6,0.4923881333464654
0.9,0.1,0.1,1.4,0.4928951301653107
0.6,0.2,0.1,1.2,0.4957322582700381
0.4,0.8,0.1,1.4,0.4962367404021899
0.7,0.1,0.1,1.2,0.4976731826262707
0.7,0.9,0.1,2.4,0.49821140740177167
0.5,0.9,0.1,1.8,0.4984055428042126
0.6,0.7,0.1,1.8,0.49922945283091413
0.7,0.8,0.1,2.2,0.49974126891044324
0.4,0.6,0.1,1.2,0.5005538269731731
0.9,0.6,0.1,2.2,0.5008928850085345
0.6,0.4,0.1,1.4,0.5011717663337492
0.9,0.5,0.1,2.0,0.5019492076850346
0.9,0.7,0.1,2.4,0.502614756082576
0.3,0.7,0.1,1.0,0.5028911136149699
0.7,0.7,0.1,2.0,0.5035949485487392
0.8,0.2,0.1,1.4,0.5042084833441239
0.8,0.7,0.1,2.2,0.5046892291002767
0.8,0.8,0.1,2.4,0.5047796726033603
0.9,0.4,0.1,1.8,0.5064546537542268
0.9,0.8,0.1,2.6,0.5065894181969982
0.5,0.4,0.1,1.2,0.5068584671497405
0.8,0.9,0.1,2.6,0.5069221552246043
0.5,0.6,0.1,1.4,0.5070118631723181
0.7,0.3,0.1,1.4,0.5070797096933531
0.8,0.6,0.1,2.0,0.5071484670895082
0.4,0.4,0.1,1.0,0.5093463822729942
0.4,0.9,0.1,1.4,0.5102990467196813
0.6,0.6,0.1,1.6,0.510323589246629
0.5,0.8,0.1,1.6,0.5103435774804645
0.7,0.6,0.1,1.8,0.5103576994764343
0.5,0.2,0.1,1.0,0.5118797413207019
0.9,0.9,0.1,2.8,0.512394177487538
0.8,0.5,0.1,1.8,0.5127923106821934
0.6,0.9,0.1,2.0,0.513314812943925
0.3,0.8,0.1,1.0,0.5136256739260655
0.9,0.3,0.1,1.6,0.5152935851973506
0.4,0.7,0.1,1.2,0.5157705149847357
0.7,0.5,0.1,1.6,0.5207939351415428
0.6,0.8,0.1,1.8,0.5215985561119606
0.6,0.3,0.1,1.2,0.5217644318288448
0.8,0.4,0.1,1.6,0.5224533409368092
0.3,0.9,0.1,1.0,0.5234370809123703
0.6,0.1,0.1,1.0,0.5237399614576138
0.7,0.9,0.1,2.2,0.5252150265805535
0.8,0.1,0.1,1.2,0.5253175749448517
0.4,0.5,0.1,1.0,0.5256151355430067
0.6,0.5,0.1,1.4,0.5256559144942368
0.5,0.7,0.1,1.4,0.5259600315592126
0.5,0.5,0.1,1.2,0.5272453944123603
0.5,0.9,0.1,1.6,0.5277925172702588
0.7,0.2,0.1,1.2,0.5280135419059537
0.9,0.2,0.1,1.4,0.5296751669217397
0.7,0.8,0.1,2.0,0.5296943716229664
0.4,0.8,0.1,1.2,0.5298246813513328
0.6,0.7,0.1,1.6,0.5331322549472937
0.5,0.3,0.1,1.0,0.5335695516667219
0.8,0.9,0.1,2.4,0.5338696730253213
0.8,0.8,0.1,2.2,0.5344602392376991
0.9,0.7,0.1,2.2,0.5347973978816739
0.9,0.8,0.1,2.4,0.5358854596605347
0.7,0.4,0.1,1.4,0.5359307433226931
0.9,0.6,0.1,2.0,0.5364532126391138
0.7,0.7,0.1,1.8,0.5370305829261321
0.8,0.3,0.1,1.4,0.5372593938695438
0.8,0.7,0.1,2.0,0.53755952724206
0.9,0.9,0.1,2.6,0.539187724070466
0.4,0.6,0.1,1.0,0.5406419465706098
0.9,0.5,0.1,1.8,0.5415286055560666
0.6,0.9,0.1,1.8,0.5426558193166667
0.4,0.9,0.1,1.2,0.5427675294101251
0.5,0.8,0.1,1.4,0.5436184029567199
0.8,0.6,0.1,1.8,0.5437984022341795
0.5,0.6,0.1,1.2,0.5462890913120091
0.6,0.4,0.1,1.2,0.5464828203181046
0.7,0.6,0.1,1.6,0.5479723225437874
0.6,0.6,0.1,1.4,0.5487990569504037
0.6,0.2,0.1,1.0,0.5498658899255976
0.9,0.4,0.1,1.6,0.5509111595298631
0.9,0.1,0.1,1.2,0.5513240389791975
0.5,0.4,0.1,1.0,0.5538692384766066
0.8,0.5,0.1,1.6,0.5540018431804555
0.4,0.7,0.1,1.0,0.5544739677974788
0.7,0.9,0.1,2.0,0.5544906643367541
0.6,0.8,0.1,1.6,0.5545941497561011
0.7,0.3,0.1,1.2,0.5571958103700662
0.7,0.1,0.1,1.0,0.5573333028451157
0.8,0.2,0.1,1.2,0.5587978918989877
0.5,0.9,0.1,1.4,0.5600121030282279
0.7,0.8,0.1,1.8,0.5623854190253352
0.8,0.9,0.1,2.2,0.5630188051892708
0.7,0.5,0.1,1.4,0.5635208405821626
0.5,0.7,0.1,1.2,0.5639973096696562
0.9,0.3,0.1,1.4,0.5658074505018146
0.8,0.8,0.1,2.0,0.5667734723360428
0.4,0.8,0.1,1.0,0.5671694475983012
0.9,0.8,0.1,2.2,0.5677139741674132
0.9,0.9,0.1,2.4,0.5681167294178795
0.8,0.4,0.1,1.4,0.5692816976355628
0.6,0.5,0.1,1.2,0.5698043104794414
0.9,0.7,0.1,2.0,0.5700132566774251
0.6,0.7,0.1,1.4,0.5705526820747305
0.5,0.5,0.1,1.0,0.5727687882676586
0.8,0.7,0.1,1.8,0.5736140027242012
0.7,0.7,0.1,1.6,0.5738085390448271
0.6,0.3,0.1,1.0,0.5745937040683827
0.6,0.9,0.1,1.6,0.5746932353004336
0.9,0.6,0.1,1.8,0.575689537469205
0.4,0.9,0.1,1.0,0.5787937025659503
0.5,0.8,0.1,1.2,0.5803994609412272
0.8,0.6,0.1,1.6,0.5843520865784441
0.7,0.4,0.1,1.2,0.585058194981128
0.9,0.5,0.1,1.6,0.585626734166731
0.7,0.9,0.1,1.8,0.5863527258330958
0.7,0.2,0.1,1.0,0.5866563607109594
0.9,0.2,0.1,1.2,0.5879247102962041
0.8,0.1,0.1,1.0,0.5894071400737967
0.7,0.6,0.1,1.4,0.5897304505415198
0.5,0.6,0.1,1.0,0.5902850282239779
0.6,0.8,0.1,1.4,0.5908998522686163
0.8,0.3,0.1,1.2,0.591191205179543
0.6,0.6,0.1,1.2,0.5916828848082814
0.8,0.9,0.1,2.0,0.5946605715998352
0.5,0.9,0.1,1.2,0.5955414792917174
0.6,0.4,0.1,1.0,0.5978492745937056
0.7,0.8,0.1,1.6,0.5982261008242282
0.9,0.9,0.1,2.2,0.5994527583153213
0.8,0.5,0.1,1.4,0.6000764321966066
0.9,0.4,0.1,1.4,0.6010200347206439
0.8,0.8,0.1,1.8,0.602097126009253
0.9,0.8,0.1,2.0,0.6024242093108699
0.5,0.7,0.1,1.0,0.6064559835913894
0.9,0.7,0.1,1.8,0.60871924069506
0.6,0.9,0.1,1.4,0.6098501979218356
0.7,0.5,0.1,1.2,0.6114817287685913
0.6,0.7,0.1,1.2,0.6121049647616263
0.8,0.7,0.1,1.6,0.6133525728285415
0.7,0.7,0.1,1.4,0.6144796258621912
0.7,0.3,0.1,1.0,0.6145664353086316
0.9,0.6,0.1,1.6,0.6192117536698718
0.6,0.5,0.1,1.0,0.6195960414345104
0.9,0.1,0.1,1.0,0.6197958206394932
0.7,0.9,0.1,1.6,0.6211833781188093
0.5,0.8,0.1,1.0,0.621335542542111
0.8,0.2,0.1,1.0,0.6219955189493269
0.8,0.4,0.1,1.2,0.6222971326940745
0.9,0.3,0.1,1.2,0.6235477138341102
0.8,0.9,0.1,1.8,0.6291450820298757
0.8,0.6,0.1,1.4,0.6294864146415984
0.6,0.8,0.1,1.2,0.6310841839819066
0.9,0.9,0.1,2.0,0.6335197847930165
0.5,0.9,0.1,1.0,0.634988670307683
0.9,0.5,0.1,1.4,0.6350775194345855
0.7,0.6,0.1,1.2,0.6363881883078585
0.7,0.8,0.1,1.4,0.6377246385339602
0.6,0.6,0.1,1.0,0.6398299736363741
0.9,0.8,0.1,1.8,0.6404385559975476
0.8,0.8,0.1,1.6,0.6408922695340041
0.7,0.4,0.1,1.0,0.640953098675164
0.6,0.9,0.1,1.2,0.6486560095944901
0.9,0.7,0.1,1.6,0.6514770185932132
0.8,0.5,0.1,1.2,0.6519582421420428
0.8,0.3,0.1,1.0,0.6531951897924229
0.9,0.2,0.1,1.0,0.655674915989241
0.8,0.7,0.1,1.4,0.657396058462702
0.9,0.4,0.1,1.2,0.6579555754511842
0.6,0.7,0.1,1.0,0.6585740101762796
0.7,0.9,0.1,1.4,0.6594535847099234
0.7,0.7,0.1,1.2,0.6597365698933325
0.7,0.5,0.1,1.0,0.6657474832100905
0.8,0.9,0.1,1.6,0.6668986149239633
0.9,0.6,0.1,1.4,0.6677844472989845
0.9,0.9,0.1,1.8,0.6707084373576496
0.6,0.8,0.1,1.0,0.6758724155816319
0.8,0.6,0.1,1.2,0.6800598502731304
0.7,0.8,0.1,1.2,0.6815185106942399
0.9,0.8,0.1,1.6,0.682274170154862
0.8,0.4,0.1,1.0,0.6828565048779014
0.8,0.8,0.1,1.4,0.6837295147401207
0.7,0.6,0.1,1.0,0.6889183546188528
0.9,0.3,0.1,1.0,0.6902301267318393
0.9,0.5,0.1,1.2,0.6909518312871399
0.6,0.9,0.1,1.0,0.6917854065544004
0.9,0.7,0.1,1.4,0.6989870480343067
0.7,0.9,0.1,1.2,0.7017530920936688
0.8,0.7,0.1,1.2,0.7065280888179775
0.8,0.9,0.1,1.4,0.7084473903335559
0.7,0.7,0.1,1.0,0.7104671558272713
0.8,0.5,0.1,1.0,0.7108737186625894
0.9,0.9,0.1,1.6,0.7114954431781623
0.9,0.6,0.1,1.2,0.7223828081875866
0.9,0.4,0.1,1.0,0.7232717385539806
0.9,0.8,0.1,1.4,0.7285732086280161
0.7,0.8,0.1,1.0,0.7304224835733776
0.8,0.8,0.1,1.2,0.7313264924654969
0.8,0.6,0.1,1.0,0.7371826594084377
0.7,0.9,0.1,1.0,0.7488344361915689
0.9,0.7,0.1,1.2,0.7521375810692682
0.8,0.9,0.1,1.2,0.7544514883621339
0.9,0.5,0.1,1.0,0.7546542829205014
0.9,0.9,0.1,1.4,0.7564707423835897
0.8,0.7,0.1,1.0,0.7617569185428559
0.9,0.8,0.1,1.2,0.7801461731244139
0.9,0.6,0.1,1.0,0.7842761386328264
0.8,0.8,0.1,1.0,0.7846029674866205
0.8,0.9,0.1,1.0,0.805754662148491
0.9,0.9,0.1,1.2,0.8063762441547905
0.9,0.7,0.1,1.0,0.8120773406190364
0.9,0.8,0.1,1.0,0.8380358727472081
0.9,0.9,0.1,1.0,0.8621628477295669
